사고번호,사고일시,요일,시군구,사고내용,사망자수,중상자수,경상자수,부상신고자수,사고유형,법규위반,노면상태,기상상태,도로형태,가해운전자 차종,가해운전자 성별,가해운전자 연령,가해운전자 상해정도,피해운전자 차종,피해운전자 성별,피해운전자 연령,피해운전자 상해정도
2018011100100519,2018년 1월 11일 19시,목요일,인천광역시 남동구 남촌동,경상사고,0,0,3,0,차대차 - 측면충돌,안전운전불이행,건조,맑음,단일로 - 기타,화물,남,63세,상해없음,승용,남,62세,경상
2018011100100544,2018년 1월 11일 20시,목요일,인천광역시 서구 석남동,부상신고사고,0,0,0,1,차대차 - 기타,안전운전불이행,건조,맑음,단일로 - 기타,승용,남,51세,상해없음,이륜,남,27세,상해없음
2018011100100644,2018년 1월 11일 23시,목요일,인천광역시 남동구 구월동,부상신고사고,0,0,0,1,차량단독 - 기타,안전운전불이행,건조,맑음,교차로 - 교차로안,이륜,남,32세,부상신고,,,,
2018011200100021,2018년 1월 12일 00시,금요일,인천광역시 미추홀구 주안동,중상사고,0,1,0,0,차대사람 - 횡단중,안전운전불이행,기타,기타,교차로 - 교차로부근,승용,남,63세,상해없음,보행자,남,55세,중상
2018011200100039,2018년 1월 12일 01시,금요일,인천광역시 미추홀구 주안동,경상사고,0,0,1,1,차대차 - 측면충돌,신호위반,건조,맑음,교차로 - 교차로안,기타불명,기타불명,미분류,기타불명,승용,남,65세,부상신고
2018011200100040,2018년 1월 12일 01시,금요일,인천광역시 서구 원당동,경상사고,0,0,1,0,차대차 - 추돌,안전운전불이행,건조,맑음,단일로 - 기타,승합,남,35세,상해없음,승용,남,28세,경상
2018011200100041,2018년 1월 12일 01시,금요일,인천광역시 연수구 옥련동,경상사고,0,0,2,0,차대차 - 추돌,안전운전불이행,건조,맑음,단일로 - 기타,승용,남,53세,상해없음,승용,남,58세,경상
2018011200100050,2018년 1월 12일 02시,금요일,인천광역시 부평구 부평동,사망사고,1,0,0,0,차대사람 - 횡단중,안전운전불이행,건조,맑음,단일로 - 기타,승용,남,34세,상해없음,보행자,남,49세,사망
2018011200100058,2018년 1월 12일 03시,금요일,인천광역시 연수구 연수동,경상사고,0,0,1,0,차대차 - 측면충돌,안전운전불이행,건조,맑음,단일로 - 기타,화물,남,47세,기타불명,승용,남,52세,경상
2018011200100100,2018년 1월 12일 06시,금요일,인천광역시 미추홀구 용현동,경상사고,0,0,1,0,차대사람 - 횡단중,보행자보호의무위반,건조,맑음,교차로 - 교차로부근,승용,남,70세,상해없음,보행자,여,65세,경상
2018011200100101,2018년 1월 12일 06시,금요일,인천광역시 서구 경서동,경상사고,0,0,1,0,차대차 - 추돌,안전운전불이행,건조,맑음,교차로 - 교차로부근,승용,남,54세,기타불명,승합,남,54세,경상
2018011200100125,2018년 1월 12일 07시,금요일,인천광역시 서구 검암동,중상사고,0,1,0,0,차대차 - 기타,안전운전불이행,건조,맑음,단일로 - 기타,승용,여,34세,상해없음,승용,남,52세,중상
2018011200100126,2018년 1월 12일 07시,금요일,인천광역시 계양구 귤현동,사망사고,1,0,0,0,차대사람 - 횡단중,보행자보호의무위반,건조,맑음,교차로 - 교차로횡단보도내,승용,여,60세,상해없음,보행자,남,21세,사망
2018011200100127,2018년 1월 12일 07시,금요일,인천광역시 계양구 장기동,경상사고,0,0,2,0,차대차 - 추돌,안전거리미확보,건조,맑음,단일로 - 고가도로위,승용,여,43세,경상,승용,남,33세,경상
2018011200100169,2018년 1월 12일 08시,금요일,인천광역시 남동구 구월동,경상사고,0,0,1,0,차대차 - 기타,안전거리미확보,기타,맑음,단일로 - 기타,승용,남,38세,상해없음,승용,남,28세,경상
2018011200100170,2018년 1월 12일 08시,금요일,인천광역시 서구 가좌동,경상사고,0,0,1,0,차대차 - 측면충돌,교차로운행방법위반,건조,맑음,교차로 - 교차로안,승용,남,68세,상해없음,승용,남,22세,경상
2018011200100207,2018년 1월 12일 09시,금요일,인천광역시 미추홀구 문학동,경상사고,0,0,3,0,차대차 - 추돌,안전운전불이행,젖음/습기,맑음,단일로 - 기타,승용,남,36세,상해없음,승용,남,45세,경상
2018011200100208,2018년 1월 12일 09시,금요일,인천광역시 부평구 삼산동,경상사고,0,0,1,1,차대사람 - 횡단중,안전운전불이행,건조,맑음,단일로 - 기타,화물,남,50세,상해없음,보행자,여,40세,경상
2018011200100240,2018년 1월 12일 10시,금요일,인천광역시 서구 가정동,중상사고,0,1,0,0,차대차 - 기타,신호위반,건조,맑음,교차로 - 교차로안,화물,남,72세,상해없음,승용,여,42세,중상
2018011200100241,2018년 1월 12일 10시,금요일,인천광역시 남동구 논현동,경상사고,0,0,1,0,차대차 - 측면충돌,신호위반,건조,맑음,교차로 - 교차로안,승합,남,55세,상해없음,승용,남,48세,경상
2018011200100274,2018년 1월 12일 11시,금요일,인천광역시 남동구 구월동,경상사고,0,0,2,0,차대차 - 측면충돌,과속,건조,맑음,단일로 - 기타,화물,남,37세,경상,승용,남,50세,경상
2018011200100275,2018년 1월 12일 11시,금요일,인천광역시 서구 왕길동,중상사고,0,1,0,0,차대차 - 기타,안전운전불이행,젖음/습기,맑음,단일로 - 기타,승용,남,33세,상해없음,이륜,남,32세,중상
2018011200100276,2018년 1월 12일 11시,금요일,인천광역시 남동구 논현동,경상사고,0,0,1,0,차대차 - 추돌,안전운전불이행,건조,맑음,교차로 - 교차로안,건설기계,남,48세,상해없음,승용,여,44세,경상
2018011200100310,2018년 1월 12일 12시,금요일,인천광역시 동구 송림동,경상사고,0,0,3,0,차대차 - 기타,안전운전불이행,건조,맑음,단일로 - 기타,승합,남,47세,상해없음,승합,남,40세,경상
2018011200100311,2018년 1월 12일 12시,금요일,인천광역시 미추홀구 용현동,부상신고사고,0,0,0,1,차대차 - 기타,안전운전불이행,건조,맑음,기타 - 기타,승용,남,69세,상해없음,이륜,남,29세,부상신고
2018011200100345,2018년 1월 12일 13시,금요일,인천광역시 강화군 강화읍,중상사고,0,1,0,0,차대사람 - 횡단중,보행자보호의무위반,건조,맑음,교차로 - 교차로횡단보도내,화물,남,45세,상해없음,보행자,여,35세,중상
2018011200100368,2018년 1월 12일 14시,금요일,인천광역시 미추홀구 용현동,경상사고,0,0,1,0,차대차 - 후진중충돌,안전운전불이행,건조,맑음,교차로 - 교차로부근,승합,남,44세,상해없음,승용,여,66세,경상
2018011200100369,2018년 1월 12일 14시,금요일,인천광역시 남동구 간석동,경상사고,0,0,1,0,차대차 - 측면충돌,안전거리미확보,건조,맑음,단일로 - 기타,승용,남,60세,상해없음,이륜,남,40세,경상
2018011200100370,2018년 1월 12일 14시,금요일,인천광역시 남동구 만수동,경상사고,0,0,1,0,차대사람 - 차도통행중,안전운전불이행,건조,흐림,단일로 - 기타,승용,남,31세,상해없음,보행자,여,17세,경상
2018011200100371,2018년 1월 12일 14시,금요일,인천광역시 연수구 옥련동,경상사고,0,0,1,0,차대차 - 추돌,안전거리미확보,서리/결빙,맑음,단일로 - 기타,화물,남,60세,상해없음,화물,여,49세,경상
2018011200100408,2018년 1월 12일 15시,금요일,인천광역시 미추홀구 주안동,경상사고,0,0,1,0,차대차 - 기타,기타,건조,맑음,단일로 - 기타,승합,남,59세,상해없음,승용,여,48세,상해없음
2018011200100409,2018년 1월 12일 15시,금요일,인천광역시 서구 가좌동,경상사고,0,0,1,0,차대사람 - 횡단중,보행자보호의무위반,건조,맑음,교차로 - 교차로안,화물,남,49세,상해없음,보행자,남,73세,경상
2018011200100410,2018년 1월 12일 15시,금요일,인천광역시 서구 석남동,중상사고,0,1,0,0,차대차 - 측면충돌,안전운전불이행,건조,맑음,단일로 - 기타,화물,남,33세,상해없음,승용,남,59세,중상
2018011200100450,2018년 1월 12일 16시,금요일,인천광역시 중구 운서동,중상사고,0,1,0,0,차대차 - 기타,신호위반,건조,맑음,교차로 - 교차로안,승용,남,60세,상해없음,승용,여,37세,중상
2018011200100451,2018년 1월 12일 16시,금요일,인천광역시 미추홀구 도화동,경상사고,0,0,1,0,차대차 - 기타,안전운전불이행,건조,맑음,단일로 - 기타,이륜,남,81세,경상,승용,남,66세,상해없음
2018011200100452,2018년 1월 12일 16시,금요일,인천광역시 남동구 간석동,경상사고,0,0,1,0,차대차 - 기타,안전운전불이행,건조,맑음,기타 - 기타,이륜,남,35세,경상,승합,남,55세,상해없음
2018011200100453,2018년 1월 12일 16시,금요일,인천광역시 서구 금곡동,경상사고,0,0,2,0,차대차 - 기타,안전운전불이행,건조,맑음,단일로 - 기타,승용,남,46세,경상,승용,남,65세,상해없음
2018011200100483,2018년 1월 12일 17시,금요일,인천광역시 서구 연희동,경상사고,0,0,1,0,차대차 - 측면충돌,안전운전불이행,건조,맑음,단일로 - 기타,승용,남,40세,상해없음,이륜,남,38세,경상
2018011200100484,2018년 1월 12일 17시,금요일,인천광역시 서구 가좌동,경상사고,0,0,1,0,차대차 - 추돌,안전운전불이행,건조,맑음,단일로 - 기타,승용,남,56세,상해없음,승용,여,38세,경상
2018011200100485,2018년 1월 12일 17시,금요일,인천광역시 강화군 강화읍,중상사고,0,1,0,0,차대차 - 기타,안전운전불이행,건조,맑음,단일로 - 기타,승합,남,29세,상해없음,승용,남,49세,중상
2018011200100541,2018년 1월 12일 18시,금요일,인천광역시 미추홀구 도화동,중상사고,0,1,0,0,차대사람 - 횡단중,신호위반,건조,흐림,교차로 - 교차로안,승용,남,47세,상해없음,보행자,여,18세,중상
2018011200100542,2018년 1월 12일 18시,금요일,인천광역시 계양구 계산동,경상사고,0,0,1,0,차대차 - 측면충돌,안전운전불이행,건조,맑음,교차로 - 교차로부근,승용,여,33세,상해없음,승용,여,37세,경상
2018011200100593,2018년 1월 12일 19시,금요일,인천광역시 미추홀구 주안동,경상사고,0,0,1,0,차대차 - 측면충돌,중앙선침범,건조,맑음,교차로 - 교차로안,승용,남,50세,상해없음,승용,여,30세,경상
2018011200100594,2018년 1월 12일 19시,금요일,인천광역시 남동구 간석동,중상사고,0,1,0,0,차대차 - 후진중충돌,안전운전불이행,건조,맑음,단일로 - 기타,승용,남,42세,상해없음,승용,여,56세,상해없음
2018011200100595,2018년 1월 12일 19시,금요일,인천광역시 서구 경서동,경상사고,0,0,1,0,차대사람 - 기타,안전운전불이행,건조,맑음,단일로 - 기타,승용,남,46세,상해없음,보행자,여,57세,경상
2018011200100660,2018년 1월 12일 21시,금요일,인천광역시 부평구 십정동,경상사고,0,0,1,0,차대사람 - 횡단중,보행자보호의무위반,건조,맑음,단일로 - 기타,승용,남,57세,상해없음,보행자,남,40세,경상
2018011200100661,2018년 1월 12일 21시,금요일,인천광역시 부평구 삼산동,중상사고,0,2,0,0,차대사람 - 횡단중,보행자보호의무위반,건조,맑음,단일로 - 기타,승합,남,56세,상해없음,보행자,여,62세,중상
2018011200100662,2018년 1월 12일 21시,금요일,인천광역시 부평구 부평동,경상사고,0,0,2,0,차대차 - 추돌,안전운전불이행,건조,맑음,단일로 - 기타,승용,남,20세,상해없음,승용,남,59세,경상
2018011200100690,2018년 1월 12일 22시,금요일,인천광역시 서구 마전동,경상사고,0,0,1,0,차대차 - 추돌,안전운전불이행,건조,맑음,단일로 - 기타,승용,남,35세,상해없음,승용,남,33세,상해없음
2018011200100691,2018년 1월 12일 22시,금요일,인천광역시 연수구 선학동,경상사고,0,0,1,0,차대차 - 측면충돌,신호위반,건조,맑음,교차로 - 교차로안,승용,여,47세,상해없음,승용,남,42세,경상
2018011200100692,2018년 1월 12일 22시,금요일,인천광역시 남동구 논현동,경상사고,0,0,1,0,차대차 - 측면충돌,안전운전불이행,적설,맑음,단일로 - 기타,승용,남,60세,상해없음,이륜,남,43세,경상
2018011200100718,2018년 1월 12일 23시,금요일,인천광역시 부평구 십정동,경상사고,0,0,1,0,차대차 - 추돌,안전운전불이행,건조,맑음,단일로 - 기타,화물,남,47세,상해없음,승용,남,27세,경상
2018011200100719,2018년 1월 12일 23시,금요일,인천광역시 남동구 구월동,경상사고,0,0,4,0,차대차 - 측면충돌,안전운전불이행,건조,맑음,단일로 - 기타,승용,남,50세,상해없음,승용,남,28세,경상
2018011200100720,2018년 1월 12일 23시,금요일,인천광역시 부평구 삼산동,경상사고,0,0,1,0,차대차 - 측면충돌,안전운전불이행,건조,맑음,단일로 - 기타,승용,남,48세,상해없음,원동기,남,32세,경상
2018011300100056,2018년 1월 13일 01시,토요일,인천광역시 부평구 갈산동,중상사고,0,1,0,0,차대사람 - 횡단중,보행자보호의무위반,건조,맑음,단일로 - 기타,승용,남,55세,상해없음,보행자,남,54세,중상
2018011300100057,2018년 1월 13일 01시,토요일,인천광역시 남동구 간석동,중상사고,0,1,2,0,차량단독 - 기타,안전운전불이행,서리/결빙,기타,단일로 - 지하차도(도로)내,승용,남,56세,상해없음,,,,
2018011300100058,2018년 1월 13일 01시,토요일,인천광역시 남동구 구월동,경상사고,0,0,1,0,차대사람 - 기타,안전운전불이행,건조,맑음,기타 - 기타,기타불명,기타불명,미분류,기타불명,보행자,여,27세,경상
2018011300100059,2018년 1월 13일 01시,토요일,인천광역시 계양구 임학동,중상사고,0,1,1,0,차대차 - 측면충돌,안전거리미확보,건조,맑음,단일로 - 기타,승용,남,24세,상해없음,승합,남,47세,경상
2018011300100096,2018년 1월 13일 03시,토요일,인천광역시 미추홀구 주안동,경상사고,0,0,1,0,차대차 - 측면충돌,안전운전불이행,건조,맑음,교차로 - 교차로안,승용,여,63세,상해없음,승용,남,63세,경상
2018011300100097,2018년 1월 13일 03시,토요일,인천광역시 부평구 청천동,중상사고,0,2,4,0,차대차 - 추돌,안전운전불이행,건조,맑음,교차로 - 교차로부근,화물,남,61세,상해없음,승용,남,34세,경상
2018011300100120,2018년 1월 13일 05시,토요일,인천광역시 남동구 구월동,경상사고,0,0,1,0,차대차 - 측면충돌,안전운전불이행,적설,맑음,단일로 - 기타,승용,남,41세,상해없음,승용,남,61세,경상
2018011300100150,2018년 1월 13일 08시,토요일,인천광역시 서구 공촌동,부상신고사고,0,0,0,1,차대차 - 추돌,안전운전불이행,적설,눈,교차로 - 교차로부근,승용,남,28세,상해없음,승용,남,32세,부상신고
2018011300100173,2018년 1월 13일 09시,토요일,인천광역시 연수구 동춘동,중상사고,0,1,1,0,차대차 - 측면충돌,안전운전불이행,적설,눈,교차로 - 교차로안,승용,여,58세,상해없음,승용,남,70세,경상
2018011300100193,2018년 1월 13일 10시,토요일,인천광역시 서구 왕길동,경상사고,0,0,3,0,차대차 - 측면충돌,안전운전불이행,서리/결빙,맑음,교차로 - 교차로안,승합,남,58세,경상,승용,남,79세,경상
2018011300100274,2018년 1월 13일 13시,토요일,인천광역시 남동구 구월동,경상사고,0,0,1,1,차대차 - 측면충돌,신호위반,건조,맑음,교차로 - 교차로안,화물,남,59세,상해없음,승용,남,72세,경상
2018011300100275,2018년 1월 13일 13시,토요일,인천광역시 서구 심곡동,중상사고,0,2,0,0,차대차 - 기타,안전운전불이행,건조,맑음,교차로 - 교차로부근,승용,남,41세,상해없음,화물,남,47세,중상
2018011300100299,2018년 1월 13일 14시,토요일,인천광역시 중구 을왕동,경상사고,0,0,1,0,차대사람 - 기타,안전운전불이행,건조,맑음,단일로 - 기타,승용,남,56세,상해없음,보행자,여,37세,경상
2018011300100300,2018년 1월 13일 14시,토요일,인천광역시 남동구 논현동,경상사고,0,0,1,0,차대사람 - 차도통행중,안전운전불이행,건조,맑음,단일로 - 기타,승용,남,70세,상해없음,보행자,남,21세,경상
2018011300100334,2018년 1월 13일 16시,토요일,인천광역시 남동구 구월동,경상사고,0,0,2,0,차대차 - 기타,차로위반,건조,맑음,교차로 - 교차로안,화물,남,54세,경상,승용,남,47세,경상
2018011300100408,2018년 1월 13일 18시,토요일,인천광역시 미추홀구 주안동,경상사고,0,0,2,0,차대차 - 측면충돌,안전운전불이행,기타,맑음,교차로 - 교차로안,승용,남,45세,상해없음,화물,남,62세,경상
2018011300100453,2018년 1월 13일 19시,토요일,인천광역시 서구 왕길동,중상사고,0,1,0,0,차대사람 - 기타,안전운전불이행,건조,맑음,교차로 - 교차로부근,화물,남,54세,상해없음,보행자,여,53세,중상
2018011300100454,2018년 1월 13일 19시,토요일,인천광역시 서구 왕길동,중상사고,0,1,0,0,차대차 - 기타,안전운전불이행,건조,맑음,교차로 - 교차로안,승용,남,51세,상해없음,원동기,남,15세,중상
2018011300100490,2018년 1월 13일 20시,토요일,인천광역시 남동구 구월동,중상사고,0,1,0,0,차대사람 - 횡단중,신호위반,젖음/습기,흐림,단일로 - 기타,승용,남,28세,상해없음,보행자,남,11세,중상
2018011300100491,2018년 1월 13일 20시,토요일,인천광역시 계양구 용종동,경상사고,0,0,1,0,차대차 - 추돌,안전운전불이행,젖음/습기,맑음,단일로 - 기타,승합,남,24세,상해없음,승합,남,40세,상해없음
2018011300100492,2018년 1월 13일 20시,토요일,인천광역시 부평구 부평동,경상사고,0,0,1,0,차대차 - 기타,신호위반,건조,맑음,교차로 - 교차로안,승용,남,23세,상해없음,이륜,남,28세,경상
2018011300100516,2018년 1월 13일 21시,토요일,인천광역시 남동구 도림동,사망사고,1,0,0,0,차대차 - 정면충돌,중앙선침범,건조,맑음,단일로 - 기타,승용,남,28세,상해없음,원동기,남,36세,사망
2018011300100538,2018년 1월 13일 22시,토요일,인천광역시 서구 신현동,중상사고,0,1,0,0,차대사람 - 횡단중,안전운전불이행,건조,맑음,교차로 - 교차로안,승용,여,31세,상해없음,보행자,남,47세,중상
2018011300100539,2018년 1월 13일 22시,토요일,인천광역시 서구 심곡동,경상사고,0,0,2,1,차대차 - 기타,안전운전불이행,건조,맑음,교차로 - 교차로안,승용,남,24세,상해없음,승용,남,30세,경상
2018011300100540,2018년 1월 13일 22시,토요일,인천광역시 부평구 삼산동,경상사고,0,0,1,0,차대차 - 후진중충돌,안전운전불이행,건조,맑음,단일로 - 기타,승용,남,54세,상해없음,승용,남,26세,경상
2018011300100563,2018년 1월 13일 23시,토요일,인천광역시 미추홀구 학익동,중상사고,0,1,3,0,차대차 - 추돌,안전운전불이행,건조,맑음,기타 - 기타,승용,남,44세,상해없음,승용,남,44세,경상
2018011300100564,2018년 1월 13일 23시,토요일,인천광역시 서구 연희동,경상사고,0,0,1,0,차대사람 - 기타,안전운전불이행,건조,맑음,단일로 - 기타,승용,남,43세,상해없음,보행자,남,58세,경상
2018011400100042,2018년 1월 14일 01시,일요일,인천광역시 미추홀구 주안동,부상신고사고,0,0,0,1,차대사람 - 길가장자리구역통행중,안전운전불이행,건조,맑음,기타 - 기타,화물,남,50세,상해없음,보행자,남,42세,부상신고
2018011400100064,2018년 1월 14일 02시,일요일,인천광역시 남동구 구월동,중상사고,0,1,1,0,차대차 - 정면충돌,신호위반,건조,흐림,교차로 - 교차로안,승용,남,51세,상해없음,승용,남,36세,중상
2018011400100091,2018년 1월 14일 04시,일요일,인천광역시 남동구 간석동,중상사고,0,1,0,0,차대사람 - 차도통행중,안전운전불이행,젖음/습기,흐림,단일로 - 기타,승용,남,65세,상해없음,보행자,남,70세,중상
2018011400100092,2018년 1월 14일 04시,일요일,인천광역시 남동구 간석동,경상사고,0,0,1,0,차대사람 - 기타,안전운전불이행,건조,흐림,단일로 - 기타,기타불명,기타불명,미분류,기타불명,보행자,여,43세,경상
2018011400100093,2018년 1월 14일 04시,일요일,인천광역시 연수구 송도동,경상사고,0,0,1,0,차대차 - 측면충돌,차로위반,건조,흐림,교차로 - 교차로부근,승용,남,36세,상해없음,승용,여,27세,경상
2018011400100124,2018년 1월 14일 08시,일요일,인천광역시 동구 송림동,사망사고,1,0,0,0,차대사람 - 횡단중,신호위반,젖음/습기,맑음,단일로 - 기타,승용,남,48세,상해없음,보행자,여,90세 이상,사망
2018011400100151,2018년 1월 14일 10시,일요일,인천광역시 부평구 청천동,경상사고,0,0,2,0,차대차 - 기타,신호위반,건조,맑음,교차로 - 교차로안,승용,여,34세,상해없음,승용,남,27세,경상
2018011400100164,2018년 1월 14일 11시,일요일,인천광역시 연수구 선학동,경상사고,0,0,2,0,차대차 - 추돌,안전운전불이행,건조,맑음,단일로 - 기타,승용,남,54세,상해없음,승용,남,28세,경상
2018011400100185,2018년 1월 14일 12시,일요일,인천광역시 중구 운서동,중상사고,0,1,1,0,차대차 - 측면충돌,신호위반,건조,맑음,교차로 - 교차로안,승용,남,47세,경상,승용,남,43세,중상
2018011400100238,2018년 1월 14일 14시,일요일,인천광역시 서구 마전동,경상사고,0,0,2,0,차대차 - 추돌,안전운전불이행,건조,맑음,교차로 - 교차로부근,승용,남,53세,상해없음,승용,남,43세,경상
2018011400100273,2018년 1월 14일 16시,일요일,인천광역시 미추홀구 주안동,경상사고,0,0,1,0,차대차 - 측면충돌,안전운전불이행,건조,맑음,단일로 - 기타,화물,남,58세,상해없음,승용,남,27세,경상
2018011400100274,2018년 1월 14일 16시,일요일,인천광역시 계양구 계산동,경상사고,0,0,3,0,차대차 - 측면충돌,안전운전불이행,건조,맑음,교차로 - 교차로안,승용,남,48세,상해없음,승용,남,45세,경상
2018011400100297,2018년 1월 14일 17시,일요일,인천광역시 서구 연희동,중상사고,0,1,0,0,차대차 - 측면충돌,직진우회전진행방해,건조,맑음,교차로 - 교차로부근,승용,남,56세,상해없음,승용,남,21세,중상
2018011400100330,2018년 1월 14일 18시,일요일,인천광역시 동구 화수동,경상사고,0,0,1,0,차대사람 - 기타,안전운전불이행,건조,맑음,단일로 - 기타,기타불명,기타불명,미분류,기타불명,보행자,남,51세,경상
2018011400100331,2018년 1월 14일 18시,일요일,인천광역시 부평구 부평동,경상사고,0,0,1,0,차대사람 - 기타,신호위반,건조,맑음,교차로 - 교차로안,승용,여,57세,상해없음,보행자,여,30세,경상
2018011400100332,2018년 1월 14일 18시,일요일,인천광역시 강화군 강화읍,중상사고,0,2,0,0,차대차 - 측면충돌,중앙선침범,건조,맑음,단일로 - 기타,승용,남,45세,상해없음,승용,남,72세,중상
2018011400100363,2018년 1월 14일 19시,일요일,인천광역시 미추홀구 주안동,경상사고,0,0,2,0,차대차 - 추돌,안전운전불이행,건조,맑음,기타 - 기타,승용,남,21세,기타불명,승용,남,26세,경상
2018011400100364,2018년 1월 14일 19시,일요일,인천광역시 미추홀구 학익동,경상사고,0,0,2,0,차대차 - 추돌,안전운전불이행,건조,맑음,교차로 - 교차로부근,승용,여,30세,경상,승용,남,26세,경상
2018011400100402,2018년 1월 14일 20시,일요일,인천광역시 남동구 수산동,중상사고,0,1,0,0,차대차 - 추돌,신호위반,건조,맑음,교차로 - 교차로안,승용,여,54세,상해없음,승용,남,31세,중상
2018011400100430,2018년 1월 14일 21시,일요일,인천광역시 중구 운남동,중상사고,0,1,0,0,차대차 - 기타,안전운전불이행,건조,맑음,교차로 - 교차로안,기타불명,기타불명,미분류,기타불명,이륜,남,18세,중상
2018011400100431,2018년 1월 14일 21시,일요일,인천광역시 미추홀구 주안동,부상신고사고,0,0,0,2,차대차 - 기타,안전운전불이행,젖음/습기,흐림,단일로 - 기타,이륜,남,33세,부상신고,승용,남,41세,상해없음
2018011400100432,2018년 1월 14일 21시,일요일,인천광역시 미추홀구 학익동,경상사고,0,0,2,0,차대차 - 측면충돌,안전운전불이행,건조,맑음,교차로 - 교차로부근,승용,여,47세,상해없음,승용,여,55세,경상
2018011400100454,2018년 1월 14일 22시,일요일,인천광역시 부평구 산곡동,중상사고,0,1,1,1,차대차 - 측면충돌,신호위반,건조,맑음,교차로 - 교차로횡단보도내,화물,남,60세,상해없음,승용,남,61세,중상
2018011500100058,2018년 1월 15일 05시,월요일,인천광역시 부평구 산곡동,경상사고,0,0,3,0,차대차 - 측면충돌,교차로운행방법위반,건조,맑음,교차로 - 교차로안,승용,남,65세,상해없음,승용,여,50세,경상
2018011500100059,2018년 1월 15일 05시,월요일,인천광역시 서구 검암동,중상사고,0,1,0,0,차대사람 - 보도통행중,신호위반,젖음/습기,기타,기타 - 기타,승용,남,51세,상해없음,보행자,남,60세,중상
2018011500100082,2018년 1월 15일 06시,월요일,인천광역시 미추홀구 주안동,중상사고,0,1,0,0,차대차 - 정면충돌,신호위반,젖음/습기,비,교차로 - 교차로안,승용,여,50세,상해없음,승용,남,64세,중상
2018011500100156,2018년 1월 15일 08시,월요일,인천광역시 동구 송현동,중상사고,0,1,0,0,차대차 - 측면충돌,안전거리미확보,젖음/습기,흐림,단일로 - 기타,화물,남,58세,상해없음,승용,여,50세,중상
2018011500100157,2018년 1월 15일 08시,월요일,인천광역시 미추홀구 도화동,중상사고,0,3,0,0,차대차 - 추돌,안전운전불이행,건조,맑음,단일로 - 기타,승용,남,60세,상해없음,승용,남,26세,중상
2018011500100159,2018년 1월 15일 08시,월요일,인천광역시 부평구 부평동,중상사고,0,2,0,0,차대차 - 측면충돌,중앙선침범,건조,맑음,단일로 - 기타,승용,여,59세,상해없음,승용,남,57세,중상
2018011500100188,2018년 1월 15일 09시,월요일,인천광역시 계양구 계산동,경상사고,0,0,2,0,차대차 - 측면충돌,안전운전불이행,건조,맑음,단일로 - 기타,승용,남,66세,상해없음,승용,여,36세,경상
2018011500100219,2018년 1월 15일 10시,월요일,인천광역시 서구 왕길동,중상사고,0,1,0,0,차대차 - 측면충돌,중앙선침범,젖음/습기,맑음,단일로 - 기타,화물,남,63세,상해없음,승용,여,45세,중상
2018011500100220,2018년 1월 15일 10시,월요일,인천광역시 부평구 삼산동,중상사고,0,1,0,0,차대차 - 기타,신호위반,젖음/습기,흐림,교차로 - 교차로횡단보도내,승용,남,44세,상해없음,자전거,여,59세,중상
2018011500100253,2018년 1월 15일 11시,월요일,인천광역시 미추홀구 학익동,중상사고,0,1,2,0,차대차 - 추돌,안전운전불이행,건조,맑음,단일로 - 교량,화물,남,46세,상해없음,승용,남,36세,중상
2018011500100356,2018년 1월 15일 14시,월요일,인천광역시 서구 가좌동,중상사고,0,1,0,0,차대차 - 측면충돌,안전운전불이행,건조,맑음,단일로 - 기타,화물,남,25세,상해없음,화물,남,66세,중상
2018011500100383,2018년 1월 15일 15시,월요일,인천광역시 서구 석남동,경상사고,0,0,1,0,차대차 - 측면충돌,안전운전불이행,건조,맑음,교차로 - 교차로부근,승용,남,57세,상해없음,승용,여,63세,경상
2018011500100419,2018년 1월 15일 16시,월요일,인천광역시 남동구 구월동,경상사고,0,0,1,0,차대차 - 기타,안전거리미확보,기타,맑음,기타 - 기타,화물,남,49세,상해없음,승용,여,57세,기타불명
2018011500100420,2018년 1월 15일 16시,월요일,인천광역시 남동구 간석동,중상사고,0,1,0,0,차대차 - 기타,차로위반,건조,맑음,기타 - 기타,기타불명,기타불명,미분류,기타불명,승용,남,24세,상해없음
2018011500100421,2018년 1월 15일 16시,월요일,인천광역시 계양구 임학동,경상사고,0,0,1,0,차대사람 - 횡단중,안전운전불이행,건조,맑음,교차로 - 교차로부근,승용,남,54세,기타불명,보행자,남,29세,경상
2018011500100462,2018년 1월 15일 17시,월요일,인천광역시 미추홀구 도화동,중상사고,0,1,1,0,차대차 - 기타,안전운전불이행,건조,맑음,교차로 - 교차로안,승용,여,51세,중상,승용,남,46세,경상
2018011500100516,2018년 1월 15일 18시,월요일,인천광역시 미추홀구 학익동,경상사고,0,0,1,0,차대사람 - 횡단중,보행자보호의무위반,건조,맑음,교차로 - 교차로횡단보도내,승용,남,29세,상해없음,보행자,여,70세,경상
2018011500100517,2018년 1월 15일 18시,월요일,인천광역시 남동구 구월동,경상사고,0,0,1,0,차대사람 - 기타,안전운전불이행,건조,맑음,단일로 - 기타,승용,남,26세,상해없음,보행자,남,22세,경상
2018011500100518,2018년 1월 15일 18시,월요일,인천광역시 계양구 계산동,경상사고,0,0,3,0,차대차 - 측면충돌,차로위반,건조,맑음,단일로 - 기타,승용,여,57세,상해없음,승용,남,66세,경상