사고번호,사고일시,요일,시군구,사고내용,사망자수,중상자수,경상자수,부상신고자수,사고유형,법규위반,노면상태,기상상태,도로형태,가해운전자 차종,가해운전자 성별,가해운전자 연령,가해운전자 상해정도,피해운전자 차종,피해운전자 성별,피해운전자 연령,피해운전자 상해정도
2018012000100561,2018년 1월 20일 23시,토요일,인천광역시 미추홀구 주안동,경상사고,0,0,1,0,차대사람 - 횡단중,신호위반,건조,맑음,교차로 - 교차로안,승용,남,65세,상해없음,보행자,여,32세,경상
2018012000100562,2018년 1월 20일 23시,토요일,인천광역시 미추홀구 주안동,부상신고사고,0,0,0,1,차대차 - 기타,안전운전불이행,건조,맑음,기타 - 기타,승용,남,24세,기타불명,이륜,남,18세,부상신고
2018012000100563,2018년 1월 20일 23시,토요일,인천광역시 부평구 부평동,경상사고,0,0,1,0,차대사람 - 횡단중,신호위반,건조,맑음,교차로 - 교차로부근,이륜,남,45세,상해없음,보행자,여,19세,경상
2018012100100067,2018년 1월 21일 04시,일요일,인천광역시 남동구 논현동,중상사고,0,1,3,0,차대차 - 측면충돌,신호위반,건조,맑음,교차로 - 교차로안,승용,남,25세,상해없음,승용,남,57세,경상
2018012100100110,2018년 1월 21일 07시,일요일,인천광역시 부평구 부개동,경상사고,0,0,1,0,차대차 - 추돌,안전운전불이행,건조,맑음,단일로 - 기타,승용,남,33세,상해없음,승용,남,36세,경상
2018012100100174,2018년 1월 21일 12시,일요일,인천광역시 부평구 산곡동,중상사고,0,1,1,0,차대차 - 측면충돌,교차로운행방법위반,건조,맑음,교차로 - 교차로안,승용,남,31세,기타불명,화물,남,57세,경상
2018012100100175,2018년 1월 21일 12시,일요일,인천광역시 서구 심곡동,경상사고,0,0,1,0,차대사람 - 기타,안전운전불이행,건조,맑음,단일로 - 기타,기타불명,기타불명,미분류,기타불명,보행자,여,6세,경상
2018012100100202,2018년 1월 21일 13시,일요일,인천광역시 미추홀구 도화동,경상사고,0,0,1,0,차대차 - 기타,안전운전불이행,건조,맑음,교차로 - 교차로안,승용,남,64세,상해없음,자전거,남,63세,경상
2018012100100203,2018년 1월 21일 13시,일요일,인천광역시 연수구 연수동,경상사고,0,0,1,0,차대사람 - 횡단중,안전운전불이행,건조,맑음,교차로 - 교차로횡단보도내,승합,남,49세,상해없음,보행자,여,21세,경상
2018012100100243,2018년 1월 21일 15시,일요일,인천광역시 계양구 효성동,경상사고,0,0,1,0,차대차 - 후진중충돌,안전운전불이행,건조,맑음,단일로 - 기타,승용,여,55세,상해없음,승용,남,42세,경상
2018012100100269,2018년 1월 21일 16시,일요일,인천광역시 미추홀구 도화동,경상사고,0,0,1,0,차대차 - 추돌,안전운전불이행,건조,흐림,교차로 - 교차로부근,승용,남,56세,상해없음,승용,남,55세,기타불명
2018012100100286,2018년 1월 21일 17시,일요일,인천광역시 부평구 부평동,경상사고,0,0,1,0,차대차 - 측면충돌,안전운전불이행,건조,맑음,단일로 - 기타,승합,남,34세,상해없음,승용,여,53세,경상
2018012100100326,2018년 1월 21일 19시,일요일,인천광역시 동구 송림동,경상사고,0,0,1,0,차대사람 - 횡단중,보행자보호의무위반,건조,맑음,교차로 - 교차로횡단보도내,승용,남,40세,상해없음,보행자,남,9세,경상
2018012100100327,2018년 1월 21일 19시,일요일,인천광역시 미추홀구 관교동,경상사고,0,0,1,0,차량단독 - 기타,안전운전불이행,건조,맑음,교차로 - 교차로횡단보도내,승용,남,62세,상해없음,,,,
2018012100100346,2018년 1월 21일 20시,일요일,인천광역시 부평구 십정동,부상신고사고,0,0,0,1,차대사람 - 횡단중,안전운전불이행,건조,맑음,기타 - 기타,승용,남,71세,상해없음,보행자,남,47세,부상신고
2018012200100037,2018년 1월 22일 04시,월요일,인천광역시 서구 가좌동,사망사고,1,0,0,0,차대사람 - 횡단중,과속,건조,맑음,단일로 - 기타,화물,남,58세,상해없음,보행자,남,36세,사망
2018012200100077,2018년 1월 22일 07시,월요일,인천광역시 서구 오류동,경상사고,0,0,1,0,차대차 - 측면충돌,안전운전불이행,건조,맑음,단일로 - 기타,기타불명,기타불명,미분류,기타불명,승용,여,55세,경상
2018012200100128,2018년 1월 22일 09시,월요일,인천광역시 중구 항동7가,경상사고,0,0,3,0,차대차 - 기타,안전운전불이행,건조,맑음,교차로 - 교차로안,특수,남,47세,경상,화물,남,32세,경상
2018012200100129,2018년 1월 22일 09시,월요일,인천광역시 미추홀구 주안동,경상사고,0,0,1,0,차대차 - 측면충돌,안전운전불이행,건조,맑음,교차로 - 교차로안,승용,남,58세,상해없음,승용,남,58세,경상
2018012200100130,2018년 1월 22일 09시,월요일,인천광역시 계양구 계산동,부상신고사고,0,0,0,1,차대사람 - 기타,안전운전불이행,건조,맑음,단일로 - 기타,기타불명,기타불명,미분류,기타불명,보행자,남,80세,부상신고
2018012200100131,2018년 1월 22일 09시,월요일,인천광역시 연수구 선학동,중상사고,0,1,1,0,차대사람 - 횡단중,안전운전불이행,건조,맑음,교차로 - 교차로안,화물,남,60세,상해없음,보행자,여,29세,중상
2018012200100210,2018년 1월 22일 12시,월요일,인천광역시 연수구 송도동,중상사고,0,1,0,0,차대차 - 측면충돌,신호위반,건조,맑음,기타 - 기타,원동기,남,30세,중상,승용,여,43세,상해없음
2018012200100240,2018년 1월 22일 13시,월요일,인천광역시 부평구 부평동,사망사고,1,0,0,0,차대사람 - 기타,안전운전불이행,건조,맑음,단일로 - 기타,승합,남,45세,상해없음,보행자,여,70세,사망
2018012200100271,2018년 1월 22일 14시,월요일,인천광역시 부평구 갈산동,중상사고,0,1,0,0,차대차 - 추돌,안전운전불이행,젖음/습기,흐림,단일로 - 기타,승용,남,65세,상해없음,승용,여,59세,중상
2018012200100272,2018년 1월 22일 14시,월요일,인천광역시 남동구 도림동,사망사고,1,0,0,0,차대사람 - 횡단중,안전운전불이행,젖음/습기,흐림,단일로 - 교량,승용,여,43세,상해없음,보행자,남,8세,사망
2018012200100300,2018년 1월 22일 15시,월요일,인천광역시 부평구 청천동,중상사고,0,1,2,0,차대차 - 정면충돌,중앙선침범,젖음/습기,비,단일로 - 기타,승용,남,49세,상해없음,승용,여,32세,중상
2018012200100301,2018년 1월 22일 15시,월요일,인천광역시 부평구 부평동,경상사고,0,0,1,0,차대차 - 측면충돌,안전운전불이행,젖음/습기,비,교차로 - 교차로안,승용,남,54세,상해없음,승용,남,33세,경상
2018012200100302,2018년 1월 22일 15시,월요일,인천광역시 남동구 간석동,경상사고,0,0,1,0,차대차 - 기타,안전운전불이행,건조,맑음,교차로 - 교차로부근,승용,남,61세,상해없음,승용,남,34세,경상
2018012200100343,2018년 1월 22일 16시,월요일,인천광역시 미추홀구 도화동,경상사고,0,0,1,0,차대사람 - 길가장자리구역통행중,안전운전불이행,젖음/습기,비,단일로 - 기타,화물,남,70세,상해없음,보행자,여,73세,경상
2018012200100344,2018년 1월 22일 16시,월요일,인천광역시 연수구 옥련동,경상사고,0,0,1,0,차대차 - 후진중충돌,안전운전불이행,건조,맑음,교차로 - 교차로안,화물,남,63세,상해없음,화물,남,53세,경상
2018012200100345,2018년 1월 22일 16시,월요일,인천광역시 남동구 논현동,부상신고사고,0,0,0,1,차대사람 - 횡단중,안전운전불이행,젖음/습기,비,단일로 - 기타,기타불명,기타불명,미분류,기타불명,보행자,여,19세,부상신고
2018012200100380,2018년 1월 22일 17시,월요일,인천광역시 중구 운서동,사망사고,1,0,0,0,차대사람 - 기타,안전운전불이행,젖음/습기,비,단일로 - 기타,승합,남,57세,상해없음,보행자,남,54세,사망
2018012200100381,2018년 1월 22일 17시,월요일,인천광역시 부평구 청천동,경상사고,0,0,1,0,차대사람 - 횡단중,신호위반,젖음/습기,비,단일로 - 기타,승용,여,63세,상해없음,보행자,남,28세,경상
2018012200100382,2018년 1월 22일 17시,월요일,인천광역시 남동구 장수동,경상사고,0,0,1,0,차대차 - 추돌,안전운전불이행,젖음/습기,비,단일로 - 기타,승용,남,68세,상해없음,승용,남,65세,경상
2018012200100455,2018년 1월 22일 18시,월요일,인천광역시 부평구 청천동,중상사고,0,1,0,0,차대사람 - 기타,안전운전불이행,건조,맑음,교차로 - 교차로안,승용,남,55세,상해없음,보행자,여,24세,중상
2018012200100491,2018년 1월 22일 19시,월요일,인천광역시 부평구 구산동,경상사고,0,0,1,0,차대차 - 추돌,안전운전불이행,건조,맑음,교차로 - 교차로부근,승용,남,31세,상해없음,승용,여,55세,경상
2018012200100542,2018년 1월 22일 21시,월요일,인천광역시 서구 가정동,중상사고,0,1,0,0,차대사람 - 횡단중,신호위반,건조,맑음,교차로 - 교차로횡단보도내,화물,남,32세,상해없음,보행자,여,68세,중상
2018012300100021,2018년 1월 23일 01시,화요일,인천광역시 남동구 구월동,중상사고,0,1,0,0,차대차 - 측면충돌,신호위반,건조,맑음,교차로 - 교차로안,승용,남,25세,상해없음,승용,남,35세,중상
2018012300100038,2018년 1월 23일 04시,화요일,인천광역시 중구 운서동,경상사고,0,0,2,0,차대차 - 측면충돌,신호위반,젖음/습기,흐림,교차로 - 교차로안,화물,남,68세,상해없음,승용,남,35세,경상
2018012300100052,2018년 1월 23일 06시,화요일,인천광역시 부평구 삼산동,중상사고,0,1,0,0,차대차 - 측면충돌,안전운전불이행,건조,맑음,기타 - 기타,화물,남,48세,상해없음,자전거,남,65세,중상
2018012300100067,2018년 1월 23일 07시,화요일,인천광역시 남동구 간석동,경상사고,0,0,1,0,차대차 - 측면충돌,안전거리미확보,건조,맑음,단일로 - 기타,승용,여,24세,상해없음,승용,남,25세,경상
2018012300100105,2018년 1월 23일 08시,화요일,인천광역시 남동구 만수동,경상사고,0,0,1,0,차대사람 - 횡단중,보행자보호의무위반,건조,맑음,교차로 - 교차로안,승용,남,41세,상해없음,보행자,남,65세,경상
2018012300100182,2018년 1월 23일 10시,화요일,인천광역시 연수구 연수동,경상사고,0,0,1,0,차대차 - 측면충돌,신호위반,건조,맑음,교차로 - 교차로안,승용,남,53세,상해없음,승용,여,51세,경상
2018012300100274,2018년 1월 23일 13시,화요일,인천광역시 중구 신흥동2가,경상사고,0,0,1,0,차대차 - 측면충돌,안전운전불이행,건조,맑음,교차로 - 교차로횡단보도내,기타불명,기타불명,미분류,기타불명,자전거,여,42세,경상
2018012300100311,2018년 1월 23일 14시,화요일,인천광역시 남동구 논현동,경상사고,0,0,2,0,차대차 - 정면충돌,안전운전불이행,건조,맑음,교차로 - 교차로부근,승용,남,53세,경상,승용,여,55세,경상
2018012300100470,2018년 1월 23일 19시,화요일,인천광역시 미추홀구 용현동,경상사고,0,0,2,0,차대차 - 기타,안전운전불이행,건조,맑음,기타 - 기타,승용,남,56세,상해없음,승용,남,25세,경상
2018012300100471,2018년 1월 23일 19시,화요일,인천광역시 서구 원창동,중상사고,0,1,1,0,차대차 - 측면충돌,안전운전불이행,건조,맑음,교차로 - 교차로부근,화물,남,42세,경상,승용,남,44세,중상
2018012300100496,2018년 1월 23일 20시,화요일,인천광역시 미추홀구 도화동,경상사고,0,0,1,0,차대차 - 측면충돌,안전거리미확보,건조,맑음,단일로 - 기타,승용,남,76세,상해없음,이륜,남,36세,경상
2018012300100497,2018년 1월 23일 20시,화요일,인천광역시 미추홀구 용현동,경상사고,0,0,1,0,차대차 - 후진중충돌,안전운전불이행,건조,맑음,단일로 - 기타,승합,남,63세,상해없음,이륜,남,51세,경상
2018012300100536,2018년 1월 23일 21시,화요일,인천광역시 옹진군 영흥면,중상사고,0,1,0,0,차대차 - 측면충돌,중앙선침범,건조,맑음,단일로 - 기타,승용,남,43세,상해없음,승용,남,73세,중상
2018012300100537,2018년 1월 23일 21시,화요일,인천광역시 부평구 부평동,경상사고,0,0,1,0,차대차 - 측면충돌,신호위반,건조,맑음,교차로 - 교차로안,승용,남,28세,상해없음,승용,남,46세,경상
2018012300100538,2018년 1월 23일 21시,화요일,인천광역시 서구 연희동,중상사고,0,1,0,0,차대사람 - 횡단중,신호위반,건조,맑음,단일로 - 기타,이륜,남,17세,상해없음,보행자,남,30세,중상
2018012300100539,2018년 1월 23일 21시,화요일,인천광역시 서구 가정동,경상사고,0,0,1,0,차대차 - 정면충돌,안전운전불이행,건조,맑음,교차로 - 교차로부근,승용,남,31세,상해없음,승용,남,63세,상해없음
2018012300100557,2018년 1월 23일 22시,화요일,인천광역시 서구 왕길동,경상사고,0,0,1,0,차대사람 - 차도통행중,안전운전불이행,건조,맑음,단일로 - 기타,승용,남,60세,상해없음,보행자,남,45세,경상
2018012400100011,2018년 1월 24일 00시,수요일,인천광역시 부평구 부평동,사망사고,1,0,0,0,차대사람 - 기타,안전운전불이행,건조,맑음,단일로 - 기타,승용,남,20세,상해없음,보행자,남,34세,사망
2018012400100035,2018년 1월 24일 03시,수요일,인천광역시 남동구 구월동,중상사고,0,1,1,0,차대차 - 기타,신호위반,건조,맑음,교차로 - 교차로안,승용,남,23세,상해없음,승용,남,48세,경상
2018012400100113,2018년 1월 24일 08시,수요일,인천광역시 부평구 청천동,중상사고,0,1,0,0,차대차 - 기타,안전운전불이행,건조,맑음,교차로 - 교차로횡단보도내,자전거,여,63세,중상,승합,남,55세,상해없음
2018012400100138,2018년 1월 24일 09시,수요일,인천광역시 미추홀구 주안동,부상신고사고,0,0,0,1,차대차 - 측면충돌,안전운전불이행,건조,맑음,교차로 - 교차로안,기타불명,기타불명,미분류,기타불명,승용,여,56세,부상신고
2018012400100139,2018년 1월 24일 09시,수요일,인천광역시 미추홀구 숭의동,경상사고,0,0,2,0,차대차 - 기타,안전운전불이행,건조,맑음,교차로 - 교차로안,화물,남,62세,기타불명,승용,남,21세,경상
2018012400100172,2018년 1월 24일 10시,수요일,인천광역시 남동구 고잔동,경상사고,0,0,2,0,차대차 - 추돌,안전운전불이행,건조,맑음,단일로 - 기타,화물,남,47세,상해없음,승용,여,47세,경상
2018012400100288,2018년 1월 24일 14시,수요일,인천광역시 강화군 내가면,중상사고,0,1,0,0,차량단독 - 도로외이탈 - 추락,안전운전불이행,기타,맑음,단일로 - 기타,화물,남,68세,상해없음,,,,
2018012400100317,2018년 1월 24일 15시,수요일,인천광역시 강화군 강화읍,경상사고,0,0,2,0,차대차 - 측면충돌,교차로운행방법위반,건조,맑음,교차로 - 교차로안,승용,남,66세,상해없음,승용,남,64세,경상
2018012400100352,2018년 1월 24일 16시,수요일,인천광역시 미추홀구 숭의동,경상사고,0,0,1,0,차대차 - 추돌,기타,건조,맑음,교차로 - 교차로부근,기타불명,기타불명,미분류,기타불명,화물,남,52세,경상
2018012400100396,2018년 1월 24일 17시,수요일,인천광역시 서구 연희동,경상사고,0,0,2,0,차대차 - 기타,안전운전불이행,건조,맑음,단일로 - 기타,승용,남,51세,상해없음,승용,여,52세,경상
2018012400100437,2018년 1월 24일 18시,수요일,인천광역시 남동구 구월동,경상사고,0,0,1,0,차대차 - 측면충돌,안전운전불이행,건조,맑음,단일로 - 기타,승용,남,51세,상해없음,승용,여,59세,경상
2018012400100474,2018년 1월 24일 19시,수요일,인천광역시 미추홀구 도화동,경상사고,0,0,2,0,차대차 - 측면충돌,안전운전불이행,건조,맑음,교차로 - 교차로안,승용,남,25세,경상,화물,남,36세,경상
2018012400100475,2018년 1월 24일 19시,수요일,인천광역시 서구 가정동,중상사고,0,1,0,0,차대사람 - 기타,안전운전불이행,건조,맑음,단일로 - 기타,승용,남,24세,상해없음,보행자,남,40세,중상
2018012400100476,2018년 1월 24일 19시,수요일,인천광역시 서구 가좌동,경상사고,0,0,4,0,차대차 - 추돌,안전거리미확보,건조,맑음,단일로 - 기타,승용,남,34세,상해없음,승용,남,44세,경상
2018012400100477,2018년 1월 24일 19시,수요일,인천광역시 서구 불로동,중상사고,0,1,0,0,차대사람 - 보도통행중,보행자보호의무위반,건조,맑음,교차로 - 교차로부근,승용,여,58세,상해없음,보행자,여,53세,중상
2018012400100507,2018년 1월 24일 20시,수요일,인천광역시 미추홀구 주안동,경상사고,0,0,1,0,차대차 - 추돌,안전운전불이행,건조,맑음,교차로 - 교차로부근,이륜,남,27세,상해없음,승용,남,26세,경상
2018012400100532,2018년 1월 24일 21시,수요일,인천광역시 동구 송현동,경상사고,0,0,2,0,차대차 - 기타,안전운전불이행,건조,맑음,단일로 - 기타,승용,남,58세,상해없음,승용,남,25세,경상
2018012400100533,2018년 1월 24일 21시,수요일,인천광역시 서구 심곡동,중상사고,0,1,0,0,차대사람 - 횡단중,안전운전불이행,건조,맑음,교차로 - 교차로안,승용,남,26세,상해없음,보행자,여,64세,중상
2018012400100534,2018년 1월 24일 21시,수요일,인천광역시 부평구 부개동,경상사고,0,0,1,0,차대차 - 추돌,안전운전불이행,건조,맑음,교차로 - 교차로안,승용,남,38세,상해없음,승용,여,46세,경상
2018012400100557,2018년 1월 24일 22시,수요일,인천광역시 미추홀구 관교동,경상사고,0,0,4,0,차대차 - 추돌,안전운전불이행,건조,맑음,교차로 - 교차로안,승용,남,31세,상해없음,승용,남,59세,경상
2018012500100008,2018년 1월 25일 00시,목요일,인천광역시 서구 석남동,중상사고,0,1,3,0,차대차 - 추돌,안전운전불이행,건조,맑음,교차로 - 교차로안,승용,남,35세,상해없음,승용,남,55세,중상
2018012500100039,2018년 1월 25일 05시,목요일,인천광역시 남동구 간석동,경상사고,0,0,1,0,차대차 - 추돌,안전운전불이행,건조,맑음,단일로 - 기타,승합,남,21세,상해없음,승용,남,25세,경상
2018012500100040,2018년 1월 25일 05시,목요일,인천광역시 연수구 청학동,경상사고,0,0,1,0,차대차 - 측면충돌,차로위반,건조,맑음,단일로 - 지하차도(도로)내,승용,여,26세,기타불명,승용,남,61세,경상
2018012500100049,2018년 1월 25일 06시,목요일,인천광역시 남동구 간석동,중상사고,0,1,0,0,차대차 - 기타,신호위반,건조,기타,교차로 - 교차로안,기타불명,기타불명,미분류,기타불명,승합,남,60세,상해없음
2018012500100070,2018년 1월 25일 07시,목요일,인천광역시 미추홀구 숭의동,경상사고,0,0,1,0,차대차 - 측면충돌,교차로운행방법위반,건조,맑음,교차로 - 교차로안,화물,남,51세,상해없음,승용,남,51세,경상
2018012500100118,2018년 1월 25일 09시,목요일,인천광역시 부평구 부평동,중상사고,0,3,2,0,차대차 - 측면충돌,중앙선침범,건조,맑음,단일로 - 기타,승용,남,18세,상해없음,승합,남,56세,상해없음
2018012500100160,2018년 1월 25일 10시,목요일,인천광역시 부평구 갈산동,경상사고,0,0,1,2,차대차 - 기타,안전운전불이행,건조,맑음,교차로 - 교차로부근,승용,남,62세,상해없음,승용,남,54세,경상
2018012500100235,2018년 1월 25일 13시,목요일,인천광역시 미추홀구 용현동,중상사고,0,1,0,0,차대사람 - 차도통행중,안전운전불이행,건조,맑음,교차로 - 교차로부근,승용,남,53세,상해없음,보행자,여,78세,중상
2018012500100236,2018년 1월 25일 13시,목요일,인천광역시 강화군 강화읍,중상사고,0,1,0,0,차대차 - 측면충돌,신호위반,건조,맑음,교차로 - 교차로안,화물,남,66세,상해없음,원동기,남,39세,중상
2018012500100268,2018년 1월 25일 14시,목요일,인천광역시 미추홀구 문학동,경상사고,0,0,1,0,차대차 - 측면충돌,안전거리미확보,건조,맑음,단일로 - 기타,승용,남,63세,상해없음,승용,남,27세,경상
2018012500100307,2018년 1월 25일 15시,목요일,인천광역시 중구 인현동,경상사고,0,0,2,0,차대차 - 측면충돌,신호위반,건조,맑음,교차로 - 교차로안,승용,남,36세,상해없음,화물,남,71세,경상
2018012500100308,2018년 1월 25일 15시,목요일,인천광역시 연수구 선학동,경상사고,0,0,1,0,차대차 - 측면충돌,안전운전불이행,건조,맑음,교차로 - 교차로안,승용,남,38세,상해없음,승용,남,34세,경상
2018012500100340,2018년 1월 25일 16시,목요일,인천광역시 연수구 송도동,경상사고,0,0,1,0,차대사람 - 기타,안전운전불이행,건조,맑음,단일로 - 기타,승용,남,56세,상해없음,보행자,남,48세,경상
2018012500100365,2018년 1월 25일 17시,목요일,인천광역시 중구 중산동,경상사고,0,0,2,0,차대차 - 측면충돌,차로위반,건조,흐림,교차로 - 교차로부근,승용,여,41세,상해없음,승용,남,31세,경상
2018012500100454,2018년 1월 25일 19시,목요일,인천광역시 계양구 효성동,중상사고,0,1,0,0,차대사람 - 횡단중,안전운전불이행,건조,맑음,단일로 - 기타,승용,남,59세,상해없음,보행자,남,41세,중상
2018012500100529,2018년 1월 25일 22시,목요일,인천광역시 미추홀구 도화동,경상사고,0,0,1,0,차대차 - 추돌,안전운전불이행,건조,맑음,기타 - 기타,승용,남,32세,상해없음,승용,남,31세,경상
2018012500100530,2018년 1월 25일 22시,목요일,인천광역시 부평구 부평동,경상사고,0,0,1,0,차대사람 - 기타,안전운전불이행,건조,맑음,교차로 - 교차로안,화물,남,47세,상해없음,보행자,여,39세,경상
2018012600100061,2018년 1월 26일 06시,금요일,인천광역시 부평구 부평동,경상사고,0,0,1,0,차대차 - 추돌,안전운전불이행,건조,맑음,단일로 - 기타,승용,남,24세,상해없음,승용,남,30세,경상
2018012600100062,2018년 1월 26일 06시,금요일,인천광역시 남동구 간석동,중상사고,0,1,0,0,차대차 - 기타,교차로운행방법위반,건조,맑음,교차로 - 교차로부근,승용,남,52세,중상,승용,남,71세,상해없음
2018012600100095,2018년 1월 26일 08시,금요일,인천광역시 남동구 고잔동,중상사고,0,1,0,0,차대사람 - 횡단중,신호위반,건조,맑음,교차로 - 교차로부근,승용,여,55세,상해없음,보행자,여,58세,중상
2018012600100126,2018년 1월 26일 09시,금요일,인천광역시 부평구 부개동,경상사고,0,0,3,0,차대차 - 측면충돌,신호위반,건조,맑음,교차로 - 교차로안,승용,남,31세,경상,화물,남,38세,경상
2018012600100158,2018년 1월 26일 10시,금요일,인천광역시 남동구 간석동,경상사고,0,0,1,0,차대차 - 추돌,안전거리미확보,건조,맑음,교차로 - 교차로안,승용,남,33세,상해없음,승용,여,42세,경상
2018012600100159,2018년 1월 26일 10시,금요일,인천광역시 연수구 동춘동,경상사고,0,0,1,0,차대차 - 추돌,안전운전불이행,건조,맑음,단일로 - 기타,화물,남,58세,상해없음,승용,여,44세,경상
2018012600100217,2018년 1월 26일 12시,금요일,인천광역시 서구 원창동,중상사고,0,1,1,0,차대차 - 정면충돌,안전운전불이행,건조,맑음,교차로 - 교차로부근,자전거,남,23세,경상,이륜,남,56세,중상
2018012600100294,2018년 1월 26일 14시,금요일,인천광역시 남동구 논현동,경상사고,0,0,1,0,차대사람 - 횡단중,안전운전불이행,건조,맑음,기타 - 기타,승용,여,70세,상해없음,보행자,남,10세,경상
2018012600100329,2018년 1월 26일 15시,금요일,인천광역시 연수구 연수동,경상사고,0,0,2,0,차대차 - 추돌,안전거리미확보,건조,맑음,교차로 - 교차로횡단보도내,건설기계,남,44세,상해없음,승용,여,61세,경상
2018012600100449,2018년 1월 26일 18시,금요일,인천광역시 서구 연희동,경상사고,0,0,1,0,차대차 - 기타,중앙선침범,건조,맑음,교차로 - 교차로부근,기타불명,기타불명,미분류,기타불명,승용,남,61세,경상
2018012600100450,2018년 1월 26일 18시,금요일,인천광역시 서구 오류동,중상사고,0,1,0,0,차대사람 - 기타,안전운전불이행,건조,맑음,단일로 - 기타,승합,남,36세,상해없음,보행자,남,21세,중상
2018012600100541,2018년 1월 26일 20시,금요일,인천광역시 부평구 부평동,경상사고,0,0,1,0,차대사람 - 횡단중,보행자보호의무위반,건조,맑음,교차로 - 교차로횡단보도내,승용,남,67세,상해없음,보행자,남,38세,경상
2018012600100542,2018년 1월 26일 20시,금요일,인천광역시 남동구 남촌동,경상사고,0,0,4,0,차대차 - 측면충돌,차로위반,건조,맑음,단일로 - 기타,승용,남,29세,경상,승용,남,51세,경상
2018012600100571,2018년 1월 26일 21시,금요일,인천광역시 계양구 병방동,경상사고,0,0,3,0,차대차 - 측면충돌,안전거리미확보,건조,맑음,단일로 - 기타,승용,여,40세,상해없음,승용,남,19세,경상
2018012700100019,2018년 1월 27일 00시,토요일,인천광역시 미추홀구 주안동,경상사고,0,0,1,0,차대차 - 측면충돌,신호위반,건조,맑음,교차로 - 교차로안,이륜,남,17세,상해없음,승용,남,32세,경상
2018012700100064,2018년 1월 27일 03시,토요일,인천광역시 계양구 작전동,경상사고,0,0,2,0,차대차 - 기타,안전운전불이행,건조,맑음,교차로 - 교차로안,승용,여,46세,경상,승용,여,43세,경상
2018012700100078,2018년 1월 27일 05시,토요일,인천광역시 계양구 계산동,중상사고,0,1,10,0,차대차 - 측면충돌,신호위반,건조,맑음,교차로 - 교차로안,화물,남,40세,중상,승합,남,57세,상해없음
2018012700100090,2018년 1월 27일 06시,토요일,인천광역시 미추홀구 도화동,중상사고,0,1,2,0,차대차 - 추돌,안전운전불이행,건조,맑음,교차로 - 교차로부근,화물,남,64세,중상,화물,남,33세,경상
2018012700100091,2018년 1월 27일 06시,토요일,인천광역시 서구 왕길동,중상사고,0,1,0,0,차대차 - 기타,신호위반,건조,맑음,교차로 - 교차로안,승용,남,54세,상해없음,승용,남,54세,중상
2018012700100151,2018년 1월 27일 09시,토요일,인천광역시 미추홀구 용현동,경상사고,0,0,2,0,차대차 - 측면충돌,불법유턴,건조,맑음,단일로 - 기타,승용,여,43세,경상,승용,여,61세,경상
2018012700100204,2018년 1월 27일 11시,토요일,인천광역시 중구 운서동,경상사고,0,0,2,0,차대차 - 측면충돌,신호위반,건조,맑음,교차로 - 교차로안,승용,남,54세,경상,화물,남,31세,경상
2018012700100205,2018년 1월 27일 11시,토요일,인천광역시 계양구 계산동,경상사고,0,0,5,0,차대차 - 측면충돌,안전거리미확보,건조,맑음,단일로 - 기타,화물,여,47세,상해없음,승용,남,26세,경상
2018012700100206,2018년 1월 27일 11시,토요일,인천광역시 남동구 논현동,중상사고,0,1,0,0,차대차 - 측면충돌,안전거리미확보,건조,맑음,단일로 - 기타,승용,남,44세,상해없음,승용,남,40세,중상
2018012700100349,2018년 1월 27일 16시,토요일,인천광역시 부평구 청천동,경상사고,0,0,1,0,차대사람 - 보도통행중,보행자보호의무위반,건조,맑음,교차로 - 교차로안,승용,남,48세,상해없음,보행자,남,42세,경상
2018012700100411,2018년 1월 27일 18시,토요일,인천광역시 중구 신포동,경상사고,0,0,1,0,차대사람 - 길가장자리구역통행중,안전운전불이행,건조,맑음,단일로 - 기타,승용,남,45세,상해없음,보행자,남,53세,경상
2018012700100478,2018년 1월 27일 20시,토요일,인천광역시 남동구 구월동,중상사고,0,1,0,0,차대사람 - 차도통행중,안전운전불이행,건조,맑음,교차로 - 교차로부근,승용,남,47세,상해없음,보행자,여,82세,중상
2018012700100518,2018년 1월 27일 22시,토요일,인천광역시 부평구 삼산동,경상사고,0,0,1,0,차대차 - 측면충돌,교차로운행방법위반,건조,맑음,교차로 - 교차로안,승용,남,28세,상해없음,승용,남,57세,경상
2018012800100014,2018년 1월 28일 00시,일요일,인천광역시 미추홀구 도화동,경상사고,0,0,3,0,차대차 - 기타,신호위반,건조,맑음,기타 - 기타,승용,남,61세,기타불명,승용,남,28세,경상
2018012800100015,2018년 1월 28일 00시,일요일,인천광역시 부평구 삼산동,중상사고,0,1,1,0,차대사람 - 횡단중,안전운전불이행,건조,맑음,교차로 - 교차로횡단보도내,승용,남,71세,상해없음,보행자,남,52세,중상
2018012800100032,2018년 1월 28일 01시,일요일,인천광역시 계양구 작전동,중상사고,0,1,4,0,차대차 - 측면충돌,신호위반,건조,맑음,교차로 - 교차로안,승용,남,59세,상해없음,승용,남,57세,경상
2018012800100044,2018년 1월 28일 02시,일요일,인천광역시 부평구 부평동,중상사고,0,1,1,0,차대사람 - 횡단중,안전운전불이행,건조,맑음,기타 - 기타,승용,여,62세,상해없음,보행자,여,54세,중상
2018012800100045,2018년 1월 28일 02시,일요일,인천광역시 계양구 작전동,중상사고,0,1,0,0,차대사람 - 횡단중,안전운전불이행,건조,맑음,교차로 - 교차로부근,승용,남,19세,상해없음,보행자,남,48세,중상