사고번호,사고일시,요일,시군구,사고내용,사망자수,중상자수,경상자수,부상신고자수,사고유형,법규위반,노면상태,기상상태,도로형태,가해운전자 차종,가해운전자 성별,가해운전자 연령,가해운전자 상해정도,피해운전자 차종,피해운전자 성별,피해운전자 연령,피해운전자 상해정도
2018020200100586,2018년 2월 2일 21시,금요일,인천광역시 남동구 논현동,중상사고,0,1,1,0,차대차 - 측면충돌,안전운전불이행,건조,맑음,단일로 - 기타,화물,남,35세,상해없음,승용,남,64세,중상
2018020200100619,2018년 2월 2일 22시,금요일,인천광역시 서구 가좌동,경상사고,0,0,1,0,차대차 - 추돌,안전운전불이행,건조,맑음,교차로 - 교차로부근,승용,여,50세,상해없음,승용,남,29세,경상
2018020200100620,2018년 2월 2일 22시,금요일,인천광역시 서구 검암동,경상사고,0,0,1,0,차대차 - 추돌,안전운전불이행,건조,맑음,교차로 - 교차로안,기타불명,기타불명,미분류,기타불명,승용,남,63세,경상
2018020200100660,2018년 2월 2일 23시,금요일,인천광역시 서구 검암동,경상사고,0,0,1,0,차대차 - 추돌,안전운전불이행,건조,맑음,단일로 - 기타,이륜,남,36세,경상,승용,남,55세,상해없음
2018020200100661,2018년 2월 2일 23시,금요일,인천광역시 부평구 삼산동,경상사고,0,0,1,0,차대사람 - 차도통행중,안전운전불이행,건조,맑음,단일로 - 기타,승용,남,40세,상해없음,보행자,남,50세,경상
2018020200100662,2018년 2월 2일 23시,금요일,인천광역시 부평구 부평동,경상사고,0,0,1,0,차대사람 - 기타,안전운전불이행,건조,맑음,단일로 - 기타,승용,남,20세,상해없음,보행자,남,25세,경상
2018020300100052,2018년 2월 3일 01시,토요일,인천광역시 남동구 구월동,경상사고,0,0,2,0,차대차 - 추돌,안전운전불이행,젖음/습기,눈,단일로 - 기타,승용,남,58세,상해없음,화물,남,51세,상해없음
2018020300100070,2018년 2월 3일 02시,토요일,인천광역시 남동구 구월동,경상사고,0,0,1,0,차대차 - 추돌,안전거리미확보,적설,눈,교차로 - 교차로부근,승용,여,31세,상해없음,승용,남,54세,상해없음
2018020300100083,2018년 2월 3일 03시,토요일,인천광역시 미추홀구 주안동,경상사고,0,0,1,0,차대차 - 추돌,안전운전불이행,적설,눈,교차로 - 교차로부근,승용,남,28세,상해없음,승용,남,60세,경상
2018020300100091,2018년 2월 3일 04시,토요일,인천광역시 서구 시천동,중상사고,0,1,0,0,차대차 - 추돌,안전운전불이행,젖음/습기,비,단일로 - 교량,화물,남,50세,상해없음,승용,여,33세,중상
2018020300100109,2018년 2월 3일 05시,토요일,인천광역시 부평구 청천동,경상사고,0,0,1,0,차대차 - 정면충돌,신호위반,건조,흐림,교차로 - 교차로안,승용,남,28세,상해없음,화물,남,60세,경상
2018020300100138,2018년 2월 3일 07시,토요일,인천광역시 연수구 연수동,경상사고,0,0,2,0,차대차 - 기타,안전운전불이행,건조,맑음,단일로 - 기타,승합,남,59세,상해없음,승용,남,57세,경상
2018020300100181,2018년 2월 3일 09시,토요일,인천광역시 서구 오류동,중상사고,0,1,0,0,차대차 - 측면충돌,안전운전불이행,건조,맑음,교차로 - 교차로안,건설기계,남,49세,상해없음,승용,여,21세,중상
2018020300100212,2018년 2월 3일 10시,토요일,인천광역시 계양구 작전동,경상사고,0,0,1,0,차대차 - 측면충돌,신호위반,건조,맑음,교차로 - 교차로횡단보도내,승용,남,65세,상해없음,승용,남,57세,상해없음
2018020300100213,2018년 2월 3일 10시,토요일,인천광역시 남동구 남촌동,경상사고,0,0,1,0,차대차 - 측면충돌,차로위반,건조,맑음,교차로 - 교차로부근,승용,남,49세,상해없음,승용,남,33세,경상
2018020300100214,2018년 2월 3일 10시,토요일,인천광역시 계양구 동양동,중상사고,0,2,1,1,차대차 - 측면충돌,차로위반,건조,맑음,단일로 - 교량,승용,여,38세,상해없음,승용,남,45세,중상
2018020300100263,2018년 2월 3일 11시,토요일,인천광역시 미추홀구 용현동,중상사고,0,1,0,0,차대차 - 기타,안전운전불이행,건조,맑음,교차로 - 교차로안,승용,남,35세,상해없음,이륜,남,21세,중상
2018020300100264,2018년 2월 3일 11시,토요일,인천광역시 남동구 구월동,경상사고,0,0,1,0,차대차 - 추돌,안전운전불이행,건조,맑음,단일로 - 기타,기타불명,기타불명,미분류,기타불명,승용,남,57세,경상
2018020300100265,2018년 2월 3일 11시,토요일,인천광역시 계양구 병방동,중상사고,0,1,0,0,차대차 - 측면충돌,안전운전불이행,기타,맑음,교차로 - 교차로안,화물,남,56세,상해없음,승용,남,26세,중상
2018020300100266,2018년 2월 3일 11시,토요일,인천광역시 남동구 운연동,중상사고,0,1,0,0,차대차 - 추돌,안전운전불이행,건조,맑음,단일로 - 기타,승합,남,59세,상해없음,승용,남,62세,중상
2018020300100267,2018년 2월 3일 11시,토요일,인천광역시 남동구 고잔동,경상사고,0,0,1,0,차대차 - 측면충돌,신호위반,건조,맑음,교차로 - 교차로부근,승용,여,59세,상해없음,화물,남,29세,경상
2018020300100311,2018년 2월 3일 12시,토요일,인천광역시 남동구 구월동,경상사고,0,0,1,1,차대차 - 추돌,안전운전불이행,젖음/습기,흐림,단일로 - 기타,원동기,남,32세,상해없음,승용,남,76세,상해없음
2018020300100358,2018년 2월 3일 13시,토요일,인천광역시 서구 원창동,경상사고,0,0,3,0,차대차 - 추돌,안전운전불이행,건조,맑음,교차로 - 교차로안,승용,남,44세,상해없음,승용,남,33세,경상
2018020300100442,2018년 2월 3일 15시,토요일,인천광역시 남동구 간석동,경상사고,0,0,1,0,차대차 - 기타,안전거리미확보,건조,맑음,기타 - 기타,승합,남,51세,상해없음,화물,남,48세,경상
2018020300100443,2018년 2월 3일 15시,토요일,인천광역시 남동구 간석동,경상사고,0,0,1,0,차대차 - 기타,안전거리미확보,건조,맑음,교차로 - 교차로부근,승용,남,73세,경상,승용,남,60세,상해없음
2018020300100444,2018년 2월 3일 15시,토요일,인천광역시 서구 마전동,경상사고,0,0,1,0,차대차 - 추돌,안전운전불이행,건조,맑음,단일로 - 기타,화물,남,37세,상해없음,승용,남,39세,경상
2018020300100445,2018년 2월 3일 15시,토요일,인천광역시 계양구 용종동,경상사고,0,0,1,0,차대차 - 추돌,안전운전불이행,건조,맑음,단일로 - 기타,승용,남,28세,상해없음,승용,여,34세,경상
2018020300100472,2018년 2월 3일 16시,토요일,인천광역시 미추홀구 도화동,경상사고,0,0,1,0,차대차 - 추돌,안전운전불이행,건조,맑음,교차로 - 교차로부근,승용,남,32세,상해없음,승용,여,55세,경상
2018020300100473,2018년 2월 3일 16시,토요일,인천광역시 남동구 남촌동,경상사고,0,0,3,1,차대차 - 측면충돌,안전운전불이행,건조,맑음,단일로 - 교량,승용,남,45세,상해없음,승용,남,36세,경상
2018020300100501,2018년 2월 3일 17시,토요일,인천광역시 미추홀구 숭의동,경상사고,0,0,1,0,차대차 - 추돌,안전운전불이행,건조,맑음,단일로 - 기타,승용,남,56세,상해없음,화물,남,33세,경상
2018020300100502,2018년 2월 3일 17시,토요일,인천광역시 미추홀구 문학동,부상신고사고,0,0,0,1,차대사람 - 기타,안전운전불이행,건조,맑음,기타 - 기타,기타불명,기타불명,미분류,기타불명,보행자,남,44세,부상신고
2018020300100503,2018년 2월 3일 17시,토요일,인천광역시 서구 가좌동,경상사고,0,0,1,0,차대차 - 기타,중앙선침범,건조,맑음,교차로 - 교차로부근,특수,남,44세,상해없음,승용,남,56세,경상
2018020300100504,2018년 2월 3일 17시,토요일,인천광역시 서구 왕길동,중상사고,0,1,0,0,차대차 - 측면충돌,신호위반,건조,맑음,교차로 - 교차로안,승용,남,34세,상해없음,승용,남,49세,상해없음
2018020300100505,2018년 2월 3일 17시,토요일,인천광역시 서구 마전동,경상사고,0,0,1,0,차대차 - 기타,신호위반,건조,맑음,교차로 - 교차로부근,이륜,남,40세,경상,승용,남,40세,상해없음
2018020300100506,2018년 2월 3일 17시,토요일,인천광역시 연수구 연수동,경상사고,0,0,1,0,차대차 - 추돌,안전운전불이행,건조,맑음,교차로 - 교차로부근,승용,남,54세,상해없음,승용,남,60세,경상
2018020300100597,2018년 2월 3일 19시,토요일,인천광역시 부평구 산곡동,경상사고,0,0,1,0,차대차 - 기타,안전운전불이행,건조,맑음,단일로 - 기타,승용,남,59세,상해없음,화물,남,47세,경상
2018020300100598,2018년 2월 3일 19시,토요일,인천광역시 계양구 박촌동,중상사고,0,1,0,0,차대차 - 측면충돌,안전운전불이행,건조,맑음,교차로 - 교차로안,승용,남,67세,상해없음,이륜,남,37세,중상
2018020300100599,2018년 2월 3일 19시,토요일,인천광역시 부평구 삼산동,경상사고,0,0,3,0,차대차 - 추돌,안전운전불이행,건조,기타,단일로 - 기타,승용,남,43세,상해없음,승용,남,59세,경상
2018020300100635,2018년 2월 3일 20시,토요일,인천광역시 부평구 청천동,경상사고,0,0,1,0,차대사람 - 기타,안전운전불이행,건조,맑음,단일로 - 기타,승용,남,40세,상해없음,보행자,남,28세,경상
2018020300100636,2018년 2월 3일 20시,토요일,인천광역시 부평구 부평동,경상사고,0,0,1,0,차대차 - 기타,신호위반,건조,맑음,단일로 - 기타,승용,남,25세,상해없음,이륜,남,39세,경상
2018020300100637,2018년 2월 3일 20시,토요일,인천광역시 부평구 산곡동,경상사고,0,0,1,0,차대차 - 추돌,안전운전불이행,건조,맑음,단일로 - 기타,승용,남,64세,상해없음,원동기,남,24세,경상
2018020300100638,2018년 2월 3일 20시,토요일,인천광역시 부평구 산곡동,경상사고,0,0,2,0,차대차 - 기타,안전운전불이행,건조,맑음,단일로 - 기타,승용,남,49세,상해없음,승용,남,28세,경상
2018020300100639,2018년 2월 3일 20시,토요일,인천광역시 서구 마전동,경상사고,0,0,1,0,차대차 - 기타,안전운전불이행,건조,맑음,단일로 - 기타,승용,여,27세,상해없음,승용,남,25세,경상
2018020300100675,2018년 2월 3일 21시,토요일,인천광역시 중구 중산동,경상사고,0,0,1,0,차대차 - 추돌,안전운전불이행,건조,맑음,교차로 - 교차로부근,화물,남,43세,상해없음,승용,남,49세,경상
2018020300100676,2018년 2월 3일 21시,토요일,인천광역시 미추홀구 용현동,경상사고,0,0,1,0,차대차 - 측면충돌,직진우회전진행방해,건조,맑음,교차로 - 교차로안,승용,여,57세,상해없음,화물,남,44세,경상
2018020300100677,2018년 2월 3일 21시,토요일,인천광역시 남동구 간석동,중상사고,0,2,3,0,차대차 - 측면충돌,중앙선침범,건조,맑음,단일로 - 기타,승용,남,75세,상해없음,승용,여,48세,경상
2018020300100678,2018년 2월 3일 21시,토요일,인천광역시 남동구 간석동,중상사고,0,1,0,0,차대차 - 기타,안전운전불이행,기타,맑음,교차로 - 교차로안,승용,남,55세,상해없음,원동기,남,37세,중상
2018020300100679,2018년 2월 3일 21시,토요일,인천광역시 남동구 구월동,경상사고,0,0,2,0,차대차 - 추돌,안전운전불이행,건조,맑음,교차로 - 교차로안,승용,남,26세,상해없음,승용,남,39세,경상
2018020300100715,2018년 2월 3일 22시,토요일,인천광역시 중구 북성동1가,중상사고,0,1,0,0,차대사람 - 횡단중,안전운전불이행,건조,기타,단일로 - 기타,승용,남,62세,상해없음,보행자,남,66세,중상
2018020300100716,2018년 2월 3일 22시,토요일,인천광역시 남동구 구월동,경상사고,0,0,1,0,차대차 - 추돌,안전운전불이행,건조,맑음,단일로 - 기타,승용,남,33세,상해없음,승용,남,44세,경상
2018020400100021,2018년 2월 4일 00시,일요일,인천광역시 미추홀구 주안동,부상신고사고,0,0,0,1,차대사람 - 길가장자리구역통행중,안전운전불이행,기타,기타,단일로 - 기타,기타불명,기타불명,미분류,기타불명,보행자,남,29세,부상신고
2018020400100043,2018년 2월 4일 01시,일요일,인천광역시 부평구 부평동,경상사고,0,0,2,0,차대차 - 추돌,안전운전불이행,건조,맑음,단일로 - 기타,승용,남,30세,상해없음,승용,남,28세,경상
2018020400100050,2018년 2월 4일 02시,일요일,인천광역시 서구 연희동,경상사고,0,0,3,0,차대차 - 기타,안전운전불이행,건조,맑음,교차로 - 교차로부근,승용,남,24세,상해없음,승합,남,33세,경상
2018020400100084,2018년 2월 4일 04시,일요일,인천광역시 미추홀구 숭의동,경상사고,0,0,2,0,차대차 - 측면충돌,안전운전불이행,건조,맑음,교차로 - 교차로안,승용,남,23세,상해없음,승용,남,24세,경상
2018020400100085,2018년 2월 4일 04시,일요일,인천광역시 서구 연희동,중상사고,0,1,0,0,차대차 - 기타,안전운전불이행,건조,맑음,단일로 - 기타,승용,남,31세,상해없음,승용,남,61세,중상
2018020400100140,2018년 2월 4일 08시,일요일,인천광역시 중구 인현동,사망사고,1,0,0,0,차대차 - 측면충돌,안전운전불이행,건조,맑음,교차로 - 교차로안,이륜,남,49세,사망,승합,남,56세,상해없음
2018020400100163,2018년 2월 4일 09시,일요일,인천광역시 부평구 삼산동,경상사고,0,0,2,0,차대사람 - 횡단중,신호위반,건조,맑음,교차로 - 교차로안,승용,남,52세,상해없음,보행자,남,26세,경상
2018020400100184,2018년 2월 4일 10시,일요일,인천광역시 미추홀구 주안동,경상사고,0,0,1,0,차대차 - 추돌,안전거리미확보,건조,맑음,단일로 - 기타,승용,남,19세,상해없음,승용,남,35세,경상
2018020400100206,2018년 2월 4일 11시,일요일,인천광역시 계양구 작전동,중상사고,0,2,0,0,차대차 - 추돌,안전거리미확보,건조,맑음,교차로 - 교차로부근,승용,남,41세,상해없음,승용,남,38세,중상
2018020400100282,2018년 2월 4일 14시,일요일,인천광역시 남동구 구월동,경상사고,0,0,1,0,차대차 - 기타,교차로운행방법위반,건조,맑음,교차로 - 교차로안,승용,남,69세,상해없음,이륜,남,30세,경상
2018020400100283,2018년 2월 4일 14시,일요일,인천광역시 연수구 청학동,경상사고,0,0,4,0,차대차 - 추돌,안전운전불이행,건조,맑음,교차로 - 교차로부근,승용,남,34세,상해없음,승용,여,35세,경상
2018020400100300,2018년 2월 4일 15시,일요일,인천광역시 남동구 만수동,중상사고,0,1,1,0,차대차 - 기타,안전운전불이행,건조,맑음,단일로 - 기타,승용,남,65세,상해없음,원동기,남,58세,중상
2018020400100301,2018년 2월 4일 15시,일요일,인천광역시 연수구 연수동,경상사고,0,0,1,0,차대차 - 측면충돌,안전운전불이행,건조,맑음,단일로 - 기타,승용,남,37세,상해없음,승용,남,30세,경상
2018020400100337,2018년 2월 4일 16시,일요일,인천광역시 미추홀구 학익동,경상사고,0,0,2,0,차대차 - 기타,차로위반,기타,맑음,기타 - 기타,승용,남,43세,상해없음,승용,여,30세,경상
2018020400100338,2018년 2월 4일 16시,일요일,인천광역시 계양구 효성동,경상사고,0,0,1,0,차대차 - 정면충돌,교차로운행방법위반,건조,맑음,교차로 - 교차로안,이륜,남,16세,경상,승용,남,50세,상해없음
2018020400100365,2018년 2월 4일 17시,일요일,인천광역시 동구 송현동,경상사고,0,0,1,0,차대차 - 기타,안전거리미확보,건조,맑음,단일로 - 기타,농기계,남,63세,상해없음,이륜,남,44세,경상
2018020400100396,2018년 2월 4일 18시,일요일,인천광역시 중구 운서동,중상사고,0,1,0,0,차대사람 - 횡단중,안전운전불이행,건조,맑음,교차로 - 교차로안,승용,남,35세,상해없음,보행자,남,18세,중상
2018020400100397,2018년 2월 4일 18시,일요일,인천광역시 부평구 부평동,경상사고,0,0,1,0,차대차 - 기타,중앙선침범,건조,맑음,단일로 - 기타,기타불명,기타불명,미분류,기타불명,원동기,남,55세,경상
2018020400100398,2018년 2월 4일 18시,일요일,인천광역시 남동구 만수동,경상사고,0,0,1,0,차대차 - 기타,안전운전불이행,건조,맑음,교차로 - 교차로부근,기타불명,기타불명,미분류,기타불명,승용,남,36세,상해없음
2018020400100399,2018년 2월 4일 18시,일요일,인천광역시 남동구 구월동,경상사고,0,0,2,0,차대차 - 추돌,안전운전불이행,건조,맑음,교차로 - 교차로부근,승용,남,53세,상해없음,승용,여,49세,경상
2018020400100400,2018년 2월 4일 18시,일요일,인천광역시 계양구 작전동,경상사고,0,0,7,0,차대차 - 추돌,안전운전불이행,건조,맑음,단일로 - 기타,승합,남,59세,상해없음,승용,남,25세,경상
2018020400100426,2018년 2월 4일 19시,일요일,인천광역시 서구 당하동,경상사고,0,0,2,0,차대차 - 측면충돌,중앙선침범,건조,맑음,단일로 - 기타,승용,남,55세,상해없음,승용,남,40세,경상
2018020400100454,2018년 2월 4일 20시,일요일,인천광역시 부평구 부평동,중상사고,0,1,0,0,차대차 - 추돌,안전운전불이행,건조,맑음,교차로 - 교차로안,승용,남,63세,상해없음,이륜,남,22세,중상
2018020400100455,2018년 2월 4일 20시,일요일,인천광역시 부평구 삼산동,경상사고,0,0,1,0,차대차 - 추돌,안전운전불이행,건조,맑음,단일로 - 기타,화물,남,62세,상해없음,원동기,남,23세,경상
2018020400100485,2018년 2월 4일 21시,일요일,인천광역시 중구 운서동,경상사고,0,0,1,0,차대차 - 측면충돌,안전운전불이행,건조,맑음,단일로 - 기타,승용,남,60세,상해없음,승용,여,59세,경상
2018020400100486,2018년 2월 4일 21시,일요일,인천광역시 동구 송현동,경상사고,0,0,1,0,차대사람 - 횡단중,신호위반,건조,맑음,교차로 - 교차로안,승용,남,64세,상해없음,보행자,여,61세,경상
2018020400100487,2018년 2월 4일 21시,일요일,인천광역시 서구 심곡동,경상사고,0,0,1,0,차대차 - 기타,기타,건조,흐림,단일로 - 기타,승용,남,55세,상해없음,이륜,남,46세,경상
2018020400100488,2018년 2월 4일 21시,일요일,인천광역시 부평구 부평동,경상사고,0,0,1,0,차대차 - 측면충돌,교차로운행방법위반,건조,맑음,교차로 - 교차로안,승용,남,24세,상해없음,승용,남,60세,경상
2018020400100507,2018년 2월 4일 22시,일요일,인천광역시 부평구 일신동,경상사고,0,0,4,0,차대차 - 추돌,안전운전불이행,건조,맑음,단일로 - 기타,승합,남,43세,상해없음,승용,남,33세,경상
2018020400100508,2018년 2월 4일 22시,일요일,인천광역시 부평구 부개동,경상사고,0,0,2,0,차대차 - 추돌,안전운전불이행,건조,맑음,단일로 - 기타,승용,남,52세,상해없음,승용,여,32세,경상
2018020400100531,2018년 2월 4일 23시,일요일,인천광역시 서구 가정동,중상사고,0,1,0,0,차대차 - 추돌,안전운전불이행,건조,맑음,교차로 - 교차로부근,승용,남,35세,상해없음,승용,남,65세,중상
2018020400100532,2018년 2월 4일 23시,일요일,인천광역시 남동구 만수동,경상사고,0,0,4,0,차대차 - 추돌,안전운전불이행,젖음/습기,맑음,교차로 - 교차로부근,승용,남,52세,상해없음,승용,남,36세,경상
2018020500100017,2018년 2월 5일 00시,월요일,인천광역시 미추홀구 도화동,경상사고,0,0,1,0,차대차 - 추돌,안전운전불이행,건조,맑음,교차로 - 교차로부근,승용,남,29세,상해없음,승용,여,59세,경상
2018020500100040,2018년 2월 5일 03시,월요일,인천광역시 미추홀구 학익동,중상사고,0,1,0,0,차대차 - 추돌,안전운전불이행,건조,맑음,교차로 - 교차로부근,승용,남,33세,상해없음,승용,여,42세,중상
2018020500100045,2018년 2월 5일 04시,월요일,인천광역시 부평구 부평동,경상사고,0,0,2,0,차대차 - 추돌,안전운전불이행,건조,맑음,교차로 - 교차로부근,승용,남,60세,상해없음,승용,남,49세,경상
2018020500100055,2018년 2월 5일 05시,월요일,인천광역시 연수구 청학동,중상사고,0,1,0,0,차대차 - 추돌,안전거리미확보,젖음/습기,맑음,단일로 - 기타,승용,여,27세,중상,건설기계,남,45세,상해없음
2018020500100056,2018년 2월 5일 05시,월요일,인천광역시 연수구 옥련동,중상사고,0,1,0,0,차대차 - 측면충돌,중앙선침범,젖음/습기,맑음,단일로 - 기타,화물,남,30세,상해없음,승용,여,62세,중상
2018020500100071,2018년 2월 5일 06시,월요일,인천광역시 서구 가정동,경상사고,0,0,2,0,차대차 - 측면충돌,안전운전불이행,건조,맑음,단일로 - 기타,기타불명,기타불명,미분류,기타불명,승용,남,63세,경상
2018020500100072,2018년 2월 5일 06시,월요일,인천광역시 남동구 장수동,경상사고,0,0,4,0,차대차 - 기타,안전운전불이행,건조,맑음,단일로 - 기타,승용,남,28세,경상,화물,남,54세,경상
2018020500100073,2018년 2월 5일 06시,월요일,인천광역시 부평구 구산동,경상사고,0,0,2,0,차대차 - 추돌,안전운전불이행,건조,맑음,단일로 - 기타,화물,남,29세,상해없음,승용,남,62세,경상
2018020500100094,2018년 2월 5일 07시,월요일,인천광역시 서구 금곡동,경상사고,0,0,2,0,차대차 - 정면충돌,신호위반,건조,맑음,교차로 - 교차로안,화물,남,32세,경상,승용,남,41세,경상
2018020500100095,2018년 2월 5일 07시,월요일,인천광역시 남동구 만수동,경상사고,0,0,1,0,차대차 - 측면충돌,신호위반,건조,맑음,교차로 - 교차로안,승합,남,57세,상해없음,화물,남,52세,경상
2018020500100235,2018년 2월 5일 10시,월요일,인천광역시 서구 마전동,경상사고,0,0,1,0,차대차 - 추돌,안전운전불이행,건조,맑음,교차로 - 교차로부근,승용,여,35세,상해없음,승용,남,42세,상해없음
2018020500100236,2018년 2월 5일 10시,월요일,인천광역시 서구 오류동,중상사고,0,1,0,0,차대차 - 기타,안전운전불이행,건조,맑음,교차로 - 교차로안,화물,남,48세,상해없음,화물,남,36세,중상
2018020500100237,2018년 2월 5일 10시,월요일,인천광역시 남동구 만수동,경상사고,0,0,2,0,차대차 - 측면충돌,안전거리미확보,건조,맑음,단일로 - 기타,승용,여,55세,경상,특수,남,36세,경상
2018020500100261,2018년 2월 5일 11시,월요일,인천광역시 부평구 청천동,중상사고,0,2,0,0,차대사람 - 기타,보행자보호의무위반,건조,맑음,교차로 - 교차로횡단보도내,승용,남,28세,중상,보행자,남,65세,중상
2018020500100262,2018년 2월 5일 11시,월요일,인천광역시 남동구 구월동,경상사고,0,0,1,0,차대차 - 추돌,안전운전불이행,건조,맑음,기타 - 기타,화물,남,55세,기타불명,승용,남,56세,경상
2018020500100263,2018년 2월 5일 11시,월요일,인천광역시 남동구 간석동,경상사고,0,0,2,0,차대차 - 측면충돌,교차로운행방법위반,건조,맑음,교차로 - 교차로안,승용,남,57세,상해없음,승용,남,36세,경상
2018020500100264,2018년 2월 5일 11시,월요일,인천광역시 연수구 송도동,경상사고,0,0,2,1,차대차 - 측면충돌,중앙선침범,건조,맑음,단일로 - 기타,승용,남,30세,상해없음,승용,여,37세,부상신고
2018020500100322,2018년 2월 5일 13시,월요일,인천광역시 중구 신흥동3가,중상사고,0,1,0,0,차대차 - 추돌,안전운전불이행,건조,맑음,교차로 - 교차로부근,화물,남,41세,상해없음,승용,남,45세,중상
2018020500100394,2018년 2월 5일 15시,월요일,인천광역시 남동구 구월동,경상사고,0,0,2,0,차대차 - 측면충돌,안전운전불이행,건조,맑음,교차로 - 교차로안,승용,남,70세,상해없음,승용,남,31세,경상
2018020500100395,2018년 2월 5일 15시,월요일,인천광역시 서구 심곡동,경상사고,0,0,1,0,차대차 - 기타,기타,건조,맑음,단일로 - 기타,승용,여,47세,경상,기타불명,기타불명,미분류,기타불명
2018020500100396,2018년 2월 5일 15시,월요일,인천광역시 남동구 논현동,경상사고,0,0,1,0,차대차 - 추돌,안전운전불이행,건조,맑음,교차로 - 교차로부근,화물,남,75세,상해없음,승용,남,48세,경상
2018020500100462,2018년 2월 5일 17시,월요일,인천광역시 남동구 구월동,중상사고,0,1,0,0,차대차 - 기타,교차로운행방법위반,건조,맑음,교차로 - 교차로안,승용,남,51세,상해없음,이륜,남,80세,중상
2018020500100463,2018년 2월 5일 17시,월요일,인천광역시 부평구 갈산동,중상사고,0,2,1,0,차대차 - 기타,신호위반,건조,맑음,교차로 - 교차로안,이륜,남,17세,중상,승용,남,54세,경상
2018020500100505,2018년 2월 5일 18시,월요일,인천광역시 부평구 구산동,경상사고,0,0,2,0,차대차 - 추돌,안전운전불이행,건조,맑음,교차로 - 교차로안,승용,남,55세,상해없음,승용,남,32세,기타불명
2018020500100539,2018년 2월 5일 19시,월요일,인천광역시 동구 송현동,중상사고,0,1,0,1,차대차 - 추돌,안전운전불이행,젖음/습기,맑음,단일로 - 기타,화물,남,53세,상해없음,화물,남,63세,중상
2018020500100540,2018년 2월 5일 19시,월요일,인천광역시 미추홀구 주안동,경상사고,0,0,1,0,차대사람 - 횡단중,보행자보호의무위반,건조,맑음,교차로 - 교차로부근,승용,여,57세,상해없음,보행자,여,34세,경상
2018020500100541,2018년 2월 5일 19시,월요일,인천광역시 계양구 계산동,경상사고,0,0,1,0,차대차 - 측면충돌,안전운전불이행,건조,맑음,교차로 - 교차로안,승용,남,31세,상해없음,이륜,남,18세,경상
2018020500100595,2018년 2월 5일 21시,월요일,인천광역시 계양구 작전동,경상사고,0,0,2,0,차대차 - 추돌,안전운전불이행,건조,맑음,교차로 - 교차로안,승용,남,52세,상해없음,승용,여,36세,경상
2018020500100620,2018년 2월 5일 22시,월요일,인천광역시 미추홀구 용현동,중상사고,0,1,0,0,차대사람 - 횡단중,안전운전불이행,건조,맑음,단일로 - 기타,승용,남,36세,상해없음,보행자,남,38세,중상
2018020500100621,2018년 2월 5일 22시,월요일,인천광역시 부평구 부평동,경상사고,0,0,1,0,차대차 - 측면충돌,안전운전불이행,건조,맑음,교차로 - 교차로안,승용,남,56세,상해없음,이륜,남,17세,경상
2018020500100635,2018년 2월 5일 23시,월요일,인천광역시 계양구 하야동,경상사고,0,0,1,0,차대차 - 측면충돌,안전운전불이행,건조,맑음,단일로 - 기타,화물,남,45세,상해없음,승합,남,40세,경상
2018020600100015,2018년 2월 6일 00시,화요일,인천광역시 부평구 갈산동,경상사고,0,0,3,0,차대차 - 기타,안전운전불이행,건조,맑음,단일로 - 기타,승용,남,58세,상해없음,승용,여,24세,경상
2018020600100026,2018년 2월 6일 01시,화요일,인천광역시 남동구 만수동,경상사고,0,0,2,0,차대차 - 추돌,안전운전불이행,건조,맑음,단일로 - 기타,승용,남,26세,상해없음,승용,남,24세,경상
2018020600100046,2018년 2월 6일 04시,화요일,인천광역시 남동구 간석동,경상사고,0,0,1,0,차대차 - 추돌,안전운전불이행,건조,맑음,교차로 - 교차로안,승용,남,34세,상해없음,승용,남,56세,경상
2018020600100047,2018년 2월 6일 04시,화요일,인천광역시 서구 가좌동,중상사고,0,1,0,0,차대차 - 추돌,안전거리미확보,건조,맑음,단일로 - 기타,승용,남,24세,상해없음,화물,남,51세,중상
2018020600100072,2018년 2월 6일 06시,화요일,인천광역시 미추홀구 용현동,중상사고,0,2,0,0,차대차 - 측면충돌,신호위반,건조,맑음,교차로 - 교차로안,승용,남,68세,중상,승용,남,49세,중상
2018020600100097,2018년 2월 6일 07시,화요일,인천광역시 연수구 청학동,경상사고,0,0,1,0,차대차 - 측면충돌,안전거리미확보,건조,맑음,교차로 - 교차로부근,승용,여,55세,상해없음,승용,여,29세,경상
2018020600100098,2018년 2월 6일 07시,화요일,인천광역시 남동구 만수동,경상사고,0,0,2,0,차대차 - 추돌,안전운전불이행,기타,맑음,단일로 - 고가도로위,화물,남,61세,경상,승용,남,43세,상해없음
2018020600100146,2018년 2월 6일 08시,화요일,인천광역시 미추홀구 용현동,경상사고,0,0,1,0,차대사람 - 횡단중,신호위반,건조,맑음,교차로 - 교차로횡단보도내,승합,남,54세,상해없음,보행자,여,17세,경상
2018020600100147,2018년 2월 6일 08시,화요일,인천광역시 서구 검암동,중상사고,0,1,0,0,차대사람 - 기타,안전운전불이행,건조,맑음,교차로 - 교차로부근,승용,남,56세,상해없음,보행자,여,43세,중상
2018020600100184,2018년 2월 6일 09시,화요일,인천광역시 미추홀구 관교동,경상사고,0,0,1,1,차대차 - 측면충돌,신호위반,건조,맑음,교차로 - 교차로안,승용,남,59세,부상신고,승용,남,34세,경상
2018020600100211,2018년 2월 6일 10시,화요일,인천광역시 미추홀구 주안동,경상사고,0,0,4,0,차대차 - 측면충돌,교차로운행방법위반,건조,맑음,교차로 - 교차로안,승용,남,63세,경상,승용,남,41세,경상