사고번호,사고일시,요일,시군구,사고내용,사망자수,중상자수,경상자수,부상신고자수,사고유형,법규위반,노면상태,기상상태,도로형태,가해운전자 차종,가해운전자 성별,가해운전자 연령,가해운전자 상해정도,피해운전자 차종,피해운전자 성별,피해운전자 연령,피해운전자 상해정도
2018021000100477,2018년 2월 10일 19시,토요일,인천광역시 남동구 간석동,경상사고,0,0,1,0,차량단독 - 기타,안전운전불이행,건조,맑음,단일로 - 기타,승합,남,62세,상해없음,,,,
2018021000100494,2018년 2월 10일 20시,토요일,인천광역시 강화군 불은면,경상사고,0,0,1,0,차대차 - 기타,안전운전불이행,건조,맑음,기타 - 기타,화물,남,57세,상해없음,승합,남,28세,상해없음
2018021000100495,2018년 2월 10일 20시,토요일,인천광역시 연수구 송도동,중상사고,0,1,0,0,차대차 - 기타,안전거리미확보,건조,맑음,단일로 - 기타,승용,여,24세,상해없음,이륜,남,29세,중상
2018021000100496,2018년 2월 10일 20시,토요일,인천광역시 부평구 삼산동,경상사고,0,0,1,0,차대사람 - 차도통행중,안전운전불이행,건조,맑음,교차로 - 교차로부근,승용,여,43세,상해없음,보행자,남,9세,경상
2018021000100524,2018년 2월 10일 21시,토요일,인천광역시 서구 당하동,중상사고,0,1,0,0,차량단독 - 기타,안전운전불이행,건조,맑음,기타 - 기타,승용,남,27세,상해없음,,,,
2018021000100525,2018년 2월 10일 21시,토요일,인천광역시 연수구 선학동,중상사고,0,1,0,0,차대차 - 측면충돌,신호위반,건조,맑음,교차로 - 교차로안,자전거,남,72세,중상,승용,남,51세,상해없음
2018021000100546,2018년 2월 10일 22시,토요일,인천광역시 남동구 간석동,경상사고,0,0,1,0,차대사람 - 차도통행중,안전운전불이행,건조,맑음,단일로 - 기타,기타불명,기타불명,미분류,기타불명,보행자,여,63세,경상
2018021000100566,2018년 2월 10일 23시,토요일,인천광역시 서구 불로동,중상사고,0,1,0,0,차대사람 - 횡단중,안전운전불이행,건조,맑음,교차로 - 교차로안,승용,남,52세,상해없음,보행자,여,80세,중상
2018021000100567,2018년 2월 10일 23시,토요일,인천광역시 연수구 연수동,부상신고사고,0,0,0,1,차대차 - 추돌,안전운전불이행,건조,맑음,교차로 - 교차로부근,승용,남,43세,상해없음,승용,여,49세,부상신고
2018021000100568,2018년 2월 10일 23시,토요일,인천광역시 부평구 부개동,경상사고,0,0,1,0,차대사람 - 횡단중,신호위반,건조,맑음,단일로 - 기타,승용,남,56세,상해없음,보행자,여,42세,경상
2018021100100017,2018년 2월 11일 00시,일요일,인천광역시 부평구 청천동,경상사고,0,0,1,0,차대사람 - 차도통행중,안전운전불이행,건조,맑음,단일로 - 지하차도(도로)내,승용,남,19세,상해없음,보행자,남,35세,경상
2018021100100018,2018년 2월 11일 00시,일요일,인천광역시 연수구 청학동,경상사고,0,0,1,0,차대차 - 측면충돌,안전운전불이행,건조,맑음,단일로 - 기타,승용,남,30세,상해없음,이륜,남,16세,경상
2018021100100033,2018년 2월 11일 01시,일요일,인천광역시 미추홀구 숭의동,경상사고,0,0,2,0,차량단독 - 공작물충돌,안전운전불이행,건조,맑음,교차로 - 교차로부근,승용,남,59세,상해없음,,,,
2018021100100034,2018년 2월 11일 01시,일요일,인천광역시 서구 마전동,경상사고,0,0,2,0,차대차 - 추돌,안전운전불이행,건조,맑음,교차로 - 교차로부근,승용,남,25세,상해없음,승용,남,30세,경상
2018021100100061,2018년 2월 11일 03시,일요일,인천광역시 연수구 연수동,중상사고,0,1,1,0,차대차 - 측면충돌,안전운전불이행,건조,맑음,단일로 - 기타,승용,남,33세,상해없음,승용,남,50세,경상
2018021100100148,2018년 2월 11일 10시,일요일,인천광역시 중구 송월동1가,경상사고,0,0,1,0,차대사람 - 차도통행중,안전운전불이행,젖음/습기,맑음,단일로 - 기타,승용,남,57세,상해없음,보행자,남,46세,경상
2018021100100149,2018년 2월 11일 10시,일요일,인천광역시 부평구 삼산동,경상사고,0,0,2,0,차대차 - 측면충돌,차로위반,건조,맑음,단일로 - 교량,건설기계,남,53세,상해없음,승용,남,63세,경상
2018021100100169,2018년 2월 11일 11시,일요일,인천광역시 남동구 구월동,중상사고,0,1,0,0,차대사람 - 기타,신호위반,건조,맑음,교차로 - 교차로안,이륜,남,27세,상해없음,보행자,여,13세,중상
2018021100100211,2018년 2월 11일 13시,일요일,인천광역시 미추홀구 주안동,경상사고,0,0,2,0,차대차 - 기타,안전운전불이행,건조,맑음,단일로 - 기타,승용,남,39세,기타불명,승용,남,25세,경상
2018021100100212,2018년 2월 11일 13시,일요일,인천광역시 부평구 산곡동,경상사고,0,0,4,0,차대차 - 측면충돌,안전운전불이행,건조,맑음,교차로 - 교차로안,승용,여,53세,상해없음,승용,남,27세,경상
2018021100100213,2018년 2월 11일 13시,일요일,인천광역시 서구 검암동,중상사고,0,1,0,0,차대사람 - 횡단중,보행자보호의무위반,건조,맑음,교차로 - 교차로부근,승용,여,51세,상해없음,보행자,여,52세,중상
2018021100100214,2018년 2월 11일 13시,일요일,인천광역시 서구 신현동,경상사고,0,0,1,0,차대차 - 추돌,안전운전불이행,건조,맑음,단일로 - 기타,승용,여,37세,상해없음,승용,여,31세,경상
2018021100100215,2018년 2월 11일 13시,일요일,인천광역시 강화군 양사면,중상사고,0,1,0,0,차대차 - 측면충돌,교차로운행방법위반,건조,맑음,교차로 - 교차로안,승용,남,42세,상해없음,승용,남,66세,중상
2018021100100216,2018년 2월 11일 13시,일요일,인천광역시 연수구 동춘동,중상사고,0,1,0,0,차대사람 - 기타,안전운전불이행,건조,맑음,단일로 - 기타,승용,여,25세,상해없음,보행자,여,71세,중상
2018021100100236,2018년 2월 11일 14시,일요일,인천광역시 서구 가좌동,경상사고,0,0,3,1,차대차 - 추돌,신호위반,건조,맑음,교차로 - 교차로안,화물,남,66세,부상신고,승용,남,41세,경상
2018021100100289,2018년 2월 11일 16시,일요일,인천광역시 계양구 계산동,경상사고,0,0,3,0,차대차 - 정면충돌,중앙선침범,젖음/습기,흐림,단일로 - 기타,승합,남,52세,상해없음,승용,남,45세,경상
2018021100100312,2018년 2월 11일 17시,일요일,인천광역시 남동구 장수동,경상사고,0,0,1,0,차대차 - 추돌,안전운전불이행,건조,맑음,단일로 - 기타,화물,남,37세,상해없음,화물,남,56세,경상
2018021100100348,2018년 2월 11일 18시,일요일,인천광역시 서구 심곡동,중상사고,0,1,0,0,차대사람 - 길가장자리구역통행중,안전운전불이행,건조,맑음,단일로 - 기타,승용,남,36세,상해없음,보행자,남,48세,중상
2018021100100374,2018년 2월 11일 19시,일요일,인천광역시 남동구 구월동,경상사고,0,0,2,0,차대차 - 측면충돌,신호위반,건조,맑음,교차로 - 교차로안,승용,남,58세,상해없음,승용,남,57세,경상
2018021100100400,2018년 2월 11일 20시,일요일,인천광역시 중구 항동7가,중상사고,0,1,0,0,차대사람 - 기타,안전운전불이행,건조,맑음,기타 - 기타,승용,남,55세,상해없음,보행자,여,69세,중상
2018021100100401,2018년 2월 11일 20시,일요일,인천광역시 부평구 부평동,중상사고,0,1,1,0,차대차 - 기타,교차로운행방법위반,건조,맑음,교차로 - 교차로안,승용,남,46세,상해없음,승용,여,58세,중상
2018021100100454,2018년 2월 11일 22시,일요일,인천광역시 부평구 구산동,경상사고,0,0,2,0,차대차 - 측면충돌,안전운전불이행,건조,맑음,단일로 - 기타,승용,남,59세,상해없음,승용,남,33세,경상
2018021200100031,2018년 2월 12일 02시,월요일,인천광역시 서구 심곡동,중상사고,0,1,0,0,차대사람 - 기타,안전운전불이행,건조,맑음,교차로 - 교차로부근,승용,남,28세,상해없음,보행자,남,53세,중상
2018021200100056,2018년 2월 12일 05시,월요일,인천광역시 부평구 십정동,중상사고,0,1,0,0,차대차 - 기타,중앙선침범,건조,맑음,단일로 - 기타,승용,남,34세,상해없음,승용,남,58세,중상
2018021200100066,2018년 2월 12일 06시,월요일,인천광역시 미추홀구 용현동,경상사고,0,0,1,0,차대차 - 측면충돌,안전운전불이행,기타,기타,단일로 - 기타,승합,남,68세,상해없음,승용,남,55세,경상
2018021200100086,2018년 2월 12일 07시,월요일,인천광역시 계양구 작전동,경상사고,0,0,3,0,차대차 - 기타,안전운전불이행,건조,맑음,단일로 - 기타,승용,남,74세,상해없음,승합,남,56세,경상
2018021200100182,2018년 2월 12일 09시,월요일,인천광역시 남동구 남촌동,경상사고,0,0,1,0,차대차 - 측면충돌,차로위반,건조,맑음,단일로 - 교량,승용,남,48세,상해없음,화물,남,32세,경상
2018021200100218,2018년 2월 12일 10시,월요일,인천광역시 남동구 간석동,경상사고,0,0,1,0,차대사람 - 기타,안전운전불이행,건조,맑음,기타 - 기타,기타불명,기타불명,미분류,기타불명,보행자,여,60세,경상
2018021200100324,2018년 2월 12일 13시,월요일,인천광역시 부평구 십정동,경상사고,0,0,1,0,차대차 - 측면충돌,안전거리미확보,건조,맑음,단일로 - 기타,건설기계,남,44세,상해없음,승용,여,44세,경상
2018021200100371,2018년 2월 12일 14시,월요일,인천광역시 부평구 십정동,경상사고,0,0,2,0,차대차 - 추돌,안전운전불이행,건조,맑음,단일로 - 기타,승용,남,27세,상해없음,승용,남,44세,경상
2018021200100409,2018년 2월 12일 15시,월요일,인천광역시 연수구 선학동,경상사고,0,0,2,0,차대차 - 추돌,안전운전불이행,건조,맑음,단일로 - 기타,승용,남,34세,상해없음,승합,남,27세,경상
2018021200100464,2018년 2월 12일 16시,월요일,인천광역시 미추홀구 주안동,경상사고,0,0,1,0,차대차 - 측면충돌,안전운전불이행,건조,맑음,기타 - 기타,승용,남,28세,상해없음,승용,남,63세,경상
2018021200100465,2018년 2월 12일 16시,월요일,인천광역시 서구 가정동,경상사고,0,0,1,0,차대차 - 기타,안전운전불이행,건조,맑음,단일로 - 기타,승용,여,45세,상해없음,승용,남,55세,상해없음
2018021200100508,2018년 2월 12일 17시,월요일,인천광역시 강화군 길상면,중상사고,0,1,0,0,차대차 - 측면충돌,안전운전불이행,건조,맑음,기타 - 기타,화물,남,60세,상해없음,승용,남,36세,중상
2018021200100571,2018년 2월 12일 18시,월요일,인천광역시 미추홀구 주안동,경상사고,0,0,1,0,차대사람 - 기타,안전운전불이행,건조,맑음,단일로 - 기타,화물,남,48세,상해없음,보행자,여,26세,경상
2018021200100572,2018년 2월 12일 18시,월요일,인천광역시 남동구 간석동,경상사고,0,0,3,0,차대차 - 추돌,안전거리미확보,건조,맑음,단일로 - 기타,승용,여,44세,상해없음,승용,여,50세,경상
2018021200100573,2018년 2월 12일 18시,월요일,인천광역시 계양구 임학동,경상사고,0,0,1,0,차대차 - 정면충돌,중앙선침범,건조,맑음,단일로 - 기타,화물,남,52세,상해없음,승용,남,43세,경상
2018021200100619,2018년 2월 12일 19시,월요일,인천광역시 중구 신흥동3가,중상사고,0,1,0,0,차대사람 - 횡단중,보행자보호의무위반,건조,맑음,교차로 - 교차로횡단보도내,화물,남,69세,상해없음,보행자,여,72세,중상
2018021200100620,2018년 2월 12일 19시,월요일,인천광역시 미추홀구 주안동,경상사고,0,0,3,0,차대차 - 추돌,안전운전불이행,건조,맑음,단일로 - 기타,승용,남,59세,상해없음,승용,남,46세,경상
2018021200100621,2018년 2월 12일 19시,월요일,인천광역시 서구 가좌동,경상사고,0,0,1,0,차대사람 - 길가장자리구역통행중,안전운전불이행,젖음/습기,눈,교차로 - 교차로안,승용,남,60세,상해없음,보행자,여,37세,경상
2018021200100622,2018년 2월 12일 19시,월요일,인천광역시 남동구 남촌동,경상사고,0,0,5,0,차대차 - 추돌,안전운전불이행,건조,흐림,단일로 - 고가도로위,승용,여,49세,기타불명,승용,여,26세,경상
2018021200100708,2018년 2월 12일 21시,월요일,인천광역시 남동구 구월동,부상신고사고,0,0,0,1,차대차 - 정면충돌,안전거리미확보,건조,맑음,교차로 - 교차로부근,기타불명,기타불명,미분류,기타불명,승용,남,24세,부상신고
2018021200100733,2018년 2월 12일 22시,월요일,인천광역시 계양구 작전동,경상사고,0,0,1,0,차대차 - 기타,안전거리미확보,건조,맑음,교차로 - 교차로부근,승용,남,59세,상해없음,이륜,남,57세,경상
2018021300100044,2018년 2월 13일 01시,화요일,인천광역시 중구 운서동,중상사고,0,1,0,0,차대차 - 측면충돌,안전거리미확보,건조,맑음,단일로 - 교량,승용,남,54세,상해없음,승용,여,54세,중상
2018021300100057,2018년 2월 13일 02시,화요일,인천광역시 계양구 작전동,경상사고,0,0,2,0,차대차 - 측면충돌,신호위반,건조,맑음,교차로 - 교차로안,승용,남,60세,상해없음,승용,남,63세,경상
2018021300100076,2018년 2월 13일 04시,화요일,인천광역시 미추홀구 용현동,경상사고,0,0,1,0,차대차 - 기타,안전운전불이행,건조,맑음,기타 - 기타,승용,남,23세,기타불명,승용,남,46세,경상
2018021300100077,2018년 2월 13일 04시,화요일,인천광역시 연수구 옥련동,경상사고,0,0,1,0,차대차 - 추돌,안전운전불이행,젖음/습기,맑음,단일로 - 기타,승용,남,46세,상해없음,승용,여,50세,경상
2018021300100088,2018년 2월 13일 05시,화요일,인천광역시 서구 석남동,경상사고,0,0,1,0,차대차 - 측면충돌,안전운전불이행,건조,맑음,교차로 - 교차로안,승용,남,44세,상해없음,승용,남,59세,경상
2018021300100089,2018년 2월 13일 05시,화요일,인천광역시 연수구 송도동,경상사고,0,0,2,0,차대차 - 추돌,안전운전불이행,건조,맑음,단일로 - 기타,승용,남,44세,상해없음,승용,여,44세,경상
2018021300100106,2018년 2월 13일 06시,화요일,인천광역시 중구 항동7가,중상사고,0,1,2,0,차대차 - 추돌,안전운전불이행,건조,맑음,단일로 - 기타,건설기계,남,47세,중상,화물,남,54세,경상
2018021300100107,2018년 2월 13일 06시,화요일,인천광역시 부평구 십정동,중상사고,0,1,5,0,차대차 - 측면충돌,신호위반,건조,맑음,교차로 - 교차로안,승용,여,58세,상해없음,승용,남,56세,상해없음
2018021300100165,2018년 2월 13일 08시,화요일,인천광역시 미추홀구 숭의동,경상사고,0,0,1,0,차대차 - 기타,신호위반,건조,맑음,교차로 - 교차로부근,승용,여,77세,상해없음,개인형이동수단(PM),여,50세,경상
2018021300100166,2018년 2월 13일 08시,화요일,인천광역시 남동구 간석동,경상사고,0,0,2,0,차대차 - 추돌,안전거리미확보,건조,맑음,기타 - 기타,승용,남,56세,상해없음,승용,남,25세,경상
2018021300100214,2018년 2월 13일 09시,화요일,인천광역시 미추홀구 용현동,경상사고,0,0,2,0,차대차 - 추돌,안전운전불이행,건조,맑음,기타 - 기타,승용,여,56세,상해없음,승용,여,29세,경상
2018021300100215,2018년 2월 13일 09시,화요일,인천광역시 서구 당하동,경상사고,0,0,1,0,차대차 - 측면충돌,안전운전불이행,건조,맑음,교차로 - 교차로안,승용,여,50세,상해없음,승용,남,35세,경상
2018021300100216,2018년 2월 13일 09시,화요일,인천광역시 강화군 강화읍,중상사고,0,1,0,0,차대사람 - 횡단중,교차로운행방법위반,건조,맑음,교차로 - 교차로안,화물,남,42세,상해없음,보행자,여,77세,중상
2018021300100308,2018년 2월 13일 11시,화요일,인천광역시 중구 신흥동3가,경상사고,0,0,1,1,차대차 - 기타,안전운전불이행,건조,맑음,단일로 - 기타,이륜,남,43세,부상신고,승용,남,51세,경상
2018021300100340,2018년 2월 13일 12시,화요일,인천광역시 연수구 동춘동,경상사고,0,0,1,0,차대차 - 기타,안전운전불이행,건조,맑음,교차로 - 교차로안,승용,여,41세,상해없음,승용,여,41세,경상
2018021300100373,2018년 2월 13일 13시,화요일,인천광역시 미추홀구 주안동,중상사고,0,1,0,0,차대사람 - 기타,안전운전불이행,건조,맑음,단일로 - 기타,승용,남,40세,상해없음,보행자,여,24세,중상
2018021300100374,2018년 2월 13일 13시,화요일,인천광역시 미추홀구 문학동,중상사고,0,1,0,0,차대차 - 측면충돌,안전거리미확보,건조,맑음,단일로 - 기타,승용,여,61세,기타불명,승용,남,29세,중상
2018021300100375,2018년 2월 13일 13시,화요일,인천광역시 서구 경서동,경상사고,0,0,2,0,차대차 - 측면충돌,신호위반,건조,맑음,교차로 - 교차로안,화물,남,55세,상해없음,승용,남,59세,경상
2018021300100416,2018년 2월 13일 14시,화요일,인천광역시 남동구 만수동,경상사고,0,0,1,0,차대차 - 측면충돌,안전거리미확보,건조,맑음,단일로 - 기타,화물,남,31세,상해없음,이륜,남,59세,경상
2018021300100516,2018년 2월 13일 16시,화요일,인천광역시 계양구 효성동,경상사고,0,0,1,0,차대차 - 측면충돌,안전운전불이행,건조,맑음,교차로 - 교차로안,승용,여,67세,상해없음,승용,여,45세,경상
2018021300100517,2018년 2월 13일 16시,화요일,인천광역시 계양구 효성동,경상사고,0,0,1,0,차대차 - 추돌,안전운전불이행,건조,맑음,단일로 - 기타,승용,여,25세,상해없음,승용,여,50세,경상
2018021300100630,2018년 2월 13일 18시,화요일,인천광역시 서구 경서동,경상사고,0,0,2,0,차대차 - 측면충돌,신호위반,건조,맑음,교차로 - 교차로안,승용,여,44세,상해없음,승용,여,31세,경상
2018021300100631,2018년 2월 13일 18시,화요일,인천광역시 서구 마전동,중상사고,0,1,0,0,차량단독 - 기타,안전운전불이행,건조,맑음,단일로 - 기타,승합,남,57세,상해없음,,,,
2018021300100632,2018년 2월 13일 18시,화요일,인천광역시 연수구 옥련동,경상사고,0,0,1,0,차대사람 - 횡단중,안전운전불이행,건조,맑음,교차로 - 교차로안,승용,여,54세,상해없음,보행자,남,59세,경상
2018021300100633,2018년 2월 13일 18시,화요일,인천광역시 남동구 도림동,경상사고,0,0,1,0,차대차 - 추돌,안전운전불이행,건조,맑음,단일로 - 기타,승용,남,32세,상해없음,승용,남,32세,경상
2018021300100685,2018년 2월 13일 19시,화요일,인천광역시 미추홀구 주안동,중상사고,0,1,0,0,차대사람 - 횡단중,안전운전불이행,건조,맑음,단일로 - 기타,승용,남,50세,상해없음,보행자,남,81세,중상
2018021300100686,2018년 2월 13일 19시,화요일,인천광역시 서구 연희동,경상사고,0,0,1,0,차대차 - 측면충돌,안전운전불이행,건조,맑음,교차로 - 교차로부근,승용,남,52세,경상,승합,남,70세,상해없음
2018021300100687,2018년 2월 13일 19시,화요일,인천광역시 부평구 삼산동,경상사고,0,0,1,0,차대차 - 측면충돌,안전운전불이행,건조,맑음,교차로 - 교차로안,승용,여,39세,기타불명,승용,여,59세,경상
2018021300100718,2018년 2월 13일 20시,화요일,인천광역시 남동구 구월동,경상사고,0,0,1,0,차대차 - 기타,안전운전불이행,젖음/습기,맑음,기타 - 기타,승용,남,33세,상해없음,이륜,남,35세,경상
2018021300100719,2018년 2월 13일 20시,화요일,인천광역시 남동구 구월동,경상사고,0,0,1,0,차대사람 - 길가장자리구역통행중,안전운전불이행,건조,맑음,단일로 - 기타,화물,여,54세,상해없음,보행자,여,49세,경상
2018021300100720,2018년 2월 13일 20시,화요일,인천광역시 계양구 용종동,경상사고,0,0,2,0,차대차 - 측면충돌,안전거리미확보,건조,맑음,단일로 - 기타,승용,남,55세,경상,승용,남,27세,경상
2018021300100721,2018년 2월 13일 20시,화요일,인천광역시 부평구 부개동,경상사고,0,0,2,0,차대차 - 추돌,안전운전불이행,건조,맑음,기타 - 기타,승용,남,61세,상해없음,승용,남,37세,경상
2018021300100760,2018년 2월 13일 21시,화요일,인천광역시 남동구 만수동,중상사고,0,2,1,0,차대차 - 추돌,안전운전불이행,건조,맑음,교차로 - 교차로부근,승용,남,48세,상해없음,승용,남,61세,중상
2018021300100784,2018년 2월 13일 22시,화요일,인천광역시 동구 송현동,경상사고,0,0,1,0,차대차 - 기타,안전운전불이행,건조,맑음,단일로 - 기타,승용,여,21세,상해없음,승용,남,58세,경상
2018021300100785,2018년 2월 13일 22시,화요일,인천광역시 부평구 삼산동,경상사고,0,0,2,0,차대차 - 추돌,안전운전불이행,건조,맑음,단일로 - 기타,승용,남,55세,상해없음,승용,남,65세,경상
2018021300100814,2018년 2월 13일 23시,화요일,인천광역시 남동구 간석동,경상사고,0,0,1,0,차대차 - 추돌,안전거리미확보,건조,맑음,단일로 - 기타,승용,남,52세,상해없음,승용,남,28세,경상
2018021300100815,2018년 2월 13일 23시,화요일,인천광역시 계양구 작전동,경상사고,0,0,3,1,차대차 - 측면충돌,신호위반,건조,맑음,교차로 - 교차로안,승용,여,26세,경상,승용,남,24세,경상
2018021400100031,2018년 2월 14일 00시,수요일,인천광역시 연수구 송도동,중상사고,0,1,0,0,차대차 - 측면충돌,안전운전불이행,건조,맑음,단일로 - 기타,승용,여,28세,상해없음,화물,여,53세,중상
2018021400100060,2018년 2월 14일 01시,수요일,인천광역시 남동구 만수동,경상사고,0,0,1,0,차대차 - 기타,안전운전불이행,건조,맑음,교차로 - 교차로부근,승용,남,47세,상해없음,승용,남,63세,경상
2018021400100084,2018년 2월 14일 03시,수요일,인천광역시 부평구 구산동,경상사고,0,0,1,0,차대차 - 기타,차로위반,건조,맑음,단일로 - 교량,승용,남,40세,상해없음,승용,남,31세,경상
2018021400100166,2018년 2월 14일 08시,수요일,인천광역시 중구 운서동,경상사고,0,0,1,0,차대차 - 측면충돌,신호위반,건조,맑음,교차로 - 교차로안,승용,남,33세,상해없음,승용,여,41세,경상
2018021400100191,2018년 2월 14일 09시,수요일,인천광역시 서구 연희동,중상사고,0,1,1,0,차대차 - 추돌,안전운전불이행,건조,맑음,교차로 - 교차로안,승용,여,29세,상해없음,승용,남,49세,중상
2018021400100192,2018년 2월 14일 09시,수요일,인천광역시 남동구 남촌동,중상사고,0,1,4,0,차대차 - 정면충돌,신호위반,건조,맑음,교차로 - 교차로부근,승용,남,53세,상해없음,승용,남,59세,중상
2018021400100225,2018년 2월 14일 10시,수요일,인천광역시 계양구 계산동,중상사고,0,1,0,0,차대차 - 기타,신호위반,건조,맑음,단일로 - 기타,승용,여,45세,상해없음,이륜,남,65세,중상
2018021400100269,2018년 2월 14일 11시,수요일,인천광역시 미추홀구 학익동,경상사고,0,0,1,0,차대차 - 기타,안전운전불이행,건조,맑음,기타 - 기타,특수,남,54세,상해없음,승용,남,34세,경상
2018021400100270,2018년 2월 14일 11시,수요일,인천광역시 서구 불로동,경상사고,0,0,1,0,차대차 - 기타,안전운전불이행,건조,맑음,교차로 - 교차로안,화물,남,54세,상해없음,이륜,남,44세,경상
2018021400100356,2018년 2월 14일 14시,수요일,인천광역시 연수구 동춘동,경상사고,0,0,2,0,차대차 - 정면충돌,신호위반,건조,맑음,교차로 - 교차로안,승용,남,31세,경상,승용,남,33세,경상
2018021400100357,2018년 2월 14일 14시,수요일,인천광역시 부평구 일신동,경상사고,0,0,1,0,차대차 - 측면충돌,안전운전불이행,건조,맑음,단일로 - 기타,승용,여,31세,상해없음,승용,남,33세,경상
2018021400100358,2018년 2월 14일 14시,수요일,인천광역시 남동구 논현동,경상사고,0,0,1,0,차대차 - 추돌,안전운전불이행,건조,맑음,단일로 - 기타,승용,여,44세,상해없음,승용,남,50세,경상
2018021400100534,2018년 2월 14일 18시,수요일,인천광역시 남동구 구월동,경상사고,0,0,1,0,차대차 - 추돌,안전운전불이행,건조,맑음,단일로 - 기타,승용,남,51세,상해없음,승용,여,46세,경상
2018021400100596,2018년 2월 14일 19시,수요일,인천광역시 서구 원당동,경상사고,0,0,1,0,차대차 - 기타,안전운전불이행,건조,맑음,교차로 - 교차로부근,승용,남,31세,상해없음,승용,남,35세,경상
2018021400100597,2018년 2월 14일 19시,수요일,인천광역시 부평구 삼산동,경상사고,0,0,1,0,차대차 - 추돌,안전운전불이행,건조,맑음,단일로 - 기타,승용,남,52세,상해없음,승용,남,45세,경상
2018021500100121,2018년 2월 15일 07시,목요일,인천광역시 계양구 임학동,부상신고사고,0,0,0,1,차대차 - 측면충돌,중앙선침범,건조,맑음,교차로 - 교차로안,이륜,여,58세,부상신고,승용,남,66세,상해없음
2018021500100169,2018년 2월 15일 10시,목요일,인천광역시 남동구 간석동,경상사고,0,0,1,0,차대사람 - 횡단중,보행자보호의무위반,건조,맑음,기타 - 기타,승용,남,50세,상해없음,보행자,남,72세,경상
2018021500100296,2018년 2월 15일 16시,목요일,인천광역시 남동구 간석동,중상사고,0,1,0,0,차대사람 - 기타,신호위반,건조,맑음,교차로 - 교차로안,승용,남,56세,상해없음,보행자,남,9세,중상
2018021500100313,2018년 2월 15일 17시,목요일,인천광역시 중구 경동,경상사고,0,0,1,0,차대사람 - 기타,안전운전불이행,건조,맑음,교차로 - 교차로부근,승용,남,54세,상해없음,보행자,여,67세,경상
2018021500100314,2018년 2월 15일 17시,목요일,인천광역시 서구 심곡동,중상사고,0,1,1,0,차대차 - 측면충돌,안전운전불이행,건조,맑음,단일로 - 기타,승용,여,58세,상해없음,승용,남,33세,중상
2018021500100427,2018년 2월 15일 22시,목요일,인천광역시 서구 당하동,경상사고,0,0,2,0,차대차 - 추돌,안전운전불이행,건조,맑음,단일로 - 기타,기타불명,기타불명,미분류,기타불명,승용,남,19세,경상
2018021500100444,2018년 2월 15일 23시,목요일,인천광역시 미추홀구 숭의동,중상사고,0,1,3,0,차대차 - 측면충돌,신호위반,건조,맑음,교차로 - 교차로안,승용,여,32세,경상,승용,남,56세,경상
2018021500100445,2018년 2월 15일 23시,목요일,인천광역시 서구 석남동,경상사고,0,0,1,0,차대사람 - 기타,안전운전불이행,건조,맑음,단일로 - 기타,승용,남,53세,상해없음,보행자,남,52세,경상
2018021600100007,2018년 2월 16일 00시,금요일,인천광역시 중구 운북동,중상사고,0,1,0,0,차대사람 - 횡단중,기타,건조,맑음,교차로 - 교차로안,화물,남,33세,상해없음,보행자,남,64세,중상
2018021600100020,2018년 2월 16일 02시,금요일,인천광역시 부평구 부평동,경상사고,0,0,1,0,차대사람 - 횡단중,보행자보호의무위반,건조,맑음,교차로 - 교차로안,승용,남,59세,상해없음,보행자,남,31세,경상
2018021600100028,2018년 2월 16일 04시,금요일,인천광역시 미추홀구 주안동,경상사고,0,0,2,0,차대차 - 측면충돌,안전운전불이행,건조,맑음,교차로 - 교차로안,승용,남,24세,기타불명,승용,남,41세,경상
2018021600100029,2018년 2월 16일 04시,금요일,인천광역시 부평구 부평동,경상사고,0,0,3,0,차대차 - 추돌,안전운전불이행,건조,맑음,교차로 - 교차로부근,승용,남,51세,상해없음,승용,남,52세,경상
2018021600100033,2018년 2월 16일 05시,금요일,인천광역시 중구 운서동,경상사고,0,0,2,0,차대차 - 측면충돌,신호위반,건조,맑음,교차로 - 교차로안,승용,여,27세,상해없음,승용,여,33세,경상
2018021600100034,2018년 2월 16일 05시,금요일,인천광역시 계양구 계산동,경상사고,0,0,1,0,차대사람 - 기타,안전운전불이행,건조,맑음,단일로 - 기타,승용,남,70세,상해없음,보행자,남,39세,경상
2018021600100194,2018년 2월 16일 15시,금요일,인천광역시 부평구 부평동,경상사고,0,0,1,0,차대차 - 기타,신호위반,건조,맑음,교차로 - 교차로안,승용,남,42세,상해없음,이륜,남,46세,경상
2018021600100238,2018년 2월 16일 17시,금요일,인천광역시 중구 신흥동3가,중상사고,0,3,0,0,차대차 - 측면충돌,안전운전불이행,건조,맑음,단일로 - 기타,승용,여,50세,상해없음,화물,남,58세,중상
2018021600100258,2018년 2월 16일 18시,금요일,인천광역시 연수구 송도동,사망사고,1,0,0,0,차량단독 - 공작물충돌,안전운전불이행,건조,맑음,단일로 - 기타,승용,남,50세,사망,,,,
2018021600100271,2018년 2월 16일 19시,금요일,인천광역시 남동구 간석동,중상사고,0,1,1,0,차량단독 - 공작물충돌,안전운전불이행,젖음/습기,맑음,단일로 - 지하차도(도로)내,화물,남,29세,상해없음,,,,
2018021600100311,2018년 2월 16일 21시,금요일,인천광역시 남동구 구월동,경상사고,0,0,1,0,차대사람 - 보도통행중,신호위반,건조,기타,교차로 - 교차로횡단보도내,이륜,남,49세,상해없음,보행자,여,28세,경상