사고번호,사고일시,요일,시군구,사고내용,사망자수,중상자수,경상자수,부상신고자수,사고유형,법규위반,노면상태,기상상태,도로형태,가해운전자 차종,가해운전자 성별,가해운전자 연령,가해운전자 상해정도,피해운전자 차종,피해운전자 성별,피해운전자 연령,피해운전자 상해정도
2018021600100345,2018년 2월 16일 23시,금요일,인천광역시 부평구 부평동,경상사고,0,0,1,0,차대사람 - 차도통행중,안전운전불이행,건조,맑음,단일로 - 기타,승용,여,26세,상해없음,보행자,남,60세,경상
2018021700100014,2018년 2월 17일 00시,토요일,인천광역시 부평구 십정동,경상사고,0,0,1,0,차대차 - 측면충돌,신호위반,건조,맑음,교차로 - 교차로안,기타불명,기타불명,미분류,기타불명,승용,남,32세,경상
2018021700100023,2018년 2월 17일 01시,토요일,인천광역시 부평구 부평동,경상사고,0,0,1,0,차대사람 - 차도통행중,안전운전불이행,건조,맑음,단일로 - 기타,승용,남,30세,상해없음,보행자,남,29세,경상
2018021700100067,2018년 2월 17일 06시,토요일,인천광역시 부평구 청천동,경상사고,0,0,1,0,차량단독 - 공작물충돌,안전운전불이행,건조,맑음,단일로 - 터널,승용,남,29세,경상,,,,
2018021700100089,2018년 2월 17일 09시,토요일,인천광역시 부평구 부평동,중상사고,0,2,0,0,차대차 - 기타,신호위반,건조,맑음,교차로 - 교차로안,승용,남,23세,상해없음,승용,남,37세,중상
2018021700100170,2018년 2월 17일 14시,토요일,인천광역시 연수구 동춘동,경상사고,0,0,1,0,차량단독 - 기타,안전운전불이행,건조,맑음,단일로 - 기타,승용,남,56세,상해없음,,,,
2018021700100190,2018년 2월 17일 15시,토요일,인천광역시 부평구 부개동,경상사고,0,0,1,0,차대차 - 측면충돌,안전운전불이행,건조,맑음,교차로 - 교차로안,승용,남,31세,상해없음,이륜,남,42세,경상
2018021700100235,2018년 2월 17일 17시,토요일,인천광역시 부평구 삼산동,경상사고,0,0,1,0,차대사람 - 차도통행중,안전운전불이행,건조,맑음,기타 - 기타,화물,남,62세,상해없음,보행자,여,40세,경상
2018021700100256,2018년 2월 17일 18시,토요일,인천광역시 계양구 작전동,중상사고,0,1,0,0,차대차 - 추돌,신호위반,건조,맑음,교차로 - 교차로안,승용,남,59세,상해없음,이륜,남,30세,중상
2018021700100287,2018년 2월 17일 19시,토요일,인천광역시 미추홀구 주안동,경상사고,0,0,3,0,차대차 - 추돌,안전운전불이행,건조,맑음,교차로 - 교차로부근,승용,남,51세,상해없음,승용,남,28세,경상
2018021700100288,2018년 2월 17일 19시,토요일,인천광역시 남동구 간석동,중상사고,0,1,0,0,차대차 - 정면충돌,신호위반,건조,맑음,교차로 - 교차로안,승용,남,38세,상해없음,승용,여,39세,중상
2018021700100289,2018년 2월 17일 19시,토요일,인천광역시 연수구 선학동,경상사고,0,0,1,0,차대차 - 측면충돌,차로위반,건조,맑음,교차로 - 교차로부근,승용,남,61세,기타불명,승용,여,56세,경상
2018021700100290,2018년 2월 17일 19시,토요일,인천광역시 부평구 부평동,경상사고,0,0,1,0,차대차 - 측면충돌,안전운전불이행,건조,맑음,단일로 - 기타,승합,남,51세,상해없음,승용,남,25세,경상
2018021700100320,2018년 2월 17일 20시,토요일,인천광역시 중구 경동,부상신고사고,0,0,0,1,차대차 - 측면충돌,중앙선침범,건조,맑음,단일로 - 기타,승용,여,39세,상해없음,이륜,남,20세,부상신고
2018021800100024,2018년 2월 18일 01시,일요일,인천광역시 미추홀구 주안동,경상사고,0,0,2,0,차대차 - 추돌,안전운전불이행,건조,맑음,단일로 - 기타,승용,남,27세,상해없음,승용,남,64세,경상
2018021800100040,2018년 2월 18일 02시,일요일,인천광역시 미추홀구 주안동,중상사고,0,1,0,0,차대사람 - 횡단중,안전운전불이행,건조,맑음,단일로 - 기타,승용,남,57세,상해없음,보행자,남,58세,중상
2018021800100041,2018년 2월 18일 02시,일요일,인천광역시 남동구 구월동,경상사고,0,0,1,0,차대차 - 측면충돌,안전운전불이행,건조,맑음,단일로 - 기타,승용,여,34세,상해없음,승용,남,50세,경상
2018021800100062,2018년 2월 18일 04시,일요일,인천광역시 부평구 부평동,경상사고,0,0,3,0,차대차 - 추돌,안전운전불이행,건조,맑음,교차로 - 교차로부근,승용,남,49세,상해없음,승용,남,25세,경상
2018021800100063,2018년 2월 18일 04시,일요일,인천광역시 남동구 구월동,중상사고,0,1,0,0,차대차 - 측면충돌,안전운전불이행,건조,맑음,교차로 - 교차로부근,승용,남,26세,상해없음,승용,남,49세,중상
2018021800100111,2018년 2월 18일 10시,일요일,인천광역시 부평구 부평동,경상사고,0,0,1,0,차대사람 - 기타,안전운전불이행,건조,맑음,단일로 - 기타,승용,남,24세,상해없음,보행자,남,23세,경상
2018021800100127,2018년 2월 18일 11시,일요일,인천광역시 부평구 부평동,경상사고,0,0,1,0,차대사람 - 기타,보행자보호의무위반,건조,맑음,교차로 - 교차로안,승용,남,45세,상해없음,보행자,남,59세,경상
2018021800100174,2018년 2월 18일 14시,일요일,인천광역시 부평구 부평동,중상사고,0,1,0,0,차대사람 - 기타,보행자보호의무위반,건조,맑음,단일로 - 기타,승합,남,64세,상해없음,보행자,여,79세,중상
2018021800100197,2018년 2월 18일 15시,일요일,인천광역시 강화군 삼산면,중상사고,0,1,0,0,차대사람 - 횡단중,안전운전불이행,건조,맑음,단일로 - 기타,화물,여,63세,상해없음,보행자,남,85세,중상
2018021800100270,2018년 2월 18일 19시,일요일,인천광역시 서구 석남동,경상사고,0,0,1,0,차대사람 - 차도통행중,안전운전불이행,건조,맑음,교차로 - 교차로부근,승용,남,37세,상해없음,보행자,남,48세,경상
2018021800100298,2018년 2월 18일 20시,일요일,인천광역시 미추홀구 주안동,경상사고,0,0,1,0,차대사람 - 차도통행중,안전운전불이행,건조,맑음,단일로 - 기타,승용,남,69세,상해없음,보행자,남,62세,경상
2018021800100319,2018년 2월 18일 21시,일요일,인천광역시 중구 덕교동,중상사고,0,1,0,0,차대차 - 기타,차로위반,건조,맑음,교차로 - 교차로안,승용,남,45세,상해없음,승용,여,46세,중상
2018021900100015,2018년 2월 19일 01시,월요일,인천광역시 부평구 부개동,경상사고,0,0,1,0,차대사람 - 기타,안전운전불이행,건조,맑음,단일로 - 기타,승용,남,23세,상해없음,보행자,남,47세,경상
2018021900100034,2018년 2월 19일 04시,월요일,인천광역시 계양구 병방동,중상사고,0,2,0,0,차대차 - 추돌,안전운전불이행,건조,맑음,단일로 - 기타,승용,남,27세,상해없음,승용,남,57세,중상
2018021900100059,2018년 2월 19일 06시,월요일,인천광역시 서구 가정동,경상사고,0,0,1,0,차대차 - 정면충돌,안전운전불이행,젖음/습기,흐림,단일로 - 기타,화물,남,53세,상해없음,승용,여,58세,경상
2018021900100134,2018년 2월 19일 10시,월요일,인천광역시 남동구 논현동,경상사고,0,0,1,1,차대차 - 측면충돌,신호위반,건조,맑음,교차로 - 교차로안,승용,여,36세,상해없음,승용,남,34세,경상
2018021900100159,2018년 2월 19일 11시,월요일,인천광역시 서구 경서동,경상사고,0,0,1,0,차대차 - 추돌,안전운전불이행,건조,맑음,단일로 - 기타,특수,남,45세,상해없음,승용,남,41세,경상
2018021900100260,2018년 2월 19일 15시,월요일,인천광역시 부평구 산곡동,중상사고,0,1,0,0,차대사람 - 기타,안전운전불이행,건조,맑음,단일로 - 기타,승용,남,59세,상해없음,보행자,여,23세,중상
2018021900100261,2018년 2월 19일 15시,월요일,인천광역시 서구 연희동,경상사고,0,0,1,0,차대차 - 기타,안전운전불이행,건조,맑음,단일로 - 기타,승용,여,40세,상해없음,승용,남,61세,경상
2018021900100262,2018년 2월 19일 15시,월요일,인천광역시 계양구 계산동,경상사고,0,0,2,0,차대차 - 정면충돌,안전운전불이행,서리/결빙,흐림,단일로 - 기타,승용,남,55세,상해없음,승용,남,70세,경상
2018021900100289,2018년 2월 19일 16시,월요일,인천광역시 남동구 고잔동,경상사고,0,0,1,0,차대차 - 기타,안전운전불이행,건조,맑음,기타 - 기타,승용,여,35세,상해없음,승용,남,39세,경상
2018021900100318,2018년 2월 19일 17시,월요일,인천광역시 동구 송림동,중상사고,0,2,3,0,차대차 - 기타,안전운전불이행,건조,맑음,단일로 - 기타,특수,남,54세,상해없음,승용,여,57세,중상
2018021900100319,2018년 2월 19일 17시,월요일,인천광역시 미추홀구 주안동,경상사고,0,0,1,0,차대사람 - 보도통행중,안전운전불이행,건조,맑음,교차로 - 교차로안,화물,남,62세,상해없음,보행자,여,83세,경상
2018021900100320,2018년 2월 19일 17시,월요일,인천광역시 서구 마전동,경상사고,0,0,1,0,차대차 - 추돌,안전운전불이행,건조,흐림,교차로 - 교차로안,승용,남,40세,상해없음,화물,남,37세,경상
2018021900100321,2018년 2월 19일 17시,월요일,인천광역시 계양구 계산동,부상신고사고,0,0,0,1,차대사람 - 기타,안전운전불이행,건조,맑음,단일로 - 기타,승용,남,70세,상해없음,보행자,남,54세,부상신고
2018021900100359,2018년 2월 19일 18시,월요일,인천광역시 서구 오류동,경상사고,0,0,1,0,차대차 - 기타,안전운전불이행,건조,맑음,교차로 - 교차로안,화물,남,67세,상해없음,승용,여,26세,경상
2018021900100360,2018년 2월 19일 18시,월요일,인천광역시 서구 석남동,경상사고,0,0,2,0,차대차 - 추돌,안전운전불이행,건조,맑음,교차로 - 교차로부근,승용,남,24세,상해없음,승용,여,38세,경상
2018021900100361,2018년 2월 19일 18시,월요일,인천광역시 계양구 효성동,경상사고,0,0,1,0,차대사람 - 기타,안전운전불이행,건조,맑음,단일로 - 기타,승용,여,50세,상해없음,보행자,남,36세,경상
2018021900100401,2018년 2월 19일 19시,월요일,인천광역시 남동구 남촌동,경상사고,0,0,1,0,차대차 - 측면충돌,안전운전불이행,건조,맑음,단일로 - 기타,화물,남,47세,상해없음,승용,남,32세,경상
2018021900100463,2018년 2월 19일 21시,월요일,인천광역시 중구 신흥동2가,경상사고,0,0,2,0,차대차 - 측면충돌,안전운전불이행,건조,맑음,교차로 - 교차로부근,승용,남,54세,상해없음,승용,여,63세,경상
2018021900100490,2018년 2월 19일 22시,월요일,인천광역시 미추홀구 숭의동,경상사고,0,0,2,0,차대차 - 측면충돌,안전운전불이행,건조,맑음,교차로 - 교차로안,승용,남,49세,상해없음,화물,남,26세,경상
2018021900100491,2018년 2월 19일 22시,월요일,인천광역시 미추홀구 주안동,경상사고,0,0,1,0,차대사람 - 횡단중,보행자보호의무위반,젖음/습기,맑음,교차로 - 교차로부근,이륜,남,47세,상해없음,보행자,여,36세,경상
2018022000100014,2018년 2월 20일 00시,화요일,인천광역시 서구 원창동,경상사고,0,0,1,0,차대차 - 추돌,안전운전불이행,건조,맑음,단일로 - 기타,승용,남,41세,상해없음,승용,남,66세,경상
2018022000100015,2018년 2월 20일 00시,화요일,인천광역시 연수구 동춘동,중상사고,0,3,0,0,차대차 - 측면충돌,교차로운행방법위반,건조,맑음,교차로 - 교차로안,승용,남,63세,상해없음,승용,남,51세,중상
2018022000100028,2018년 2월 20일 01시,화요일,인천광역시 남동구 간석동,중상사고,0,2,1,0,차대사람 - 기타,안전운전불이행,건조,맑음,기타 - 기타,승용,남,32세,상해없음,보행자,여,23세,중상
2018022000100046,2018년 2월 20일 03시,화요일,인천광역시 계양구 작전동,경상사고,0,0,3,0,차대차 - 측면충돌,안전거리미확보,젖음/습기,맑음,단일로 - 기타,이륜,남,17세,경상,승합,남,60세,경상
2018022000100089,2018년 2월 20일 06시,화요일,인천광역시 연수구 선학동,경상사고,0,0,1,0,차대차 - 측면충돌,신호위반,건조,맑음,교차로 - 교차로안,승용,남,56세,상해없음,승용,남,39세,경상
2018022000100246,2018년 2월 20일 12시,화요일,인천광역시 부평구 산곡동,경상사고,0,0,1,0,차대차 - 추돌,안전운전불이행,건조,맑음,단일로 - 기타,승용,남,35세,상해없음,승용,여,35세,경상
2018022000100292,2018년 2월 20일 14시,화요일,인천광역시 중구 신흥동3가,경상사고,0,0,1,0,차대차 - 측면충돌,안전거리미확보,건조,맑음,단일로 - 기타,특수,남,55세,상해없음,승용,남,49세,경상
2018022000100293,2018년 2월 20일 14시,화요일,인천광역시 남동구 고잔동,경상사고,0,0,3,0,차대차 - 측면충돌,안전거리미확보,건조,맑음,단일로 - 기타,화물,남,52세,경상,승용,남,42세,경상
2018022000100343,2018년 2월 20일 16시,화요일,인천광역시 남동구 간석동,경상사고,0,0,1,0,차대차 - 추돌,안전거리미확보,건조,맑음,단일로 - 기타,승용,남,56세,상해없음,승용,남,48세,경상
2018022000100344,2018년 2월 20일 16시,화요일,인천광역시 부평구 부평동,경상사고,0,0,1,0,차대사람 - 기타,안전운전불이행,건조,맑음,교차로 - 교차로안,승합,남,62세,상해없음,보행자,여,74세,경상
2018022000100372,2018년 2월 20일 17시,화요일,인천광역시 남동구 만수동,경상사고,0,0,1,0,차대차 - 추돌,안전운전불이행,건조,맑음,교차로 - 교차로안,승용,남,34세,상해없음,승용,여,49세,경상
2018022000100424,2018년 2월 20일 19시,화요일,인천광역시 부평구 부평동,경상사고,0,0,1,0,차대차 - 추돌,안전운전불이행,건조,맑음,교차로 - 교차로안,승용,남,26세,상해없음,승용,여,59세,경상
2018022000100465,2018년 2월 20일 21시,화요일,인천광역시 부평구 산곡동,중상사고,0,1,0,0,차대사람 - 횡단중,보행자보호의무위반,건조,맑음,교차로 - 교차로안,승합,남,22세,상해없음,보행자,여,50세,중상
2018022100100140,2018년 2월 21일 10시,수요일,인천광역시 서구 불로동,경상사고,0,0,1,0,차대차 - 측면충돌,신호위반,건조,맑음,교차로 - 교차로안,승용,여,40세,상해없음,승용,여,48세,경상
2018022100100141,2018년 2월 21일 10시,수요일,인천광역시 남동구 만수동,경상사고,0,0,1,0,차대사람 - 기타,안전운전불이행,건조,맑음,단일로 - 기타,승용,여,39세,상해없음,보행자,남,81세,경상
2018022100100160,2018년 2월 21일 11시,수요일,인천광역시 남동구 간석동,경상사고,0,0,3,0,차대차 - 측면충돌,안전운전불이행,건조,맑음,단일로 - 기타,승합,남,46세,상해없음,승용,여,70세,경상
2018022100100210,2018년 2월 21일 13시,수요일,인천광역시 연수구 송도동,경상사고,0,0,1,0,차대사람 - 횡단중,보행자보호의무위반,건조,맑음,교차로 - 교차로횡단보도내,승합,남,62세,상해없음,보행자,남,17세,경상
2018022100100238,2018년 2월 21일 14시,수요일,인천광역시 연수구 송도동,경상사고,0,0,1,0,차대차 - 기타,신호위반,건조,맑음,교차로 - 교차로부근,승용,남,23세,상해없음,승용,남,31세,경상
2018022100100294,2018년 2월 21일 16시,수요일,인천광역시 중구 중산동,중상사고,0,1,0,0,차대차 - 측면충돌,안전운전불이행,건조,맑음,교차로 - 교차로부근,건설기계,남,61세,상해없음,승용,남,52세,중상
2018022100100351,2018년 2월 21일 18시,수요일,인천광역시 서구 왕길동,부상신고사고,0,0,0,1,차대차 - 기타,안전운전불이행,건조,맑음,단일로 - 기타,승용,남,43세,부상신고,승용,여,48세,상해없음
2018022100100425,2018년 2월 21일 20시,수요일,인천광역시 남동구 간석동,중상사고,0,2,2,0,차대차 - 정면충돌,중앙선침범,건조,맑음,단일로 - 기타,승용,남,31세,상해없음,승용,남,59세,중상
2018022100100437,2018년 2월 21일 21시,수요일,인천광역시 남동구 구월동,부상신고사고,0,0,0,1,차대차 - 후진중충돌,안전운전불이행,건조,맑음,교차로 - 교차로부근,기타불명,기타불명,미분류,기타불명,승용,남,38세,부상신고
2018022100100459,2018년 2월 21일 22시,수요일,인천광역시 서구 경서동,중상사고,0,1,1,0,차대차 - 측면충돌,안전운전불이행,건조,맑음,교차로 - 교차로안,승합,남,59세,상해없음,승용,여,43세,경상
2018022100100460,2018년 2월 21일 22시,수요일,인천광역시 계양구 효성동,경상사고,0,0,1,0,차대차 - 측면충돌,기타,건조,맑음,교차로 - 교차로부근,이륜,남,28세,경상,승합,여,60세,상해없음
2018022100100484,2018년 2월 21일 23시,수요일,인천광역시 연수구 연수동,경상사고,0,0,3,0,차대차 - 측면충돌,신호위반,건조,맑음,교차로 - 교차로부근,승용,여,51세,상해없음,승용,남,60세,경상
2018022200100033,2018년 2월 22일 01시,목요일,인천광역시 미추홀구 도화동,중상사고,0,1,0,0,차대사람 - 보도통행중,안전운전불이행,기타,기타,단일로 - 기타,승용,남,25세,상해없음,보행자,남,57세,중상
2018022200100055,2018년 2월 22일 03시,목요일,인천광역시 남동구 구월동,중상사고,0,1,0,0,차대차 - 추돌,안전운전불이행,건조,맑음,교차로 - 교차로부근,승용,남,24세,상해없음,화물,남,37세,중상
2018022200100060,2018년 2월 22일 04시,목요일,인천광역시 미추홀구 용현동,경상사고,0,0,1,0,차대차 - 측면충돌,안전운전불이행,젖음/습기,흐림,교차로 - 교차로안,승용,남,29세,상해없음,승용,남,47세,경상
2018022200100125,2018년 2월 22일 08시,목요일,인천광역시 중구 운서동,경상사고,0,0,2,0,차대차 - 측면충돌,신호위반,건조,맑음,교차로 - 교차로안,승용,남,64세,상해없음,승용,남,43세,경상
2018022200100126,2018년 2월 22일 08시,목요일,인천광역시 서구 석남동,경상사고,0,0,1,0,차대차 - 측면충돌,안전운전불이행,건조,맑음,교차로 - 교차로안,승용,남,47세,상해없음,이륜,남,57세,경상
2018022200100159,2018년 2월 22일 09시,목요일,인천광역시 미추홀구 용현동,경상사고,0,0,1,0,차대사람 - 길가장자리구역통행중,안전운전불이행,건조,맑음,기타 - 기타,승용,남,70세,상해없음,보행자,남,26세,경상
2018022200100273,2018년 2월 22일 13시,목요일,인천광역시 강화군 하점면,중상사고,0,1,0,0,차대사람 - 기타,기타,건조,맑음,단일로 - 기타,승합,남,52세,상해없음,보행자,여,90세 이상,중상
2018022200100353,2018년 2월 22일 16시,목요일,인천광역시 미추홀구 숭의동,경상사고,0,0,1,0,차대차 - 기타,안전운전불이행,건조,맑음,교차로 - 교차로안,기타불명,기타불명,미분류,기타불명,원동기,남,34세,경상
2018022200100354,2018년 2월 22일 16시,목요일,인천광역시 미추홀구 학익동,부상신고사고,0,0,0,1,차대차 - 추돌,안전운전불이행,기타,기타,교차로 - 교차로부근,승용,남,43세,상해없음,승용,여,53세,부상신고
2018022200100381,2018년 2월 22일 17시,목요일,인천광역시 연수구 옥련동,경상사고,0,0,1,0,차대사람 - 횡단중,기타,건조,맑음,단일로 - 기타,승용,여,45세,상해없음,보행자,남,11세,경상
2018022200100420,2018년 2월 22일 18시,목요일,인천광역시 남동구 간석동,중상사고,0,1,1,0,차대차 - 측면충돌,안전운전불이행,건조,흐림,단일로 - 기타,승용,남,55세,상해없음,승용,남,52세,경상
2018022200100421,2018년 2월 22일 18시,목요일,인천광역시 계양구 작전동,중상사고,0,1,0,0,차대차 - 측면충돌,안전운전불이행,건조,맑음,교차로 - 교차로안,승합,남,36세,상해없음,승용,남,35세,중상
2018022200100457,2018년 2월 22일 19시,목요일,인천광역시 동구 송현동,중상사고,0,2,2,0,차대차 - 추돌,안전운전불이행,건조,맑음,교차로 - 교차로부근,승용,남,45세,상해없음,승용,남,47세,중상
2018022200100459,2018년 2월 22일 19시,목요일,인천광역시 남동구 논현동,경상사고,0,0,1,0,차대차 - 측면충돌,안전운전불이행,건조,맑음,단일로 - 기타,화물,남,37세,상해없음,원동기,남,32세,경상
2018022200100485,2018년 2월 22일 20시,목요일,인천광역시 미추홀구 주안동,경상사고,0,0,3,0,차대차 - 추돌,안전운전불이행,건조,맑음,단일로 - 기타,승용,남,51세,상해없음,승용,남,29세,경상
2018022200100486,2018년 2월 22일 20시,목요일,인천광역시 부평구 부평동,경상사고,0,0,1,0,차대차 - 추돌,안전거리미확보,건조,맑음,교차로 - 교차로부근,승용,남,57세,상해없음,승용,남,41세,경상
2018022200100487,2018년 2월 22일 20시,목요일,인천광역시 서구 석남동,중상사고,0,1,0,0,차대사람 - 횡단중,신호위반,건조,맑음,단일로 - 기타,승용,남,68세,상해없음,보행자,여,65세,중상
2018022200100519,2018년 2월 22일 21시,목요일,인천광역시 연수구 송도동,경상사고,0,0,4,0,차대차 - 추돌,안전거리미확보,건조,맑음,단일로 - 교량,승용,남,70세,상해없음,승용,남,64세,상해없음
2018022200100520,2018년 2월 22일 21시,목요일,인천광역시 부평구 갈산동,중상사고,0,1,0,0,차대차 - 추돌,안전운전불이행,젖음/습기,흐림,교차로 - 교차로안,승용,남,33세,상해없음,승용,남,28세,중상
2018022300100022,2018년 2월 23일 00시,금요일,인천광역시 연수구 연수동,중상사고,0,1,0,0,차대차 - 측면충돌,중앙선침범,서리/결빙,눈,단일로 - 교량,승용,남,50세,상해없음,승용,여,51세,중상
2018022300100023,2018년 2월 23일 00시,금요일,인천광역시 남동구 장수동,중상사고,0,1,0,0,차대차 - 측면충돌,안전거리미확보,적설,눈,단일로 - 기타,승용,남,54세,상해없음,승용,남,33세,중상
2018022300100095,2018년 2월 23일 06시,금요일,인천광역시 남동구 논현동,경상사고,0,0,2,0,차대차 - 후진중충돌,안전운전불이행,건조,맑음,단일로 - 기타,승용,남,38세,상해없음,승용,남,64세,경상
2018022300100096,2018년 2월 23일 06시,금요일,인천광역시 연수구 선학동,경상사고,0,0,1,1,차대차 - 기타,안전운전불이행,서리/결빙,눈,단일로 - 기타,승용,남,58세,상해없음,화물,남,58세,부상신고
2018022300100156,2018년 2월 23일 08시,금요일,인천광역시 미추홀구 학익동,경상사고,0,0,1,0,차대차 - 기타,안전운전불이행,젖음/습기,흐림,교차로 - 교차로안,승용,남,27세,기타불명,승용,남,34세,경상
2018022300100157,2018년 2월 23일 08시,금요일,인천광역시 남동구 만수동,경상사고,0,0,1,0,차대차 - 기타,안전운전불이행,젖음/습기,맑음,단일로 - 기타,화물,남,55세,상해없음,승용,여,45세,경상
2018022300100158,2018년 2월 23일 08시,금요일,인천광역시 강화군 길상면,중상사고,0,1,0,0,차대차 - 정면충돌,중앙선침범,서리/결빙,흐림,단일로 - 기타,승용,남,53세,상해없음,승용,여,57세,중상
2018022300100159,2018년 2월 23일 08시,금요일,인천광역시 연수구 동춘동,부상신고사고,0,0,0,1,차대차 - 추돌,안전거리미확보,서리/결빙,눈,교차로 - 교차로부근,승용,남,37세,상해없음,승용,여,33세,부상신고
2018022300100193,2018년 2월 23일 09시,금요일,인천광역시 서구 마전동,경상사고,0,0,3,0,차대차 - 측면충돌,신호위반,건조,맑음,교차로 - 교차로안,승용,여,51세,경상,화물,남,71세,경상
2018022300100312,2018년 2월 23일 13시,금요일,인천광역시 남동구 구월동,중상사고,0,3,0,0,차대차 - 측면충돌,신호위반,건조,맑음,교차로 - 교차로안,승용,남,51세,상해없음,승용,남,40세,중상
2018022300100357,2018년 2월 23일 15시,금요일,인천광역시 서구 경서동,경상사고,0,0,3,0,차대차 - 추돌,안전운전불이행,건조,맑음,단일로 - 기타,승용,여,43세,상해없음,승용,여,36세,경상
2018022300100385,2018년 2월 23일 16시,금요일,인천광역시 동구 송림동,경상사고,0,0,1,0,차대차 - 측면충돌,안전거리미확보,건조,맑음,단일로 - 기타,승용,남,66세,상해없음,승용,여,44세,경상
2018022300100386,2018년 2월 23일 16시,금요일,인천광역시 미추홀구 문학동,경상사고,0,0,1,0,차대사람 - 횡단중,보행자보호의무위반,건조,맑음,단일로 - 기타,승합,남,56세,상해없음,보행자,남,9세,경상
2018022300100412,2018년 2월 23일 17시,금요일,인천광역시 부평구 청천동,경상사고,0,0,1,0,차대차 - 기타,안전거리미확보,건조,맑음,교차로 - 교차로부근,승합,남,40세,상해없음,승용,여,57세,기타불명
2018022300100413,2018년 2월 23일 17시,금요일,인천광역시 연수구 송도동,경상사고,0,0,1,0,차대차 - 추돌,안전운전불이행,건조,맑음,교차로 - 교차로부근,승용,여,29세,상해없음,승용,여,57세,경상
2018022300100445,2018년 2월 23일 18시,금요일,인천광역시 계양구 계산동,경상사고,0,0,1,1,차대차 - 측면충돌,교차로운행방법위반,건조,맑음,교차로 - 교차로안,화물,남,52세,상해없음,승용,남,40세,경상
2018022300100446,2018년 2월 23일 18시,금요일,인천광역시 계양구 계산동,중상사고,0,1,0,0,차대사람 - 횡단중,안전운전불이행,건조,맑음,교차로 - 교차로안,화물,남,52세,상해없음,보행자,여,75세,중상
2018022300100447,2018년 2월 23일 18시,금요일,인천광역시 연수구 옥련동,중상사고,0,1,1,0,차대차 - 추돌,안전거리미확보,건조,맑음,교차로 - 교차로부근,승용,남,28세,상해없음,승용,남,68세,경상
2018022300100492,2018년 2월 23일 19시,금요일,인천광역시 서구 원창동,경상사고,0,0,1,0,차대차 - 측면충돌,신호위반,건조,맑음,교차로 - 교차로안,승용,남,33세,상해없음,승용,남,23세,경상
2018022300100526,2018년 2월 23일 20시,금요일,인천광역시 남동구 구월동,경상사고,0,0,1,0,차대차 - 측면충돌,신호위반,건조,맑음,교차로 - 교차로안,승용,남,62세,상해없음,승용,남,55세,경상
2018022300100527,2018년 2월 23일 20시,금요일,인천광역시 남동구 구월동,경상사고,0,0,1,0,차대차 - 측면충돌,중앙선침범,건조,맑음,단일로 - 기타,승용,남,52세,상해없음,승합,여,40세,경상
2018022300100528,2018년 2월 23일 20시,금요일,인천광역시 서구 마전동,중상사고,0,1,0,0,차대차 - 측면충돌,안전운전불이행,건조,맑음,교차로 - 교차로안,승용,여,63세,상해없음,승용,여,35세,중상
2018022300100529,2018년 2월 23일 20시,금요일,인천광역시 부평구 부개동,경상사고,0,0,1,0,차대차 - 기타,신호위반,건조,맑음,교차로 - 교차로안,이륜,남,32세,상해없음,이륜,남,20세,경상
2018022300100565,2018년 2월 23일 21시,금요일,인천광역시 남동구 도림동,경상사고,0,0,1,0,차대차 - 측면충돌,교차로운행방법위반,건조,맑음,교차로 - 교차로부근,승용,남,31세,상해없음,승용,남,59세,경상
2018022300100602,2018년 2월 23일 22시,금요일,인천광역시 강화군 강화읍,경상사고,0,0,1,0,차대차 - 측면충돌,신호위반,건조,맑음,교차로 - 교차로안,화물,남,59세,상해없음,승용,남,50세,경상
2018022400100015,2018년 2월 24일 00시,토요일,인천광역시 서구 연희동,사망사고,1,0,0,0,차대차 - 측면충돌,신호위반,건조,맑음,교차로 - 교차로안,특수,남,25세,상해없음,이륜,남,29세,사망
2018022400100016,2018년 2월 24일 00시,토요일,인천광역시 부평구 구산동,경상사고,0,0,2,0,차대차 - 추돌,안전거리미확보,건조,맑음,단일로 - 교량,승용,남,32세,상해없음,승용,남,50세,경상
2018022400100046,2018년 2월 24일 02시,토요일,인천광역시 남동구 구월동,중상사고,0,1,4,0,차대차 - 측면충돌,안전운전불이행,건조,맑음,단일로 - 기타,승용,남,74세,경상,승용,여,24세,경상
2018022400100080,2018년 2월 24일 05시,토요일,인천광역시 미추홀구 주안동,부상신고사고,0,0,0,2,차대차 - 추돌,안전거리미확보,건조,맑음,기타 - 기타,기타불명,기타불명,미분류,기타불명,승합,남,60세,상해없음
2018022400100081,2018년 2월 24일 05시,토요일,인천광역시 남동구 구월동,중상사고,0,1,0,0,차대차 - 측면충돌,안전운전불이행,건조,맑음,단일로 - 기타,승용,남,43세,상해없음,승용,남,68세,상해없음
2018022400100100,2018년 2월 24일 06시,토요일,인천광역시 계양구 효성동,사망사고,1,0,0,0,차대사람 - 차도통행중,안전운전불이행,건조,맑음,교차로 - 교차로안,승합,남,69세,상해없음,보행자,여,64세,사망
2018022400100101,2018년 2월 24일 06시,토요일,인천광역시 부평구 청천동,경상사고,0,0,1,0,차대차 - 추돌,안전운전불이행,건조,맑음,단일로 - 기타,승용,남,44세,상해없음,화물,남,35세,경상
2018022400100131,2018년 2월 24일 08시,토요일,인천광역시 남동구 구월동,경상사고,0,0,4,0,차대차 - 추돌,안전운전불이행,건조,맑음,교차로 - 교차로부근,승용,남,63세,상해없음,승용,남,48세,경상