사고번호,사고일시,요일,시군구,사고내용,사망자수,중상자수,경상자수,부상신고자수,사고유형,법규위반,노면상태,기상상태,도로형태,가해운전자 차종,가해운전자 성별,가해운전자 연령,가해운전자 상해정도,피해운전자 차종,피해운전자 성별,피해운전자 연령,피해운전자 상해정도
2018022400100153,2018년 2월 24일 09시,토요일,인천광역시 부평구 부평동,경상사고,0,0,2,0,차대차 - 기타,안전운전불이행,건조,맑음,단일로 - 기타,화물,남,52세,상해없음,승용,남,61세,경상
2018022400100210,2018년 2월 24일 11시,토요일,인천광역시 부평구 부개동,경상사고,0,0,1,0,차대차 - 기타,안전거리미확보,건조,맑음,단일로 - 기타,승용,남,64세,상해없음,승용,남,57세,상해없음
2018022400100233,2018년 2월 24일 12시,토요일,인천광역시 계양구 효성동,경상사고,0,0,1,0,차대차 - 후진중충돌,안전운전불이행,건조,맑음,단일로 - 기타,승용,여,53세,상해없음,승용,남,32세,경상
2018022400100265,2018년 2월 24일 13시,토요일,인천광역시 남동구 구월동,경상사고,0,0,2,0,차대차 - 측면충돌,안전운전불이행,건조,맑음,단일로 - 기타,승용,여,33세,상해없음,승용,남,60세,경상
2018022400100342,2018년 2월 24일 16시,토요일,인천광역시 서구 원창동,경상사고,0,0,1,0,차대차 - 추돌,안전운전불이행,건조,맑음,교차로 - 교차로안,승용,남,69세,경상,승용,남,65세,상해없음
2018022400100343,2018년 2월 24일 16시,토요일,인천광역시 서구 청라동,경상사고,0,0,2,0,차대차 - 추돌,안전운전불이행,건조,맑음,단일로 - 교량,승용,여,18세,상해없음,승용,남,45세,경상
2018022400100344,2018년 2월 24일 16시,토요일,인천광역시 연수구 동춘동,중상사고,0,2,0,0,차대차 - 측면충돌,안전운전불이행,건조,맑음,단일로 - 기타,화물,남,57세,상해없음,승용,여,38세,중상
2018022400100373,2018년 2월 24일 17시,토요일,인천광역시 중구 운서동,경상사고,0,0,1,0,차대사람 - 길가장자리구역통행중,안전운전불이행,건조,맑음,단일로 - 기타,승용,남,69세,상해없음,보행자,여,22세,경상
2018022400100495,2018년 2월 24일 22시,토요일,인천광역시 부평구 부평동,경상사고,0,0,2,0,차대차 - 추돌,안전운전불이행,건조,맑음,단일로 - 기타,승용,남,48세,상해없음,승용,남,29세,경상
2018022400100520,2018년 2월 24일 23시,토요일,인천광역시 중구 인현동,경상사고,0,0,1,0,차대사람 - 길가장자리구역통행중,안전운전불이행,건조,맑음,단일로 - 기타,승용,남,19세,상해없음,보행자,남,24세,경상
2018022400100521,2018년 2월 24일 23시,토요일,인천광역시 미추홀구 주안동,사망사고,1,0,0,0,차대사람 - 차도통행중,안전운전불이행,건조,맑음,단일로 - 기타,승용,남,62세,상해없음,보행자,남,58세,사망
2018022400100522,2018년 2월 24일 23시,토요일,인천광역시 계양구 계산동,경상사고,0,0,1,0,차대차 - 측면충돌,신호위반,건조,맑음,교차로 - 교차로안,승용,남,49세,상해없음,승용,남,47세,경상
2018022500100013,2018년 2월 25일 00시,일요일,인천광역시 남동구 구월동,경상사고,0,0,2,0,차대사람 - 길가장자리구역통행중,안전운전불이행,건조,맑음,교차로 - 교차로부근,승용,여,23세,상해없음,보행자,여,37세,경상
2018022500100014,2018년 2월 25일 00시,일요일,인천광역시 연수구 동춘동,중상사고,0,1,1,0,차대차 - 측면충돌,신호위반,건조,맑음,교차로 - 교차로안,승용,여,56세,상해없음,승용,남,47세,중상
2018022500100029,2018년 2월 25일 01시,일요일,인천광역시 미추홀구 숭의동,중상사고,0,1,4,0,차대차 - 측면충돌,신호위반,건조,맑음,교차로 - 교차로안,승용,남,49세,상해없음,승합,남,60세,경상
2018022500100030,2018년 2월 25일 01시,일요일,인천광역시 서구 금곡동,경상사고,0,0,1,0,차대차 - 측면충돌,신호위반,건조,맑음,교차로 - 교차로안,승용,남,24세,상해없음,승용,남,69세,경상
2018022500100031,2018년 2월 25일 01시,일요일,인천광역시 연수구 연수동,중상사고,0,1,2,0,차대차 - 추돌,안전운전불이행,건조,맑음,단일로 - 기타,화물,남,44세,상해없음,승용,여,45세,중상
2018022500100070,2018년 2월 25일 05시,일요일,인천광역시 부평구 산곡동,경상사고,0,0,4,0,차대차 - 기타,차로위반,건조,맑음,교차로 - 교차로안,승용,남,20세,상해없음,승용,남,69세,경상
2018022500100071,2018년 2월 25일 05시,일요일,인천광역시 부평구 삼산동,경상사고,0,0,2,0,차대차 - 측면충돌,안전운전불이행,건조,맑음,단일로 - 기타,승용,남,20세,상해없음,승합,남,58세,경상
2018022500100103,2018년 2월 25일 08시,일요일,인천광역시 서구 왕길동,중상사고,0,1,0,0,차대차 - 추돌,안전운전불이행,건조,맑음,단일로 - 기타,승용,여,26세,상해없음,승용,남,60세,중상
2018022500100146,2018년 2월 25일 11시,일요일,인천광역시 동구 송현동,중상사고,0,1,0,0,차대사람 - 길가장자리구역통행중,안전운전불이행,건조,맑음,단일로 - 기타,기타불명,기타불명,미분류,기타불명,보행자,여,79세,중상
2018022500100187,2018년 2월 25일 13시,일요일,인천광역시 부평구 산곡동,경상사고,0,0,1,0,차대차 - 기타,안전운전불이행,건조,맑음,교차로 - 교차로부근,승용,남,58세,상해없음,이륜,남,31세,경상
2018022500100232,2018년 2월 25일 15시,일요일,인천광역시 남동구 간석동,경상사고,0,0,4,0,차대차 - 추돌,안전거리미확보,건조,맑음,교차로 - 교차로부근,승용,남,50세,상해없음,승용,여,35세,경상
2018022500100256,2018년 2월 25일 16시,일요일,인천광역시 남동구 구월동,경상사고,0,0,2,0,차대차 - 측면충돌,안전운전불이행,건조,맑음,단일로 - 기타,승용,여,45세,상해없음,승용,여,39세,경상
2018022500100257,2018년 2월 25일 16시,일요일,인천광역시 부평구 부평동,중상사고,0,1,0,0,차대사람 - 횡단중,안전운전불이행,건조,맑음,단일로 - 기타,이륜,남,19세,기타불명,보행자,여,59세,중상
2018022500100300,2018년 2월 25일 18시,일요일,인천광역시 서구 경서동,중상사고,0,1,0,0,차대사람 - 차도통행중,안전운전불이행,건조,맑음,교차로 - 교차로부근,승용,남,57세,상해없음,보행자,여,34세,중상
2018022500100321,2018년 2월 25일 19시,일요일,인천광역시 계양구 작전동,경상사고,0,0,1,0,차대차 - 측면충돌,안전운전불이행,건조,맑음,기타 - 기타,화물,남,22세,상해없음,이륜,남,32세,경상
2018022500100322,2018년 2월 25일 19시,일요일,인천광역시 남동구 고잔동,경상사고,0,0,2,0,차대차 - 측면충돌,안전거리미확보,건조,맑음,단일로 - 기타,승용,남,62세,상해없음,승용,여,44세,경상
2018022500100343,2018년 2월 25일 20시,일요일,인천광역시 남동구 논현동,경상사고,0,0,1,0,차대차 - 추돌,안전운전불이행,건조,맑음,교차로 - 교차로부근,화물,남,32세,상해없음,이륜,남,33세,상해없음
2018022500100362,2018년 2월 25일 21시,일요일,인천광역시 미추홀구 학익동,부상신고사고,0,0,0,4,차대차 - 추돌,안전거리미확보,건조,맑음,단일로 - 기타,승용,여,47세,상해없음,승용,남,23세,부상신고
2018022500100393,2018년 2월 25일 23시,일요일,인천광역시 미추홀구 도화동,경상사고,0,0,1,0,차대사람 - 횡단중,보행자보호의무위반,젖음/습기,흐림,교차로 - 교차로횡단보도내,승용,남,35세,상해없음,보행자,남,19세,경상
2018022600100021,2018년 2월 26일 03시,월요일,인천광역시 부평구 부평동,경상사고,0,0,1,0,차대차 - 추돌,안전운전불이행,건조,맑음,교차로 - 교차로부근,승용,남,27세,상해없음,승용,남,63세,경상
2018022600100040,2018년 2월 26일 05시,월요일,인천광역시 미추홀구 도화동,중상사고,0,1,0,0,차대사람 - 횡단중,신호위반,건조,맑음,단일로 - 기타,승용,남,69세,상해없음,보행자,남,76세,중상
2018022600100041,2018년 2월 26일 05시,월요일,인천광역시 남동구 구월동,중상사고,0,1,0,0,차대차 - 측면충돌,안전운전불이행,건조,맑음,단일로 - 기타,원동기,남,30세,상해없음,승용,남,65세,중상
2018022600100042,2018년 2월 26일 05시,월요일,인천광역시 남동구 논현동,중상사고,0,1,0,0,차대사람 - 횡단중,신호위반,건조,맑음,교차로 - 교차로횡단보도내,승용,여,56세,상해없음,보행자,남,36세,중상
2018022600100108,2018년 2월 26일 08시,월요일,인천광역시 남동구 고잔동,중상사고,0,1,2,0,차대차 - 추돌,안전운전불이행,건조,맑음,교차로 - 교차로부근,승용,남,65세,상해없음,승용,남,36세,경상
2018022600100138,2018년 2월 26일 09시,월요일,인천광역시 서구 원창동,중상사고,0,2,4,0,차대차 - 추돌,신호위반,건조,맑음,교차로 - 교차로안,승합,남,60세,상해없음,화물,남,50세,상해없음
2018022600100178,2018년 2월 26일 10시,월요일,인천광역시 중구 북성동1가,사망사고,1,0,0,0,차대차 - 측면충돌,안전운전불이행,건조,맑음,단일로 - 기타,화물,남,51세,상해없음,자전거,남,77세,사망
2018022600100243,2018년 2월 26일 12시,월요일,인천광역시 미추홀구 용현동,경상사고,0,0,1,0,차대사람 - 기타,안전운전불이행,건조,맑음,단일로 - 기타,승용,남,51세,상해없음,보행자,여,50세,경상
2018022600100279,2018년 2월 26일 13시,월요일,인천광역시 남동구 서창동,경상사고,0,0,5,4,차대차 - 기타,신호위반,건조,맑음,교차로 - 교차로안,승합,남,66세,상해없음,승합,남,54세,경상
2018022600100396,2018년 2월 26일 16시,월요일,인천광역시 남동구 고잔동,중상사고,0,1,0,0,차대사람 - 횡단중,신호위반,건조,맑음,교차로 - 교차로횡단보도내,승용,남,38세,상해없음,보행자,여,42세,중상
2018022600100428,2018년 2월 26일 17시,월요일,인천광역시 부평구 십정동,경상사고,0,0,1,0,차대사람 - 기타,안전운전불이행,건조,맑음,단일로 - 기타,기타불명,기타불명,미분류,기타불명,보행자,여,16세,경상
2018022600100466,2018년 2월 26일 18시,월요일,인천광역시 중구 운서동,중상사고,0,1,0,0,차대차 - 추돌,과속,건조,맑음,단일로 - 기타,승합,남,38세,상해없음,승합,남,32세,중상
2018022600100467,2018년 2월 26일 18시,월요일,인천광역시 서구 마전동,경상사고,0,0,1,0,차대차 - 측면충돌,안전운전불이행,건조,맑음,단일로 - 기타,승용,남,23세,상해없음,승용,남,46세,경상
2018022600100493,2018년 2월 26일 19시,월요일,인천광역시 중구 운서동,부상신고사고,0,0,0,1,차대사람 - 횡단중,보행자보호의무위반,건조,맑음,교차로 - 교차로부근,승용,남,47세,상해없음,보행자,남,31세,부상신고
2018022600100517,2018년 2월 26일 20시,월요일,인천광역시 부평구 산곡동,경상사고,0,0,1,0,차량단독 - 기타,기타,건조,맑음,단일로 - 기타,승합,남,51세,상해없음,,,,
2018022600100518,2018년 2월 26일 20시,월요일,인천광역시 서구 당하동,경상사고,0,0,1,0,차대사람 - 횡단중,보행자보호의무위반,건조,맑음,교차로 - 교차로안,승용,여,37세,상해없음,보행자,남,53세,경상
2018022600100543,2018년 2월 26일 21시,월요일,인천광역시 계양구 병방동,경상사고,0,0,1,0,차대차 - 측면충돌,신호위반,건조,맑음,교차로 - 교차로안,승용,남,51세,상해없음,이륜,남,18세,경상
2018022600100576,2018년 2월 26일 23시,월요일,인천광역시 남동구 장수동,경상사고,0,0,1,0,차대차 - 추돌,안전운전불이행,건조,맑음,교차로 - 교차로부근,승용,남,24세,상해없음,이륜,남,28세,경상
2018022700100012,2018년 2월 27일 00시,화요일,인천광역시 연수구 옥련동,경상사고,0,0,1,0,차대차 - 측면충돌,중앙선침범,건조,맑음,교차로 - 교차로안,승용,남,49세,상해없음,승용,남,41세,경상
2018022700100013,2018년 2월 27일 00시,화요일,인천광역시 남동구 논현동,경상사고,0,0,1,0,차대사람 - 차도통행중,안전운전불이행,건조,맑음,교차로 - 교차로안,승용,남,25세,상해없음,보행자,남,36세,경상
2018022700100077,2018년 2월 27일 07시,화요일,인천광역시 미추홀구 주안동,경상사고,0,0,1,0,차대차 - 추돌,안전운전불이행,건조,맑음,단일로 - 기타,승용,남,62세,상해없음,승용,여,32세,경상
2018022700100078,2018년 2월 27일 07시,화요일,인천광역시 서구 왕길동,중상사고,0,1,0,0,차대사람 - 횡단중,보행자보호의무위반,건조,흐림,단일로 - 기타,승용,남,58세,상해없음,보행자,여,29세,중상
2018022700100079,2018년 2월 27일 07시,화요일,인천광역시 부평구 갈산동,경상사고,0,0,1,0,차대차 - 측면충돌,안전운전불이행,건조,맑음,단일로 - 기타,승용,남,59세,상해없음,승용,남,48세,경상
2018022700100125,2018년 2월 27일 09시,화요일,인천광역시 동구 만석동,경상사고,0,0,1,0,차대차 - 측면충돌,안전운전불이행,건조,맑음,교차로 - 교차로안,승용,남,64세,상해없음,화물,남,57세,경상
2018022700100178,2018년 2월 27일 11시,화요일,인천광역시 서구 가좌동,경상사고,0,0,2,0,차대차 - 추돌,안전운전불이행,건조,맑음,교차로 - 교차로안,승용,여,61세,상해없음,승용,여,59세,상해없음
2018022700100201,2018년 2월 27일 12시,화요일,인천광역시 부평구 부평동,경상사고,0,0,1,0,차대차 - 측면충돌,안전운전불이행,건조,맑음,교차로 - 교차로안,이륜,남,17세,경상,승용,남,39세,상해없음
2018022700100229,2018년 2월 27일 13시,화요일,인천광역시 계양구 귤현동,중상사고,0,2,0,0,차대차 - 추돌,안전거리미확보,건조,맑음,단일로 - 기타,화물,남,46세,중상,화물,남,39세,상해없음
2018022700100257,2018년 2월 27일 14시,화요일,인천광역시 서구 원창동,경상사고,0,0,2,0,차대차 - 정면충돌,신호위반,건조,맑음,교차로 - 교차로안,승용,여,27세,경상,승용,남,46세,경상
2018022700100289,2018년 2월 27일 15시,화요일,인천광역시 서구 당하동,경상사고,0,0,7,0,차대차 - 측면충돌,신호위반,건조,맑음,교차로 - 교차로안,승합,남,44세,상해없음,승용,남,32세,경상
2018022700100348,2018년 2월 27일 17시,화요일,인천광역시 미추홀구 주안동,경상사고,0,0,5,0,차대차 - 측면충돌,신호위반,건조,맑음,교차로 - 교차로부근,승용,남,66세,상해없음,승용,남,32세,경상
2018022700100349,2018년 2월 27일 17시,화요일,인천광역시 연수구 동춘동,경상사고,0,0,2,0,차대차 - 추돌,안전운전불이행,건조,맑음,단일로 - 기타,승용,남,53세,상해없음,승용,여,49세,경상
2018022700100382,2018년 2월 27일 18시,화요일,인천광역시 남동구 간석동,경상사고,0,0,3,0,차대차 - 추돌,안전거리미확보,젖음/습기,맑음,단일로 - 기타,승용,남,34세,경상,승용,남,52세,상해없음
2018022700100383,2018년 2월 27일 18시,화요일,인천광역시 남동구 도림동,경상사고,0,0,1,0,차대차 - 측면충돌,차로위반,건조,맑음,교차로 - 교차로부근,승합,여,27세,상해없음,승용,여,64세,경상
2018022700100436,2018년 2월 27일 19시,화요일,인천광역시 남동구 논현동,중상사고,0,1,0,0,차대사람 - 횡단중,보행자보호의무위반,건조,맑음,교차로 - 교차로횡단보도내,승용,남,43세,상해없음,보행자,여,34세,중상
2018022700100437,2018년 2월 27일 19시,화요일,인천광역시 남동구 논현동,경상사고,0,0,1,0,차대차 - 기타,안전운전불이행,건조,맑음,단일로 - 기타,기타불명,기타불명,미분류,기타불명,승용,여,40세,경상
2018022700100532,2018년 2월 27일 22시,화요일,인천광역시 서구 가정동,경상사고,0,0,1,0,차량단독 - 기타,안전운전불이행,젖음/습기,맑음,교차로 - 교차로부근,승합,남,66세,상해없음,,,,
2018022800100037,2018년 2월 28일 04시,수요일,인천광역시 계양구 작전동,경상사고,0,0,3,0,차대차 - 측면충돌,안전거리미확보,건조,맑음,단일로 - 기타,승용,남,62세,상해없음,화물,남,40세,상해없음
2018022800100069,2018년 2월 28일 07시,수요일,인천광역시 부평구 부평동,중상사고,0,2,0,1,차대차 - 추돌,안전운전불이행,건조,맑음,단일로 - 기타,승용,남,49세,상해없음,승용,남,43세,부상신고
2018022800100070,2018년 2월 28일 07시,수요일,인천광역시 계양구 박촌동,중상사고,0,1,2,0,차대차 - 기타,중앙선침범,건조,맑음,단일로 - 기타,승용,남,52세,상해없음,승용,남,54세,중상
2018022800100097,2018년 2월 28일 08시,수요일,인천광역시 계양구 병방동,경상사고,0,0,1,0,차대차 - 측면충돌,안전거리미확보,건조,맑음,단일로 - 교량,건설기계,남,51세,상해없음,승용,남,54세,경상
2018022800100120,2018년 2월 28일 09시,수요일,인천광역시 서구 왕길동,중상사고,0,1,0,0,차대차 - 측면충돌,안전운전불이행,건조,맑음,교차로 - 교차로안,승용,여,28세,상해없음,승용,여,48세,중상
2018022800100121,2018년 2월 28일 09시,수요일,인천광역시 부평구 십정동,경상사고,0,0,2,0,차대차 - 기타,안전운전불이행,건조,맑음,교차로 - 교차로안,승용,남,55세,경상,화물,남,40세,경상
2018022800100204,2018년 2월 28일 12시,수요일,인천광역시 계양구 효성동,경상사고,0,0,1,0,차대차 - 추돌,안전운전불이행,건조,흐림,교차로 - 교차로부근,화물,남,41세,기타불명,승용,여,64세,경상
2018022800100238,2018년 2월 28일 13시,수요일,인천광역시 서구 경서동,경상사고,0,0,1,0,차대차 - 추돌,안전운전불이행,건조,맑음,단일로 - 터널,승용,여,65세,상해없음,건설기계,남,47세,경상
2018022800100279,2018년 2월 28일 14시,수요일,인천광역시 부평구 청천동,경상사고,0,0,1,0,차대차 - 추돌,안전운전불이행,젖음/습기,비,교차로 - 교차로부근,승용,남,47세,상해없음,승용,남,28세,경상
2018022800100280,2018년 2월 28일 14시,수요일,인천광역시 남동구 만수동,경상사고,0,0,1,0,차대사람 - 횡단중,보행자보호의무위반,젖음/습기,비,교차로 - 교차로부근,승합,남,60세,상해없음,보행자,여,39세,경상
2018022800100324,2018년 2월 28일 15시,수요일,인천광역시 동구 송현동,경상사고,0,0,2,0,차대차 - 후진중충돌,안전운전불이행,젖음/습기,맑음,기타 - 기타,승용,여,32세,경상,승용,여,32세,경상
2018022800100363,2018년 2월 28일 16시,수요일,인천광역시 남동구 구월동,중상사고,0,1,0,0,차대사람 - 보도통행중,보행자보호의무위반,젖음/습기,비,단일로 - 기타,승용,여,55세,상해없음,보행자,여,79세,중상
2018022800100407,2018년 2월 28일 17시,수요일,인천광역시 미추홀구 주안동,경상사고,0,0,1,0,차대사람 - 보도통행중,기타,젖음/습기,비,기타 - 기타,이륜,남,26세,상해없음,보행자,남,2세,경상
2018022800100542,2018년 2월 28일 19시,수요일,인천광역시 중구 신흥동2가,중상사고,0,1,0,0,차대사람 - 차도통행중,안전운전불이행,건조,맑음,교차로 - 교차로횡단보도내,화물,남,51세,상해없음,보행자,여,73세,중상
2018022800100543,2018년 2월 28일 19시,수요일,인천광역시 부평구 청천동,경상사고,0,0,1,0,차대차 - 추돌,안전운전불이행,젖음/습기,비,교차로 - 교차로부근,이륜,남,29세,상해없음,이륜,남,44세,경상
2018022800100544,2018년 2월 28일 19시,수요일,인천광역시 남동구 구월동,경상사고,0,0,1,0,차대차 - 측면충돌,안전운전불이행,젖음/습기,비,교차로 - 교차로부근,기타불명,기타불명,미분류,기타불명,승용,남,27세,상해없음
2018022800100545,2018년 2월 28일 19시,수요일,인천광역시 남동구 만수동,경상사고,0,0,1,0,차대차 - 기타,안전운전불이행,젖음/습기,비,교차로 - 교차로부근,승용,여,39세,기타불명,승용,남,31세,경상
2018022800100546,2018년 2월 28일 19시,수요일,인천광역시 연수구 연수동,중상사고,0,1,0,0,차량단독 - 기타,기타,젖음/습기,비,교차로 - 교차로부근,승합,남,57세,상해없음,,,,
2018022800100594,2018년 2월 28일 20시,수요일,인천광역시 부평구 갈산동,경상사고,0,0,1,0,차대사람 - 횡단중,신호위반,젖음/습기,비,단일로 - 기타,승용,남,32세,상해없음,보행자,남,57세,경상
2018022800100595,2018년 2월 28일 20시,수요일,인천광역시 부평구 청천동,경상사고,0,0,1,0,차대차 - 기타,안전운전불이행,건조,맑음,교차로 - 교차로안,승합,남,46세,상해없음,승용,남,30세,경상
2018022800100660,2018년 2월 28일 21시,수요일,인천광역시 계양구 계산동,경상사고,0,0,3,0,차대차 - 추돌,안전운전불이행,젖음/습기,비,교차로 - 교차로부근,승합,남,42세,상해없음,승합,남,43세,경상
2018022800100712,2018년 2월 28일 22시,수요일,인천광역시 중구 신흥동3가,경상사고,0,0,1,0,차량단독 - 공작물충돌,안전운전불이행,젖음/습기,비,단일로 - 기타,승용,남,24세,경상,,,,
2018022800100713,2018년 2월 28일 22시,수요일,인천광역시 서구 오류동,경상사고,0,0,1,0,차대차 - 후진중충돌,안전운전불이행,건조,맑음,단일로 - 기타,승합,남,55세,상해없음,승용,남,44세,경상
2018022800100714,2018년 2월 28일 22시,수요일,인천광역시 계양구 박촌동,중상사고,0,1,0,0,차대사람 - 횡단중,보행자보호의무위반,젖음/습기,비,단일로 - 기타,승용,남,54세,상해없음,보행자,여,23세,중상
2018022800100754,2018년 2월 28일 23시,수요일,인천광역시 미추홀구 관교동,경상사고,0,0,1,0,차대차 - 기타,안전운전불이행,젖음/습기,비,교차로 - 교차로안,승용,남,60세,기타불명,승합,남,48세,경상
2018022800100755,2018년 2월 28일 23시,수요일,인천광역시 서구 심곡동,경상사고,0,0,1,0,차대사람 - 횡단중,안전운전불이행,젖음/습기,비,단일로 - 기타,승용,남,24세,상해없음,보행자,남,53세,경상
2018030100100031,2018년 3월 1일 00시,목요일,인천광역시 부평구 부개동,경상사고,0,0,1,0,차대사람 - 차도통행중,신호위반,젖음/습기,흐림,교차로 - 교차로안,승용,여,21세,상해없음,보행자,여,58세,경상
2018030100100032,2018년 3월 1일 00시,목요일,인천광역시 계양구 작전동,경상사고,0,0,2,0,차대차 - 추돌,안전운전불이행,젖음/습기,비,교차로 - 교차로부근,화물,여,43세,상해없음,승용,여,28세,경상
2018030100100070,2018년 3월 1일 02시,목요일,인천광역시 서구 가좌동,경상사고,0,0,2,0,차대차 - 측면충돌,교차로운행방법위반,건조,맑음,교차로 - 교차로안,승용,남,48세,상해없음,승용,남,41세,경상
2018030100100071,2018년 3월 1일 02시,목요일,인천광역시 부평구 갈산동,경상사고,0,0,5,0,차대차 - 측면충돌,안전운전불이행,젖음/습기,비,교차로 - 교차로안,승용,남,37세,기타불명,승용,남,35세,경상
2018030100100072,2018년 3월 1일 02시,목요일,인천광역시 남동구 논현동,경상사고,0,0,3,0,차대차 - 후진중충돌,안전운전불이행,젖음/습기,비,기타 - 기타,승용,여,42세,상해없음,승용,남,57세,경상
2018030100100084,2018년 3월 1일 03시,목요일,인천광역시 서구 석남동,경상사고,0,0,1,0,차대차 - 측면충돌,안전운전불이행,건조,맑음,단일로 - 기타,승용,남,45세,상해없음,자전거,남,40세,경상
2018030100100095,2018년 3월 1일 04시,목요일,인천광역시 미추홀구 용현동,경상사고,0,0,4,0,차대차 - 정면충돌,안전운전불이행,젖음/습기,비,교차로 - 교차로안,승용,남,45세,상해없음,승용,남,27세,경상
2018030100100096,2018년 3월 1일 04시,목요일,인천광역시 부평구 삼산동,경상사고,0,0,3,0,차대차 - 추돌,안전운전불이행,젖음/습기,비,단일로 - 기타,승용,여,46세,상해없음,승용,남,57세,경상
2018030100100110,2018년 3월 1일 05시,목요일,인천광역시 서구 석남동,경상사고,0,0,5,0,차대차 - 정면충돌,안전운전불이행,건조,흐림,기타 - 기타,화물,남,26세,상해없음,승용,남,46세,경상
2018030100100146,2018년 3월 1일 08시,목요일,인천광역시 서구 가좌동,경상사고,0,0,1,0,차대사람 - 횡단중,안전운전불이행,건조,맑음,교차로 - 교차로횡단보도내,기타불명,기타불명,미분류,기타불명,보행자,남,26세,경상
2018030100100193,2018년 3월 1일 11시,목요일,인천광역시 남동구 간석동,경상사고,0,0,2,0,차대차 - 측면충돌,안전운전불이행,건조,맑음,단일로 - 기타,승용,남,59세,상해없음,화물,남,64세,상해없음
2018030100100246,2018년 3월 1일 13시,목요일,인천광역시 강화군 길상면,중상사고,0,1,0,0,차대차 - 측면충돌,신호위반,건조,맑음,교차로 - 교차로안,승용,여,57세,상해없음,이륜,남,26세,중상
2018030100100338,2018년 3월 1일 16시,목요일,인천광역시 서구 가정동,중상사고,0,1,0,0,차대차 - 기타,기타,건조,맑음,단일로 - 기타,승용,남,55세,기타불명,이륜,남,23세,중상
2018030100100367,2018년 3월 1일 17시,목요일,인천광역시 미추홀구 용현동,경상사고,0,0,4,0,차대차 - 측면충돌,신호위반,건조,맑음,교차로 - 교차로안,승용,남,63세,상해없음,승용,여,42세,경상
2018030100100368,2018년 3월 1일 17시,목요일,인천광역시 연수구 선학동,경상사고,0,0,2,0,차대차 - 추돌,안전운전불이행,건조,맑음,교차로 - 교차로부근,승용,남,61세,상해없음,승용,여,59세,상해없음
2018030100100443,2018년 3월 1일 20시,목요일,인천광역시 미추홀구 주안동,경상사고,0,0,1,0,차대차 - 후진중충돌,안전운전불이행,건조,맑음,단일로 - 기타,승용,남,23세,상해없음,승용,남,61세,경상
2018030100100469,2018년 3월 1일 21시,목요일,인천광역시 서구 경서동,경상사고,0,0,1,0,차대차 - 측면충돌,신호위반,건조,맑음,교차로 - 교차로안,원동기,남,23세,경상,승합,남,52세,상해없음
2018030100100483,2018년 3월 1일 22시,목요일,인천광역시 남동구 구월동,중상사고,0,2,0,0,차대차 - 측면충돌,신호위반,건조,맑음,교차로 - 교차로안,승합,남,82세,상해없음,승용,남,46세,중상
2018030100100491,2018년 3월 1일 23시,목요일,인천광역시 서구 공촌동,경상사고,0,0,1,0,차대차 - 추돌,안전거리미확보,건조,맑음,단일로 - 기타,승용,남,31세,경상,승용,남,35세,상해없음
2018030100100492,2018년 3월 1일 23시,목요일,인천광역시 서구 가좌동,중상사고,0,1,0,0,차대사람 - 길가장자리구역통행중,안전운전불이행,건조,맑음,교차로 - 교차로부근,기타불명,기타불명,미분류,기타불명,보행자,여,17세,중상
2018030200100023,2018년 3월 2일 02시,금요일,인천광역시 남동구 만수동,중상사고,0,1,1,0,차대차 - 측면충돌,기타,건조,맑음,교차로 - 교차로부근,승용,남,34세,상해없음,승용,남,53세,경상
2018030200100042,2018년 3월 2일 05시,금요일,인천광역시 미추홀구 관교동,경상사고,0,0,2,0,차대차 - 측면충돌,신호위반,건조,맑음,교차로 - 교차로안,승합,여,62세,경상,화물,남,50세,경상
2018030200100043,2018년 3월 2일 05시,금요일,인천광역시 미추홀구 용현동,중상사고,0,1,0,0,차대사람 - 횡단중,안전운전불이행,건조,맑음,교차로 - 교차로횡단보도내,승용,남,27세,상해없음,보행자,남,85세,중상
2018030200100138,2018년 3월 2일 09시,금요일,인천광역시 연수구 송도동,경상사고,0,0,3,0,차대차 - 추돌,기타,건조,맑음,단일로 - 기타,승용,남,30세,상해없음,승합,남,60세,경상
2018030200100256,2018년 3월 2일 13시,금요일,인천광역시 계양구 작전동,경상사고,0,0,1,0,차대사람 - 횡단중,신호위반,건조,맑음,단일로 - 기타,승용,남,70세,상해없음,보행자,남,6세,경상
2018030200100257,2018년 3월 2일 13시,금요일,인천광역시 부평구 부개동,경상사고,0,0,2,0,차대차 - 후진중충돌,안전운전불이행,건조,맑음,단일로 - 기타,승합,여,58세,기타불명,승용,여,31세,경상
2018030200100336,2018년 3월 2일 15시,금요일,인천광역시 서구 석남동,경상사고,0,0,2,0,차대차 - 추돌,안전운전불이행,건조,맑음,교차로 - 교차로부근,화물,남,30세,상해없음,승용,여,60세,경상
2018030200100383,2018년 3월 2일 16시,금요일,인천광역시 남동구 논현동,중상사고,0,1,6,0,차대차 - 기타,안전운전불이행,건조,맑음,단일로 - 지하차도(도로)내,특수,남,50세,상해없음,화물,남,52세,경상
2018030200100426,2018년 3월 2일 17시,금요일,인천광역시 동구 송현동,경상사고,0,0,1,1,차대차 - 측면충돌,안전운전불이행,건조,맑음,단일로 - 기타,승용,남,33세,부상신고,승용,남,40세,경상
2018030200100468,2018년 3월 2일 18시,금요일,인천광역시 서구 석남동,경상사고,0,0,1,0,차대차 - 기타,안전운전불이행,건조,맑음,교차로 - 교차로안,승용,남,24세,상해없음,승용,여,43세,경상