사고번호,사고일시,요일,시군구,사고내용,사망자수,중상자수,경상자수,부상신고자수,사고유형,법규위반,노면상태,기상상태,도로형태,가해운전자 차종,가해운전자 성별,가해운전자 연령,가해운전자 상해정도,피해운전자 차종,피해운전자 성별,피해운전자 연령,피해운전자 상해정도
2018030200100510,2018년 3월 2일 19시,금요일,인천광역시 중구 신흥동3가,경상사고,0,0,2,0,차대차 - 기타,안전운전불이행,건조,맑음,교차로 - 교차로부근,건설기계,남,42세,기타불명,승용,남,66세,경상
2018030200100511,2018년 3월 2일 19시,금요일,인천광역시 남동구 만수동,경상사고,0,0,1,0,차대사람 - 차도통행중,안전운전불이행,건조,맑음,단일로 - 기타,승용,여,60세,상해없음,보행자,남,47세,경상
2018030200100512,2018년 3월 2일 19시,금요일,인천광역시 강화군 강화읍,중상사고,0,1,0,0,차대사람 - 횡단중,안전운전불이행,건조,맑음,기타 - 기타,승용,여,43세,상해없음,보행자,남,46세,중상
2018030200100539,2018년 3월 2일 20시,금요일,인천광역시 부평구 갈산동,중상사고,0,1,0,0,차대사람 - 횡단중,안전운전불이행,건조,맑음,교차로 - 교차로부근,승용,남,49세,상해없음,보행자,남,57세,중상
2018030200100567,2018년 3월 2일 21시,금요일,인천광역시 중구 운서동,중상사고,0,1,0,0,차대사람 - 기타,안전운전불이행,건조,맑음,단일로 - 기타,승용,남,60세,상해없음,보행자,남,32세,중상
2018030200100568,2018년 3월 2일 21시,금요일,인천광역시 미추홀구 숭의동,경상사고,0,0,1,0,차대차 - 정면충돌,안전운전불이행,건조,맑음,교차로 - 교차로안,승용,남,56세,상해없음,승용,남,49세,경상
2018030200100569,2018년 3월 2일 21시,금요일,인천광역시 연수구 청학동,중상사고,0,1,1,0,차대차 - 측면충돌,신호위반,건조,맑음,교차로 - 교차로안,승용,남,32세,상해없음,승용,남,44세,중상
2018030300100015,2018년 3월 3일 00시,토요일,인천광역시 미추홀구 관교동,경상사고,0,0,2,0,차대차 - 추돌,안전운전불이행,건조,맑음,단일로 - 기타,승용,남,33세,상해없음,승용,남,45세,경상
2018030300100016,2018년 3월 3일 00시,토요일,인천광역시 남동구 서창동,경상사고,0,0,1,0,차대사람 - 횡단중,신호위반,건조,맑음,교차로 - 교차로안,화물,남,54세,상해없음,보행자,남,57세,경상
2018030300100037,2018년 3월 3일 02시,토요일,인천광역시 부평구 부평동,경상사고,0,0,6,0,차대차 - 추돌,안전운전불이행,건조,맑음,교차로 - 교차로부근,승용,여,40세,기타불명,승용,남,56세,경상
2018030300100073,2018년 3월 3일 06시,토요일,인천광역시 부평구 십정동,경상사고,0,0,1,0,차대차 - 추돌,안전운전불이행,건조,맑음,교차로 - 교차로부근,승용,남,29세,상해없음,승용,여,46세,경상
2018030300100102,2018년 3월 3일 08시,토요일,인천광역시 미추홀구 숭의동,경상사고,0,0,1,0,차대차 - 후진중충돌,안전운전불이행,건조,맑음,교차로 - 교차로부근,승용,남,51세,기타불명,승용,남,43세,경상
2018030300100103,2018년 3월 3일 08시,토요일,인천광역시 남동구 장수동,경상사고,0,0,3,1,차대차 - 기타,안전운전불이행,건조,맑음,단일로 - 기타,승용,남,25세,부상신고,승용,남,69세,상해없음
2018030300100119,2018년 3월 3일 09시,토요일,인천광역시 서구 오류동,경상사고,0,0,1,0,차대차 - 측면충돌,안전운전불이행,건조,맑음,단일로 - 기타,승용,남,61세,경상,화물,남,37세,상해없음
2018030300100168,2018년 3월 3일 11시,토요일,인천광역시 미추홀구 용현동,중상사고,0,1,0,0,차대사람 - 길가장자리구역통행중,안전운전불이행,건조,맑음,단일로 - 기타,화물,남,34세,상해없음,보행자,남,3세,중상
2018030300100193,2018년 3월 3일 12시,토요일,인천광역시 중구 운서동,경상사고,0,0,1,0,차대차 - 측면충돌,안전운전불이행,건조,맑음,단일로 - 기타,승용,남,57세,상해없음,자전거,남,44세,경상
2018030300100251,2018년 3월 3일 14시,토요일,인천광역시 남동구 도림동,중상사고,0,2,0,0,차대차 - 추돌,안전운전불이행,건조,맑음,단일로 - 기타,화물,남,47세,상해없음,승용,남,25세,중상
2018030300100279,2018년 3월 3일 15시,토요일,인천광역시 미추홀구 숭의동,사망사고,1,0,2,1,차대차 - 정면충돌,신호위반,건조,맑음,교차로 - 교차로안,승합,남,31세,부상신고,승용,남,48세,경상
2018030300100280,2018년 3월 3일 15시,토요일,인천광역시 서구 금곡동,경상사고,0,0,1,0,차대차 - 기타,안전운전불이행,건조,맑음,단일로 - 기타,승용,남,50세,상해없음,승용,여,57세,경상
2018030300100307,2018년 3월 3일 16시,토요일,인천광역시 중구 도원동,중상사고,0,1,0,0,차대사람 - 차도통행중,안전운전불이행,젖음/습기,흐림,단일로 - 기타,승용,남,40세,상해없음,보행자,여,75세,중상
2018030300100308,2018년 3월 3일 16시,토요일,인천광역시 남동구 구월동,경상사고,0,0,1,0,차대사람 - 횡단중,보행자보호의무위반,건조,맑음,교차로 - 교차로횡단보도내,승용,남,55세,상해없음,보행자,남,50세,경상
2018030300100409,2018년 3월 3일 19시,토요일,인천광역시 중구 운북동,경상사고,0,0,1,0,차대차 - 기타,신호위반,건조,맑음,교차로 - 교차로안,승용,남,30세,상해없음,자전거,남,54세,경상
2018030300100410,2018년 3월 3일 19시,토요일,인천광역시 미추홀구 용현동,중상사고,0,1,0,0,차대차 - 측면충돌,안전운전불이행,건조,맑음,교차로 - 교차로부근,승용,남,26세,상해없음,이륜,남,69세,중상
2018030300100411,2018년 3월 3일 19시,토요일,인천광역시 계양구 작전동,경상사고,0,0,1,0,차대차 - 추돌,안전운전불이행,건조,맑음,교차로 - 교차로안,화물,남,27세,상해없음,승용,남,49세,경상
2018030300100412,2018년 3월 3일 19시,토요일,인천광역시 부평구 부개동,경상사고,0,0,1,0,차대사람 - 횡단중,보행자보호의무위반,건조,맑음,교차로 - 교차로횡단보도내,승용,남,46세,상해없음,보행자,여,51세,경상
2018030300100478,2018년 3월 3일 22시,토요일,인천광역시 남동구 구월동,경상사고,0,0,2,0,차대차 - 추돌,안전거리미확보,건조,맑음,단일로 - 기타,승용,남,51세,상해없음,승용,남,44세,경상
2018030400100031,2018년 3월 4일 01시,일요일,인천광역시 계양구 계산동,경상사고,0,0,1,0,차대차 - 추돌,안전운전불이행,건조,맑음,교차로 - 교차로안,승용,남,31세,상해없음,이륜,남,35세,경상
2018030400100082,2018년 3월 4일 06시,일요일,인천광역시 남동구 도림동,중상사고,0,1,0,0,차대사람 - 횡단중,안전운전불이행,젖음/습기,비,기타 - 기타,승용,남,48세,상해없음,보행자,남,39세,중상
2018030400100096,2018년 3월 4일 07시,일요일,인천광역시 남동구 간석동,중상사고,0,1,1,0,차대차 - 측면충돌,신호위반,젖음/습기,비,교차로 - 교차로부근,승용,남,64세,상해없음,승용,남,59세,중상
2018030400100155,2018년 3월 4일 11시,일요일,인천광역시 부평구 삼산동,경상사고,0,0,1,0,차량단독 - 기타,안전운전불이행,건조,맑음,단일로 - 기타,기타불명,기타불명,미분류,기타불명,,,,
2018030400100191,2018년 3월 4일 13시,일요일,인천광역시 연수구 연수동,경상사고,0,0,1,0,차대사람 - 횡단중,보행자보호의무위반,건조,맑음,교차로 - 교차로횡단보도내,승용,여,39세,상해없음,보행자,남,13세,경상
2018030400100253,2018년 3월 4일 16시,일요일,인천광역시 서구 가좌동,중상사고,0,1,0,0,차대차 - 정면충돌,안전운전불이행,건조,맑음,교차로 - 교차로안,승용,남,50세,상해없음,자전거,남,69세,중상
2018030400100296,2018년 3월 4일 18시,일요일,인천광역시 서구 석남동,경상사고,0,0,1,0,차대사람 - 기타,안전운전불이행,젖음/습기,비,기타 - 기타,승용,여,53세,상해없음,보행자,여,65세,경상
2018030400100317,2018년 3월 4일 19시,일요일,인천광역시 부평구 구산동,경상사고,0,0,2,0,차대차 - 측면충돌,안전거리미확보,젖음/습기,비,단일로 - 기타,승용,남,37세,상해없음,승용,남,30세,경상
2018030400100318,2018년 3월 4일 19시,일요일,인천광역시 부평구 부개동,경상사고,0,0,1,0,차대사람 - 차도통행중,안전운전불이행,젖음/습기,비,교차로 - 교차로부근,승용,남,71세,상해없음,보행자,남,69세,경상
2018030400100350,2018년 3월 4일 20시,일요일,인천광역시 서구 석남동,경상사고,0,0,1,0,차대사람 - 횡단중,보행자보호의무위반,젖음/습기,비,단일로 - 기타,이륜,남,20세,상해없음,보행자,남,51세,경상
2018030400100351,2018년 3월 4일 20시,일요일,인천광역시 계양구 계산동,중상사고,0,1,0,0,차대사람 - 보도통행중,기타,젖음/습기,비,교차로 - 교차로부근,승용,여,23세,상해없음,보행자,남,55세,중상
2018030400100352,2018년 3월 4일 20시,일요일,인천광역시 부평구 부개동,경상사고,0,0,1,0,차대차 - 측면충돌,신호위반,젖음/습기,비,교차로 - 교차로안,승용,여,52세,상해없음,이륜,남,22세,경상
2018030400100432,2018년 3월 4일 22시,일요일,인천광역시 남동구 논현동,경상사고,0,0,2,0,차대차 - 추돌,안전운전불이행,젖음/습기,비,단일로 - 터널,승용,남,30세,상해없음,승용,남,63세,경상
2018030400100455,2018년 3월 4일 23시,일요일,인천광역시 남동구 구월동,중상사고,0,1,0,0,차대차 - 측면충돌,신호위반,젖음/습기,비,교차로 - 교차로부근,화물,남,47세,상해없음,이륜,남,16세,중상
2018030500100011,2018년 3월 5일 00시,월요일,인천광역시 부평구 십정동,경상사고,0,0,4,0,차대차 - 측면충돌,안전운전불이행,젖음/습기,비,단일로 - 기타,승용,남,25세,상해없음,승용,남,24세,경상
2018030500100012,2018년 3월 5일 00시,월요일,인천광역시 계양구 작전동,중상사고,0,1,0,0,차량단독 - 기타,안전운전불이행,젖음/습기,비,교차로 - 교차로부근,이륜,남,53세,중상,,,,
2018030500100020,2018년 3월 5일 01시,월요일,인천광역시 서구 연희동,중상사고,0,1,0,0,차대차 - 추돌,안전거리미확보,건조,맑음,교차로 - 교차로부근,승용,남,29세,상해없음,승용,남,41세,중상
2018030500100042,2018년 3월 5일 04시,월요일,인천광역시 미추홀구 주안동,경상사고,0,0,1,0,차대사람 - 기타,보행자보호의무위반,젖음/습기,비,교차로 - 교차로안,승용,남,62세,상해없음,보행자,남,26세,경상
2018030500100063,2018년 3월 5일 05시,월요일,인천광역시 계양구 작전동,중상사고,0,1,0,0,차대차 - 측면충돌,신호위반,젖음/습기,비,교차로 - 교차로안,승용,여,42세,상해없음,승합,남,61세,중상
2018030500100082,2018년 3월 5일 06시,월요일,인천광역시 남동구 만수동,중상사고,0,1,0,0,차대차 - 추돌,안전운전불이행,젖음/습기,비,교차로 - 교차로안,승용,남,47세,상해없음,이륜,남,48세,중상
2018030500100083,2018년 3월 5일 06시,월요일,인천광역시 서구 경서동,중상사고,0,1,1,0,차대차 - 기타,안전운전불이행,젖음/습기,비,단일로 - 기타,승용,남,55세,경상,승용,남,62세,상해없음
2018030500100104,2018년 3월 5일 07시,월요일,인천광역시 계양구 작전동,경상사고,0,0,1,0,차대차 - 정면충돌,안전운전불이행,젖음/습기,비,교차로 - 교차로안,승용,남,47세,상해없음,기타불명,기타불명,미분류,기타불명
2018030500100134,2018년 3월 5일 08시,월요일,인천광역시 중구 인현동,경상사고,0,0,1,0,차대사람 - 횡단중,안전운전불이행,젖음/습기,흐림,교차로 - 교차로안,승용,남,75세,상해없음,보행자,여,18세,경상
2018030500100135,2018년 3월 5일 08시,월요일,인천광역시 미추홀구 주안동,부상신고사고,0,0,0,1,차대사람 - 길가장자리구역통행중,안전운전불이행,젖음/습기,비,단일로 - 기타,승용,여,53세,상해없음,보행자,여,36세,부상신고
2018030500100136,2018년 3월 5일 08시,월요일,인천광역시 미추홀구 용현동,경상사고,0,0,3,0,차대차 - 후진중충돌,안전운전불이행,젖음/습기,맑음,단일로 - 기타,승용,여,37세,상해없음,승용,여,36세,경상
2018030500100137,2018년 3월 5일 08시,월요일,인천광역시 부평구 부평동,경상사고,0,0,1,0,차대차 - 추돌,안전운전불이행,젖음/습기,비,교차로 - 교차로안,승합,남,20세,상해없음,승용,남,50세,경상
2018030500100182,2018년 3월 5일 10시,월요일,인천광역시 부평구 부평동,경상사고,0,0,1,0,차대사람 - 기타,보행자보호의무위반,건조,맑음,교차로 - 교차로횡단보도내,승용,남,62세,상해없음,보행자,남,52세,경상
2018030500100211,2018년 3월 5일 11시,월요일,인천광역시 중구 북성동1가,경상사고,0,0,1,0,차대차 - 측면충돌,교차로운행방법위반,건조,맑음,교차로 - 교차로안,승용,여,46세,상해없음,승용,남,49세,경상
2018030500100238,2018년 3월 5일 12시,월요일,인천광역시 미추홀구 관교동,중상사고,0,1,0,0,차대사람 - 횡단중,보행자보호의무위반,건조,맑음,교차로 - 교차로횡단보도내,승합,남,68세,상해없음,보행자,여,65세,중상
2018030500100239,2018년 3월 5일 12시,월요일,인천광역시 계양구 효성동,경상사고,0,0,2,0,차대차 - 측면충돌,안전운전불이행,건조,맑음,교차로 - 교차로안,승용,여,80세,상해없음,승용,남,65세,경상
2018030500100240,2018년 3월 5일 12시,월요일,인천광역시 남동구 만수동,중상사고,0,1,0,0,차대사람 - 횡단중,보행자보호의무위반,건조,맑음,교차로 - 교차로횡단보도내,승합,남,61세,상해없음,보행자,여,58세,중상
2018030500100274,2018년 3월 5일 13시,월요일,인천광역시 부평구 십정동,부상신고사고,0,0,0,1,차대사람 - 횡단중,신호위반,건조,맑음,교차로 - 교차로부근,승용,여,56세,상해없음,보행자,여,34세,부상신고
2018030500100275,2018년 3월 5일 13시,월요일,인천광역시 서구 왕길동,중상사고,0,1,0,0,차대사람 - 기타,안전운전불이행,건조,맑음,단일로 - 기타,승용,남,54세,상해없음,보행자,여,48세,중상
2018030500100300,2018년 3월 5일 14시,월요일,인천광역시 미추홀구 주안동,부상신고사고,0,0,0,1,차대차 - 기타,안전운전불이행,기타,기타,단일로 - 기타,기타불명,기타불명,미분류,기타불명,자전거,남,90세 이상,부상신고
2018030500100301,2018년 3월 5일 14시,월요일,인천광역시 서구 당하동,경상사고,0,0,1,0,차대사람 - 차도통행중,안전운전불이행,건조,맑음,단일로 - 기타,승용,여,49세,상해없음,보행자,남,59세,경상
2018030500100357,2018년 3월 5일 16시,월요일,인천광역시 서구 석남동,중상사고,0,1,0,0,차대사람 - 횡단중,안전운전불이행,건조,맑음,단일로 - 기타,승용,남,72세,상해없음,보행자,여,57세,중상
2018030500100388,2018년 3월 5일 17시,월요일,인천광역시 미추홀구 용현동,경상사고,0,0,1,0,차대사람 - 기타,안전운전불이행,건조,맑음,단일로 - 기타,승합,남,63세,상해없음,보행자,여,46세,경상
2018030500100389,2018년 3월 5일 17시,월요일,인천광역시 서구 연희동,부상신고사고,0,0,0,1,차대사람 - 보도통행중,안전운전불이행,건조,맑음,기타 - 기타,기타불명,기타불명,미분류,기타불명,보행자,남,7세,부상신고
2018030500100413,2018년 3월 5일 18시,월요일,인천광역시 부평구 십정동,중상사고,0,1,0,0,차대차 - 기타,기타,건조,맑음,단일로 - 기타,승용,남,44세,상해없음,승합,남,59세,상해없음
2018030500100414,2018년 3월 5일 18시,월요일,인천광역시 남동구 간석동,중상사고,0,1,3,0,차대차 - 측면충돌,신호위반,건조,맑음,교차로 - 교차로안,승용,남,38세,경상,승용,남,37세,경상
2018030500100415,2018년 3월 5일 18시,월요일,인천광역시 서구 당하동,경상사고,0,0,2,0,차대차 - 측면충돌,안전운전불이행,건조,맑음,교차로 - 교차로부근,건설기계,남,58세,상해없음,승용,여,35세,경상
2018030500100475,2018년 3월 5일 20시,월요일,인천광역시 남동구 간석동,경상사고,0,0,1,0,차대차 - 측면충돌,차로위반,건조,맑음,단일로 - 기타,승합,남,57세,상해없음,승용,여,44세,경상
2018030500100476,2018년 3월 5일 20시,월요일,인천광역시 남동구 간석동,중상사고,0,1,0,0,차대차 - 측면충돌,교차로운행방법위반,건조,맑음,교차로 - 교차로안,승용,남,28세,상해없음,승용,여,22세,중상
2018030500100477,2018년 3월 5일 20시,월요일,인천광역시 남동구 논현동,중상사고,0,1,0,0,차대사람 - 횡단중,안전운전불이행,건조,맑음,교차로 - 교차로부근,승용,남,76세,상해없음,보행자,남,41세,중상
2018030500100503,2018년 3월 5일 21시,월요일,인천광역시 남동구 구월동,중상사고,0,1,0,0,차대차 - 측면충돌,신호위반,건조,맑음,교차로 - 교차로안,이륜,남,18세,상해없음,이륜,남,28세,중상
2018030500100525,2018년 3월 5일 22시,월요일,인천광역시 동구 송현동,중상사고,0,1,0,0,차대차 - 측면충돌,중앙선침범,건조,맑음,단일로 - 기타,승용,남,38세,상해없음,이륜,남,18세,중상
2018030500100526,2018년 3월 5일 22시,월요일,인천광역시 서구 가좌동,경상사고,0,0,1,0,차대차 - 추돌,안전운전불이행,건조,흐림,교차로 - 교차로부근,화물,남,27세,상해없음,승용,여,31세,경상
2018030600100014,2018년 3월 6일 00시,화요일,인천광역시 남동구 만수동,경상사고,0,0,1,0,차대차 - 측면충돌,안전운전불이행,건조,맑음,단일로 - 기타,화물,남,64세,상해없음,승용,여,26세,경상
2018030600100047,2018년 3월 6일 04시,화요일,인천광역시 계양구 효성동,중상사고,0,1,0,0,차대차 - 정면충돌,중앙선침범,건조,맑음,단일로 - 기타,승용,남,30세,상해없음,화물,남,38세,기타불명
2018030600100068,2018년 3월 6일 06시,화요일,인천광역시 미추홀구 주안동,경상사고,0,0,2,0,차대차 - 기타,신호위반,건조,맑음,교차로 - 교차로안,승용,남,50세,상해없음,승용,여,50세,경상
2018030600100069,2018년 3월 6일 06시,화요일,인천광역시 부평구 산곡동,중상사고,0,1,0,0,차대사람 - 기타,안전운전불이행,건조,맑음,교차로 - 교차로부근,기타불명,기타불명,미분류,기타불명,보행자,여,61세,중상
2018030600100125,2018년 3월 6일 08시,화요일,인천광역시 서구 가좌동,중상사고,0,1,1,0,차대차 - 추돌,중앙선침범,건조,맑음,교차로 - 교차로부근,이륜,남,17세,상해없음,승용,여,27세,경상
2018030600100126,2018년 3월 6일 08시,화요일,인천광역시 남동구 논현동,경상사고,0,0,1,0,차대차 - 추돌,안전운전불이행,건조,맑음,교차로 - 교차로안,승용,남,31세,상해없음,승용,남,28세,경상
2018030600100156,2018년 3월 6일 09시,화요일,인천광역시 미추홀구 학익동,경상사고,0,0,1,0,차대차 - 추돌,안전거리미확보,건조,맑음,교차로 - 교차로안,승용,남,37세,상해없음,승합,남,58세,경상
2018030600100157,2018년 3월 6일 09시,화요일,인천광역시 계양구 작전동,경상사고,0,0,1,0,차대사람 - 기타,기타,건조,맑음,단일로 - 기타,승합,남,37세,상해없음,보행자,여,51세,경상
2018030600100158,2018년 3월 6일 09시,화요일,인천광역시 남동구 논현동,경상사고,0,0,1,0,차대차 - 측면충돌,신호위반,건조,맑음,교차로 - 교차로안,승용,여,41세,상해없음,승용,여,39세,경상
2018030600100248,2018년 3월 6일 13시,화요일,인천광역시 미추홀구 주안동,경상사고,0,0,1,0,차대차 - 측면충돌,안전운전불이행,건조,맑음,교차로 - 교차로안,승용,남,44세,상해없음,이륜,남,21세,경상
2018030600100268,2018년 3월 6일 14시,화요일,인천광역시 미추홀구 용현동,경상사고,0,0,1,0,차대차 - 측면충돌,안전운전불이행,건조,맑음,교차로 - 교차로부근,승용,남,22세,상해없음,이륜,남,78세,경상
2018030600100324,2018년 3월 6일 16시,화요일,인천광역시 서구 가좌동,경상사고,0,0,1,0,차대차 - 측면충돌,안전운전불이행,건조,맑음,단일로 - 기타,기타불명,기타불명,미분류,기타불명,승용,남,54세,경상
2018030600100325,2018년 3월 6일 16시,화요일,인천광역시 연수구 동춘동,중상사고,0,1,0,0,차대사람 - 차도통행중,보행자보호의무위반,건조,맑음,교차로 - 교차로부근,승합,남,55세,상해없음,보행자,여,17세,중상
2018030600100367,2018년 3월 6일 17시,화요일,인천광역시 연수구 옥련동,경상사고,0,0,1,0,차대사람 - 기타,기타,건조,맑음,기타 - 기타,승합,남,56세,상해없음,보행자,남,53세,경상
2018030600100405,2018년 3월 6일 18시,화요일,인천광역시 부평구 청천동,경상사고,0,0,1,0,차대차 - 정면충돌,중앙선침범,건조,맑음,교차로 - 교차로부근,승용,남,60세,상해없음,이륜,남,45세,경상
2018030600100406,2018년 3월 6일 18시,화요일,인천광역시 서구 경서동,경상사고,0,0,1,0,차대차 - 추돌,안전운전불이행,건조,맑음,단일로 - 기타,승용,남,49세,상해없음,승용,남,34세,경상
2018030600100483,2018년 3월 6일 21시,화요일,인천광역시 옹진군 북도면,중상사고,0,1,0,0,차량단독 - 전도전복 - 전복,안전운전불이행,건조,맑음,단일로 - 기타,사륜오토바이(ATV),남,54세,중상,미분류,미분류,미분류,미분류
2018030600100484,2018년 3월 6일 21시,화요일,인천광역시 서구 마전동,경상사고,0,0,1,0,차량단독 - 기타,안전운전불이행,건조,맑음,단일로 - 기타,승합,남,38세,상해없음,,,,
2018030600100505,2018년 3월 6일 22시,화요일,인천광역시 계양구 작전동,중상사고,0,1,3,0,차대차 - 추돌,안전운전불이행,건조,맑음,교차로 - 교차로부근,승용,남,23세,상해없음,화물,남,56세,경상
2018030700100046,2018년 3월 7일 04시,수요일,인천광역시 부평구 산곡동,경상사고,0,0,1,0,차대차 - 기타,중앙선침범,건조,맑음,교차로 - 교차로안,승용,남,62세,상해없음,화물,남,38세,경상
2018030700100136,2018년 3월 7일 09시,수요일,인천광역시 동구 화수동,경상사고,0,0,1,0,차대사람 - 차도통행중,안전운전불이행,건조,흐림,기타 - 기타,승용,여,47세,상해없음,보행자,남,72세,경상
2018030700100137,2018년 3월 7일 09시,수요일,인천광역시 미추홀구 용현동,경상사고,0,0,1,0,차대사람 - 횡단중,보행자보호의무위반,건조,맑음,교차로 - 교차로안,승합,남,72세,기타불명,보행자,여,90세 이상,경상
2018030700100221,2018년 3월 7일 13시,수요일,인천광역시 연수구 옥련동,경상사고,0,0,1,0,차대사람 - 길가장자리구역통행중,안전운전불이행,건조,흐림,단일로 - 기타,승용,남,77세,상해없음,보행자,여,71세,경상
2018030700100246,2018년 3월 7일 14시,수요일,인천광역시 서구 경서동,중상사고,0,1,0,0,차대차 - 추돌,안전운전불이행,건조,맑음,단일로 - 지하차도(도로)내,화물,남,55세,상해없음,화물,남,45세,중상
2018030700100272,2018년 3월 7일 15시,수요일,인천광역시 미추홀구 주안동,경상사고,0,0,3,0,차대차 - 측면충돌,안전운전불이행,건조,맑음,단일로 - 기타,승용,남,61세,상해없음,승용,남,35세,경상
2018030700100273,2018년 3월 7일 15시,수요일,인천광역시 연수구 송도동,중상사고,0,1,1,0,차대차 - 측면충돌,신호위반,건조,맑음,단일로 - 기타,승용,남,57세,상해없음,이륜,남,29세,중상
2018030700100364,2018년 3월 7일 18시,수요일,인천광역시 남동구 만수동,중상사고,0,1,0,0,차대사람 - 횡단중,중앙선침범,건조,맑음,단일로 - 기타,승합,남,46세,상해없음,보행자,남,43세,중상
2018030700100399,2018년 3월 7일 19시,수요일,인천광역시 계양구 계산동,경상사고,0,0,1,0,차대차 - 측면충돌,안전운전불이행,건조,맑음,교차로 - 교차로부근,승용,남,65세,상해없음,승용,여,46세,경상
2018030700100438,2018년 3월 7일 20시,수요일,인천광역시 서구 연희동,중상사고,0,1,1,0,차대차 - 추돌,안전운전불이행,건조,맑음,단일로 - 기타,승용,남,32세,상해없음,승용,여,31세,중상
2018030700100483,2018년 3월 7일 21시,수요일,인천광역시 중구 운서동,경상사고,0,0,1,0,차대차 - 측면충돌,기타,젖음/습기,비,단일로 - 기타,승용,남,52세,상해없음,승합,남,60세,경상
2018030700100532,2018년 3월 7일 22시,수요일,인천광역시 미추홀구 주안동,경상사고,0,0,1,0,차대사람 - 횡단중,신호위반,젖음/습기,비,단일로 - 기타,승용,남,22세,상해없음,보행자,여,21세,경상
2018030700100533,2018년 3월 7일 22시,수요일,인천광역시 서구 심곡동,경상사고,0,0,1,0,차대사람 - 차도통행중,안전운전불이행,젖음/습기,비,교차로 - 교차로부근,승용,여,49세,상해없음,보행자,남,58세,경상
2018030700100560,2018년 3월 7일 23시,수요일,인천광역시 서구 마전동,경상사고,0,0,1,0,차대차 - 정면충돌,안전운전불이행,젖음/습기,비,단일로 - 기타,화물,남,51세,상해없음,이륜,남,39세,경상
2018030700100561,2018년 3월 7일 23시,수요일,인천광역시 서구 검암동,경상사고,0,0,1,0,차대사람 - 횡단중,안전운전불이행,젖음/습기,비,교차로 - 교차로부근,승용,남,43세,상해없음,보행자,여,20세,경상
2018030800100024,2018년 3월 8일 00시,목요일,인천광역시 서구 가좌동,경상사고,0,0,1,0,차대사람 - 차도통행중,안전운전불이행,젖음/습기,비,교차로 - 교차로부근,승용,남,47세,상해없음,보행자,여,58세,경상
2018030800100039,2018년 3월 8일 01시,목요일,인천광역시 부평구 십정동,중상사고,0,1,0,0,차대차 - 기타,중앙선침범,젖음/습기,비,교차로 - 교차로안,승용,남,42세,상해없음,승용,남,37세,중상
2018030800100040,2018년 3월 8일 01시,목요일,인천광역시 남동구 만수동,중상사고,0,1,0,0,차대사람 - 횡단중,안전운전불이행,젖음/습기,맑음,교차로 - 교차로안,승용,남,29세,상해없음,보행자,남,61세,중상
2018030800100051,2018년 3월 8일 02시,목요일,인천광역시 남동구 수산동,경상사고,0,0,1,0,차대차 - 측면충돌,안전운전불이행,젖음/습기,비,단일로 - 터널,승용,남,20세,상해없음,승용,남,64세,경상
2018030800100074,2018년 3월 8일 04시,목요일,인천광역시 서구 석남동,중상사고,0,1,1,0,차대차 - 측면충돌,신호위반,건조,맑음,교차로 - 교차로안,승용,여,50세,상해없음,승합,남,63세,경상
2018030800100103,2018년 3월 8일 06시,목요일,인천광역시 부평구 삼산동,부상신고사고,0,0,0,4,차대차 - 추돌,안전운전불이행,젖음/습기,비,단일로 - 교량,승용,남,31세,상해없음,화물,남,48세,부상신고
2018030800100126,2018년 3월 8일 07시,목요일,인천광역시 중구 운남동,부상신고사고,0,0,0,1,차대차 - 추돌,중앙선침범,젖음/습기,비,교차로 - 교차로안,기타불명,기타불명,미분류,기타불명,승용,남,44세,상해없음
2018030800100127,2018년 3월 8일 07시,목요일,인천광역시 남동구 간석동,경상사고,0,0,2,0,차대차 - 측면충돌,교차로운행방법위반,건조,맑음,단일로 - 기타,승용,남,28세,경상,화물,남,31세,경상
2018030800100128,2018년 3월 8일 07시,목요일,인천광역시 남동구 간석동,경상사고,0,0,1,0,차대차 - 측면충돌,교차로운행방법위반,건조,맑음,교차로 - 교차로안,화물,남,44세,상해없음,승용,남,34세,경상
2018030800100174,2018년 3월 8일 08시,목요일,인천광역시 서구 가좌동,부상신고사고,0,0,0,1,차대사람 - 기타,안전운전불이행,건조,맑음,교차로 - 교차로안,승용,남,43세,상해없음,보행자,남,17세,부상신고
2018030800100175,2018년 3월 8일 08시,목요일,인천광역시 서구 금곡동,경상사고,0,0,1,0,차대사람 - 길가장자리구역통행중,안전운전불이행,젖음/습기,비,기타 - 기타,승용,여,56세,상해없음,보행자,남,10세,경상
2018030800100176,2018년 3월 8일 08시,목요일,인천광역시 계양구 효성동,경상사고,0,0,2,0,차대차 - 측면충돌,교차로운행방법위반,건조,맑음,교차로 - 교차로안,승용,남,74세,상해없음,승용,남,40세,경상
2018030800100238,2018년 3월 8일 11시,목요일,인천광역시 부평구 부개동,중상사고,0,1,0,0,차대사람 - 차도통행중,안전운전불이행,건조,맑음,단일로 - 기타,특수,남,44세,상해없음,보행자,여,73세,중상
2018030800100262,2018년 3월 8일 12시,목요일,인천광역시 부평구 일신동,중상사고,0,1,0,0,차대차 - 추돌,안전운전불이행,건조,맑음,단일로 - 기타,승합,남,48세,상해없음,이륜,남,24세,중상
2018030800100315,2018년 3월 8일 14시,목요일,인천광역시 서구 연희동,경상사고,0,0,1,0,차대차 - 측면충돌,안전운전불이행,건조,맑음,교차로 - 교차로안,농기계,남,60세,경상,승합,남,49세,상해없음