사고번호,사고일시,요일,시군구,사고내용,사망자수,중상자수,경상자수,부상신고자수,사고유형,법규위반,노면상태,기상상태,도로형태,가해운전자 차종,가해운전자 성별,가해운전자 연령,가해운전자 상해정도,피해운전자 차종,피해운전자 성별,피해운전자 연령,피해운전자 상해정도
2018032900100123,2018년 3월 29일 08시,목요일,인천광역시 계양구 효성동,중상사고,0,1,0,0,차대사람 - 횡단중,안전운전불이행,건조,맑음,단일로 - 기타,승용,남,42세,상해없음,보행자,여,46세,중상
2018032900100159,2018년 3월 29일 09시,목요일,인천광역시 미추홀구 주안동,중상사고,0,1,0,0,차대차 - 기타,안전운전불이행,건조,맑음,단일로 - 기타,기타불명,기타불명,미분류,기타불명,승합,남,59세,상해없음
2018032900100160,2018년 3월 29일 09시,목요일,인천광역시 미추홀구 도화동,중상사고,0,1,0,0,차대사람 - 횡단중,안전운전불이행,건조,맑음,교차로 - 교차로부근,기타불명,기타불명,미분류,기타불명,보행자,여,48세,중상
2018032900100161,2018년 3월 29일 09시,목요일,인천광역시 서구 연희동,부상신고사고,0,0,0,1,차량단독 - 기타,안전운전불이행,건조,맑음,기타 - 기타,기타불명,기타불명,미분류,기타불명,,,,
2018032900100162,2018년 3월 29일 09시,목요일,인천광역시 남동구 장수동,경상사고,0,0,1,0,차대차 - 기타,안전운전불이행,건조,맑음,단일로 - 기타,건설기계,남,46세,상해없음,화물,남,59세,경상
2018032900100193,2018년 3월 29일 10시,목요일,인천광역시 계양구 작전동,경상사고,0,0,2,0,차대차 - 추돌,안전운전불이행,건조,맑음,단일로 - 기타,승합,남,53세,상해없음,승용,여,66세,경상
2018032900100251,2018년 3월 29일 12시,목요일,인천광역시 남동구 간석동,경상사고,0,0,3,0,차대차 - 추돌,안전거리미확보,건조,맑음,단일로 - 기타,승용,남,75세,경상,화물,남,50세,상해없음
2018032900100276,2018년 3월 29일 13시,목요일,인천광역시 연수구 동춘동,경상사고,0,0,1,0,차대차 - 기타,안전운전불이행,건조,맑음,주차장 - 주차장,승용,남,59세,상해없음,승용,남,36세,경상
2018032900100339,2018년 3월 29일 15시,목요일,인천광역시 중구 신흥동3가,경상사고,0,0,1,0,차대차 - 측면충돌,안전거리미확보,건조,맑음,단일로 - 기타,화물,남,45세,상해없음,승용,남,27세,경상
2018032900100340,2018년 3월 29일 15시,목요일,인천광역시 미추홀구 용현동,경상사고,0,0,1,0,차대차 - 측면충돌,안전운전불이행,건조,맑음,단일로 - 기타,승용,여,38세,상해없음,승용,남,53세,경상
2018032900100341,2018년 3월 29일 15시,목요일,인천광역시 서구 가좌동,경상사고,0,0,2,0,차대차 - 추돌,안전운전불이행,건조,맑음,단일로 - 기타,화물,남,54세,상해없음,자전거,여,9세,경상
2018032900100382,2018년 3월 29일 16시,목요일,인천광역시 부평구 부평동,경상사고,0,0,1,0,차대차 - 추돌,안전운전불이행,건조,맑음,단일로 - 기타,승용,남,23세,상해없음,승용,남,66세,경상
2018032900100383,2018년 3월 29일 16시,목요일,인천광역시 부평구 산곡동,중상사고,0,1,1,0,차대차 - 기타,안전운전불이행,건조,맑음,단일로 - 기타,승용,남,60세,상해없음,승용,남,56세,상해없음
2018032900100420,2018년 3월 29일 17시,목요일,인천광역시 부평구 갈산동,중상사고,0,1,0,0,차대사람 - 차도통행중,안전운전불이행,건조,맑음,단일로 - 기타,승용,남,46세,상해없음,보행자,여,80세,중상
2018032900100488,2018년 3월 29일 19시,목요일,인천광역시 남동구 간석동,경상사고,0,0,1,0,차대사람 - 기타,안전운전불이행,건조,맑음,기타 - 기타,기타불명,기타불명,미분류,기타불명,보행자,남,41세,경상
2018032900100527,2018년 3월 29일 20시,목요일,인천광역시 미추홀구 용현동,중상사고,0,1,0,0,차대사람 - 기타,안전운전불이행,건조,맑음,교차로 - 교차로부근,승용,남,32세,상해없음,보행자,여,63세,중상
2018032900100528,2018년 3월 29일 20시,목요일,인천광역시 부평구 삼산동,경상사고,0,0,1,0,차대사람 - 차도통행중,안전운전불이행,건조,맑음,단일로 - 기타,이륜,남,22세,상해없음,보행자,남,60세,경상
2018032900100565,2018년 3월 29일 21시,목요일,인천광역시 남동구 간석동,부상신고사고,0,0,0,1,차대차 - 기타,차로위반,건조,맑음,교차로 - 교차로부근,승용,남,61세,상해없음,이륜,남,25세,부상신고
2018032900100566,2018년 3월 29일 21시,목요일,인천광역시 연수구 연수동,경상사고,0,0,1,0,차대사람 - 차도통행중,안전운전불이행,건조,맑음,단일로 - 기타,승용,남,51세,상해없음,보행자,남,22세,경상
2018032900100567,2018년 3월 29일 21시,목요일,인천광역시 부평구 부평동,경상사고,0,0,1,0,차대차 - 기타,안전운전불이행,건조,맑음,단일로 - 기타,승용,여,28세,상해없음,원동기,남,36세,경상
2018032900100596,2018년 3월 29일 22시,목요일,인천광역시 미추홀구 도화동,경상사고,0,0,1,0,차대차 - 기타,기타,건조,맑음,교차로 - 교차로부근,승용,남,36세,상해없음,자전거,남,23세,경상
2018032900100620,2018년 3월 29일 23시,목요일,인천광역시 계양구 계산동,중상사고,0,1,0,0,차대사람 - 기타,안전운전불이행,건조,맑음,교차로 - 교차로부근,승용,남,50세,상해없음,보행자,남,56세,중상
2018033000100014,2018년 3월 30일 00시,금요일,인천광역시 중구 운서동,경상사고,0,0,3,0,차대차 - 추돌,안전운전불이행,건조,맑음,교차로 - 교차로부근,승용,남,28세,상해없음,승용,남,57세,경상
2018033000100015,2018년 3월 30일 00시,금요일,인천광역시 동구 송림동,경상사고,0,0,1,0,차대사람 - 횡단중,보행자보호의무위반,건조,맑음,단일로 - 기타,승용,남,62세,상해없음,보행자,남,31세,경상
2018033000100096,2018년 3월 30일 07시,금요일,인천광역시 남동구 간석동,중상사고,0,1,0,0,차량단독 - 기타,안전운전불이행,건조,맑음,교차로 - 교차로부근,승합,남,50세,상해없음,,,,
2018033000100132,2018년 3월 30일 08시,금요일,인천광역시 부평구 부평동,경상사고,0,0,1,0,차대사람 - 기타,안전운전불이행,건조,맑음,단일로 - 기타,승용,여,31세,상해없음,보행자,남,30세,경상
2018033000100161,2018년 3월 30일 09시,금요일,인천광역시 남동구 논현동,경상사고,0,0,4,0,차대차 - 추돌,안전운전불이행,건조,맑음,교차로 - 교차로부근,승용,남,46세,상해없음,승용,남,73세,상해없음
2018033000100162,2018년 3월 30일 09시,금요일,인천광역시 남동구 논현동,경상사고,0,0,1,0,차량단독 - 기타,안전운전불이행,건조,맑음,교차로 - 교차로부근,승용,남,46세,상해없음,,,,
2018033000100191,2018년 3월 30일 10시,금요일,인천광역시 미추홀구 용현동,경상사고,0,0,3,0,차대차 - 기타,안전운전불이행,건조,맑음,단일로 - 기타,승용,남,48세,상해없음,승용,여,56세,경상
2018033000100223,2018년 3월 30일 11시,금요일,인천광역시 서구 가좌동,중상사고,0,1,0,0,차대차 - 정면충돌,안전운전불이행,건조,맑음,교차로 - 교차로안,승용,남,37세,상해없음,이륜,남,39세,중상
2018033000100224,2018년 3월 30일 11시,금요일,인천광역시 계양구 박촌동,경상사고,0,0,1,0,차대차 - 후진중충돌,안전운전불이행,건조,맑음,단일로 - 기타,승용,남,59세,상해없음,화물,남,44세,경상
2018033000100225,2018년 3월 30일 11시,금요일,인천광역시 강화군 양도면,경상사고,0,0,1,0,차대차 - 정면충돌,중앙선침범,건조,맑음,단일로 - 기타,승용,여,28세,상해없음,승용,여,55세,경상
2018033000100226,2018년 3월 30일 11시,금요일,인천광역시 연수구 동춘동,경상사고,0,0,2,0,차대차 - 측면충돌,안전운전불이행,건조,맑음,교차로 - 교차로부근,승용,남,67세,상해없음,승용,남,38세,경상
2018033000100286,2018년 3월 30일 13시,금요일,인천광역시 중구 운남동,경상사고,0,0,1,0,차대차 - 추돌,안전운전불이행,건조,맑음,교차로 - 교차로부근,화물,남,62세,상해없음,화물,여,47세,경상
2018033000100350,2018년 3월 30일 15시,금요일,인천광역시 부평구 부평동,중상사고,0,1,0,0,차대사람 - 기타,신호위반,건조,맑음,단일로 - 기타,승용,남,27세,상해없음,보행자,남,62세,중상
2018033000100351,2018년 3월 30일 15시,금요일,인천광역시 서구 경서동,경상사고,0,0,2,0,차대차 - 기타,안전거리미확보,건조,맑음,단일로 - 기타,승용,여,45세,상해없음,승용,남,39세,경상
2018033000100573,2018년 3월 30일 20시,금요일,인천광역시 서구 마전동,중상사고,0,1,0,0,차대차 - 측면충돌,안전운전불이행,건조,맑음,단일로 - 기타,화물,남,59세,상해없음,이륜,남,26세,중상
2018033000100602,2018년 3월 30일 21시,금요일,인천광역시 옹진군 영흥면,중상사고,0,2,0,0,차대차 - 추돌,안전운전불이행,건조,맑음,단일로 - 기타,화물,남,43세,중상,승용,남,29세,중상
2018033000100603,2018년 3월 30일 21시,금요일,인천광역시 연수구 동춘동,부상신고사고,0,0,0,1,차대차 - 기타,신호위반,건조,맑음,교차로 - 교차로안,이륜,남,19세,상해없음,자전거,남,14세,부상신고
2018033100100020,2018년 3월 31일 00시,토요일,인천광역시 미추홀구 주안동,경상사고,0,0,1,0,차대차 - 추돌,안전운전불이행,건조,맑음,교차로 - 교차로부근,승용,남,30세,상해없음,승용,남,49세,경상
2018033100100021,2018년 3월 31일 00시,토요일,인천광역시 계양구 작전동,경상사고,0,0,1,0,차대차 - 추돌,안전운전불이행,건조,맑음,교차로 - 교차로부근,승용,남,51세,상해없음,승용,남,37세,경상
2018033100100022,2018년 3월 31일 00시,토요일,인천광역시 연수구 선학동,경상사고,0,0,1,0,차대사람 - 길가장자리구역통행중,안전운전불이행,건조,맑음,단일로 - 기타,승용,남,54세,상해없음,보행자,여,23세,경상
2018033100100023,2018년 3월 31일 00시,토요일,인천광역시 부평구 부평동,중상사고,0,2,1,0,차대차 - 추돌,안전운전불이행,건조,맑음,단일로 - 기타,승용,남,24세,상해없음,승용,남,60세,경상
2018033100100043,2018년 3월 31일 01시,토요일,인천광역시 계양구 계산동,중상사고,0,1,2,0,차대차 - 측면충돌,신호위반,건조,맑음,교차로 - 교차로안,이륜,남,32세,중상,승용,남,21세,경상
2018033100100060,2018년 3월 31일 03시,토요일,인천광역시 부평구 부평동,경상사고,0,0,1,0,차대사람 - 횡단중,교차로운행방법위반,건조,맑음,교차로 - 교차로횡단보도내,승용,남,56세,상해없음,보행자,여,36세,경상
2018033100100068,2018년 3월 31일 04시,토요일,인천광역시 서구 경서동,경상사고,0,0,2,0,차대차 - 추돌,안전운전불이행,건조,맑음,교차로 - 교차로부근,화물,남,52세,상해없음,승용,남,53세,경상
2018033100100080,2018년 3월 31일 05시,토요일,인천광역시 남동구 만수동,중상사고,0,1,0,0,차대사람 - 차도통행중,안전운전불이행,건조,맑음,단일로 - 기타,승용,남,74세,상해없음,보행자,남,70세,중상
2018033100100101,2018년 3월 31일 07시,토요일,인천광역시 남동구 구월동,중상사고,0,1,1,0,차대차 - 추돌,안전운전불이행,건조,맑음,단일로 - 기타,승용,남,20세,상해없음,승용,남,43세,중상
2018033100100128,2018년 3월 31일 08시,토요일,인천광역시 부평구 십정동,경상사고,0,0,1,0,차대사람 - 기타,안전운전불이행,건조,맑음,단일로 - 기타,기타불명,기타불명,미분류,기타불명,보행자,여,27세,경상
2018033100100232,2018년 3월 31일 12시,토요일,인천광역시 부평구 산곡동,경상사고,0,0,1,0,차대차 - 정면충돌,안전운전불이행,건조,맑음,교차로 - 교차로안,승용,여,52세,상해없음,이륜,남,62세,경상
2018033100100275,2018년 3월 31일 13시,토요일,인천광역시 남동구 구월동,경상사고,0,0,2,0,차대차 - 추돌,안전운전불이행,건조,맑음,교차로 - 교차로부근,승용,남,42세,상해없음,승용,남,63세,경상
2018033100100276,2018년 3월 31일 13시,토요일,인천광역시 계양구 계산동,중상사고,0,1,0,0,차대사람 - 길가장자리구역통행중,안전운전불이행,건조,맑음,단일로 - 기타,기타불명,여,58세,상해없음,보행자,여,77세,중상
2018033100100389,2018년 3월 31일 16시,토요일,인천광역시 부평구 부평동,경상사고,0,0,1,0,차대차 - 추돌,안전운전불이행,건조,맑음,단일로 - 기타,승용,여,66세,상해없음,승용,남,42세,상해없음
2018033100100390,2018년 3월 31일 16시,토요일,인천광역시 계양구 계산동,경상사고,0,0,1,0,차대사람 - 차도통행중,안전운전불이행,건조,맑음,단일로 - 기타,승합,남,56세,상해없음,보행자,남,53세,경상
2018033100100391,2018년 3월 31일 16시,토요일,인천광역시 남동구 장수동,경상사고,0,0,7,0,차대차 - 추돌,안전거리미확보,건조,맑음,단일로 - 기타,화물,남,47세,상해없음,승합,남,42세,경상
2018033100100458,2018년 3월 31일 18시,토요일,인천광역시 미추홀구 숭의동,경상사고,0,0,6,0,차대차 - 측면충돌,안전운전불이행,건조,맑음,교차로 - 교차로안,승용,여,58세,상해없음,승용,여,32세,경상
2018033100100459,2018년 3월 31일 18시,토요일,인천광역시 서구 신현동,부상신고사고,0,0,0,1,차대차 - 기타,안전운전불이행,건조,맑음,교차로 - 교차로부근,자전거,남,10세,부상신고,화물,남,34세,상해없음
2018033100100522,2018년 3월 31일 20시,토요일,인천광역시 미추홀구 문학동,경상사고,0,0,2,0,차대차 - 측면충돌,신호위반,건조,맑음,교차로 - 교차로안,승용,남,67세,상해없음,승용,남,45세,경상
2018033100100555,2018년 3월 31일 21시,토요일,인천광역시 남동구 간석동,중상사고,0,1,0,0,차대차 - 기타,신호위반,건조,맑음,교차로 - 교차로안,승용,여,45세,상해없음,승용,여,50세,중상
2018033100100583,2018년 3월 31일 22시,토요일,인천광역시 부평구 산곡동,경상사고,0,0,2,0,차대차 - 기타,안전운전불이행,건조,맑음,기타 - 기타,승용,남,64세,상해없음,승용,남,46세,경상
2018033100100584,2018년 3월 31일 22시,토요일,인천광역시 서구 경서동,경상사고,0,0,2,0,차대차 - 추돌,안전운전불이행,건조,맑음,단일로 - 기타,화물,남,41세,상해없음,승용,남,39세,경상
2018033100100585,2018년 3월 31일 22시,토요일,인천광역시 강화군 길상면,경상사고,0,0,1,0,차대차 - 측면충돌,안전운전불이행,건조,맑음,단일로 - 기타,승용,남,40세,상해없음,이륜,남,63세,경상
2018033100100609,2018년 3월 31일 23시,토요일,인천광역시 남동구 고잔동,중상사고,0,1,0,0,차대차 - 추돌,안전운전불이행,건조,맑음,교차로 - 교차로부근,승용,남,34세,상해없음,승용,남,40세,중상
2018040100100076,2018년 4월 1일 04시,일요일,인천광역시 미추홀구 주안동,중상사고,0,1,1,0,차대차 - 추돌,안전운전불이행,건조,맑음,교차로 - 교차로안,승용,여,50세,상해없음,승용,남,60세,중상
2018040100100123,2018년 4월 1일 09시,일요일,인천광역시 남동구 간석동,중상사고,0,1,0,0,차대차 - 기타,신호위반,건조,맑음,교차로 - 교차로부근,승용,여,59세,상해없음,승용,여,55세,중상
2018040100100124,2018년 4월 1일 09시,일요일,인천광역시 서구 금곡동,중상사고,0,2,1,0,차대차 - 측면충돌,중앙선침범,건조,맑음,교차로 - 교차로안,승용,남,24세,상해없음,승합,남,47세,중상
2018040100100219,2018년 4월 1일 13시,일요일,인천광역시 동구 송림동,중상사고,0,1,0,0,차량단독 - 기타,안전운전불이행,건조,맑음,교차로 - 교차로부근,승합,남,39세,상해없음,,,,
2018040100100249,2018년 4월 1일 14시,일요일,인천광역시 남동구 만수동,경상사고,0,0,1,0,차대사람 - 길가장자리구역통행중,안전운전불이행,건조,맑음,단일로 - 기타,승용,여,44세,상해없음,보행자,여,67세,경상
2018040100100269,2018년 4월 1일 15시,일요일,인천광역시 부평구 부평동,경상사고,0,0,1,0,차대사람 - 기타,기타,건조,맑음,단일로 - 기타,승합,남,43세,상해없음,보행자,남,70세,경상
2018040100100329,2018년 4월 1일 17시,일요일,인천광역시 미추홀구 학익동,중상사고,0,1,1,1,차대차 - 측면충돌,직진우회전진행방해,건조,맑음,교차로 - 교차로안,이륜,남,17세,부상신고,승용,남,57세,경상
2018040100100354,2018년 4월 1일 18시,일요일,인천광역시 옹진군 백령면,경상사고,0,0,1,0,차량단독 - 공작물충돌,안전운전불이행,건조,맑음,단일로 - 기타,승용,남,51세,상해없음,,,,
2018040100100386,2018년 4월 1일 19시,일요일,인천광역시 미추홀구 학익동,경상사고,0,0,1,0,차대사람 - 횡단중,보행자보호의무위반,건조,맑음,교차로 - 교차로횡단보도내,승용,여,44세,상해없음,보행자,남,55세,경상
2018040100100463,2018년 4월 1일 23시,일요일,인천광역시 부평구 부개동,중상사고,0,2,1,0,차대차 - 측면충돌,신호위반,건조,맑음,교차로 - 교차로안,승용,남,35세,상해없음,승용,남,63세,중상
2018040200100136,2018년 4월 2일 08시,월요일,인천광역시 미추홀구 관교동,중상사고,0,1,0,0,차대사람 - 횡단중,신호위반,건조,맑음,교차로 - 교차로안,승용,여,55세,상해없음,보행자,남,45세,중상
2018040200100137,2018년 4월 2일 08시,월요일,인천광역시 서구 가정동,경상사고,0,0,2,0,차대차 - 측면충돌,과속,건조,맑음,교차로 - 교차로안,승용,여,45세,경상,승합,남,66세,상해없음
2018040200100226,2018년 4월 2일 11시,월요일,인천광역시 중구 운서동,경상사고,0,0,2,0,차대차 - 측면충돌,교차로운행방법위반,건조,맑음,교차로 - 교차로안,승용,남,55세,상해없음,승용,여,55세,경상
2018040200100250,2018년 4월 2일 12시,월요일,인천광역시 미추홀구 용현동,경상사고,0,0,1,0,차량단독 - 기타,안전운전불이행,건조,맑음,단일로 - 기타,승합,남,63세,상해없음,,,,
2018040200100280,2018년 4월 2일 13시,월요일,인천광역시 강화군 양도면,경상사고,0,0,3,0,차대차 - 측면충돌,교차로운행방법위반,건조,맑음,단일로 - 기타,승합,남,48세,상해없음,승용,여,66세,경상
2018040200100356,2018년 4월 2일 15시,월요일,인천광역시 서구 신현동,중상사고,0,1,0,0,차대차 - 기타,교차로운행방법위반,건조,맑음,교차로 - 교차로안,승용,남,63세,상해없음,자전거,남,52세,중상
2018040200100388,2018년 4월 2일 16시,월요일,인천광역시 남동구 만수동,경상사고,0,0,1,0,차대차 - 측면충돌,안전운전불이행,건조,맑음,교차로 - 교차로안,화물,여,61세,상해없음,승용,여,56세,경상
2018040200100461,2018년 4월 2일 18시,월요일,인천광역시 미추홀구 용현동,경상사고,0,0,1,0,차대차 - 기타,안전운전불이행,건조,맑음,단일로 - 기타,이륜,남,18세,상해없음,승합,여,56세,상해없음
2018040200100462,2018년 4월 2일 18시,월요일,인천광역시 남동구 간석동,중상사고,0,1,3,0,차대차 - 측면충돌,신호위반,건조,맑음,교차로 - 교차로안,승용,남,54세,경상,승용,남,57세,경상
2018040200100508,2018년 4월 2일 19시,월요일,인천광역시 남동구 구월동,경상사고,0,0,1,0,차대사람 - 보도통행중,신호위반,건조,맑음,교차로 - 교차로횡단보도내,자전거,남,35세,상해없음,보행자,남,24세,경상
2018040200100509,2018년 4월 2일 19시,월요일,인천광역시 남동구 간석동,중상사고,0,1,0,0,차대사람 - 횡단중,보행자보호의무위반,건조,맑음,기타 - 기타,화물,남,48세,상해없음,보행자,남,61세,중상
2018040200100510,2018년 4월 2일 19시,월요일,인천광역시 서구 왕길동,중상사고,0,1,0,0,차대차 - 측면충돌,교차로운행방법위반,건조,맑음,교차로 - 교차로안,승용,남,32세,상해없음,자전거,남,39세,중상
2018040200100569,2018년 4월 2일 21시,월요일,인천광역시 미추홀구 숭의동,경상사고,0,0,1,0,차대차 - 기타,안전운전불이행,건조,맑음,교차로 - 교차로안,승용,여,42세,기타불명,승용,여,49세,경상
2018040200100570,2018년 4월 2일 21시,월요일,인천광역시 연수구 청학동,중상사고,0,1,0,0,차대차 - 추돌,안전운전불이행,건조,맑음,교차로 - 교차로부근,자전거,남,14세,상해없음,자전거,남,14세,중상
2018040300100040,2018년 4월 3일 04시,화요일,인천광역시 계양구 임학동,중상사고,0,1,0,0,차대사람 - 횡단중,신호위반,건조,맑음,교차로 - 교차로부근,승용,남,53세,상해없음,보행자,남,60세,중상
2018040300100122,2018년 4월 3일 08시,화요일,인천광역시 동구 송림동,경상사고,0,0,1,0,차대차 - 추돌,안전운전불이행,건조,맑음,단일로 - 기타,승용,남,43세,상해없음,승용,여,47세,경상
2018040300100164,2018년 4월 3일 09시,화요일,인천광역시 남동구 구월동,경상사고,0,0,1,0,차대차 - 추돌,차로위반,건조,맑음,단일로 - 기타,건설기계,남,36세,상해없음,승용,여,53세,경상
2018040300100184,2018년 4월 3일 10시,화요일,인천광역시 미추홀구 문학동,경상사고,0,0,1,0,차대차 - 기타,신호위반,건조,맑음,교차로 - 교차로안,화물,남,61세,상해없음,승용,남,62세,경상
2018040300100296,2018년 4월 3일 13시,화요일,인천광역시 남동구 구월동,경상사고,0,0,1,0,차대차 - 기타,안전운전불이행,건조,맑음,단일로 - 기타,승합,남,70세,상해없음,승용,남,37세,상해없음
2018040300100336,2018년 4월 3일 14시,화요일,인천광역시 남동구 서창동,경상사고,0,0,1,0,차대차 - 기타,안전운전불이행,건조,맑음,교차로 - 교차로안,승용,여,58세,상해없음,승합,남,57세,경상
2018040300100404,2018년 4월 3일 16시,화요일,인천광역시 남동구 간석동,중상사고,0,1,0,0,차대사람 - 횡단중,안전운전불이행,건조,맑음,교차로 - 교차로안,승용,남,69세,상해없음,보행자,여,66세,중상
2018040300100405,2018년 4월 3일 16시,화요일,인천광역시 남동구 구월동,중상사고,0,1,0,0,차대차 - 측면충돌,안전운전불이행,건조,맑음,교차로 - 교차로횡단보도내,승용,남,55세,상해없음,자전거,여,52세,중상
2018040300100406,2018년 4월 3일 16시,화요일,인천광역시 계양구 계산동,중상사고,0,1,0,0,차대사람 - 횡단중,신호위반,건조,맑음,교차로 - 교차로횡단보도내,화물,남,33세,상해없음,보행자,남,71세,중상
2018040300100441,2018년 4월 3일 17시,화요일,인천광역시 계양구 효성동,중상사고,0,1,0,0,차대차 - 추돌,안전운전불이행,건조,맑음,교차로 - 교차로부근,승합,여,43세,상해없음,승용,남,29세,중상
2018040300100442,2018년 4월 3일 17시,화요일,인천광역시 계양구 효성동,경상사고,0,0,1,0,차대사람 - 기타,안전운전불이행,건조,맑음,기타 - 기타,화물,남,77세,상해없음,보행자,여,15세,경상
2018040300100480,2018년 4월 3일 18시,화요일,인천광역시 남동구 간석동,중상사고,0,1,0,0,차대차 - 기타,안전운전불이행,건조,맑음,교차로 - 교차로안,자전거,남,42세,중상,승용,남,39세,상해없음
2018040300100523,2018년 4월 3일 19시,화요일,인천광역시 연수구 연수동,중상사고,0,1,0,0,차대사람 - 보도통행중,안전운전불이행,건조,맑음,단일로 - 기타,승용,여,39세,상해없음,보행자,여,3세,중상
2018040300100524,2018년 4월 3일 19시,화요일,인천광역시 연수구 송도동,경상사고,0,0,1,0,차대차 - 측면충돌,교차로운행방법위반,건조,맑음,교차로 - 교차로안,승용,여,25세,상해없음,승용,남,40세,경상
2018040300100558,2018년 4월 3일 20시,화요일,인천광역시 미추홀구 주안동,경상사고,0,0,1,0,차대차 - 추돌,안전운전불이행,건조,맑음,교차로 - 교차로안,기타불명,기타불명,미분류,기타불명,승용,여,48세,경상
2018040300100584,2018년 4월 3일 21시,화요일,인천광역시 남동구 구월동,중상사고,0,1,0,0,차대사람 - 횡단중,안전운전불이행,건조,흐림,단일로 - 기타,승용,남,61세,상해없음,보행자,여,58세,중상
2018040300100585,2018년 4월 3일 21시,화요일,인천광역시 남동구 도림동,중상사고,0,1,2,0,차대차 - 측면충돌,차로위반,건조,맑음,단일로 - 기타,승용,남,25세,상해없음,승합,남,67세,중상
2018040300100640,2018년 4월 3일 23시,화요일,인천광역시 부평구 삼산동,경상사고,0,0,1,0,차대사람 - 기타,신호위반,건조,맑음,교차로 - 교차로횡단보도내,화물,남,57세,상해없음,보행자,여,18세,경상
2018040400100010,2018년 4월 4일 00시,수요일,인천광역시 연수구 동춘동,경상사고,0,0,2,0,차대차 - 측면충돌,안전운전불이행,젖음/습기,비,단일로 - 기타,승용,남,33세,상해없음,승용,남,52세,경상
2018040400100089,2018년 4월 4일 06시,수요일,인천광역시 남동구 도림동,경상사고,0,0,1,0,차대차 - 기타,안전운전불이행,젖음/습기,비,단일로 - 기타,화물,남,52세,상해없음,승용,여,37세,경상
2018040400100114,2018년 4월 4일 07시,수요일,인천광역시 남동구 구월동,중상사고,0,1,0,0,차대사람 - 횡단중,보행자보호의무위반,건조,맑음,교차로 - 교차로횡단보도내,승용,남,34세,상해없음,보행자,여,52세,중상
2018040400100155,2018년 4월 4일 08시,수요일,인천광역시 중구 중산동,중상사고,0,1,3,0,차대차 - 추돌,안전거리미확보,건조,맑음,단일로 - 기타,승용,남,80세,경상,승용,남,51세,경상
2018040400100156,2018년 4월 4일 08시,수요일,인천광역시 미추홀구 주안동,경상사고,0,0,1,0,차대사람 - 길가장자리구역통행중,안전운전불이행,건조,맑음,기타 - 기타,승용,여,56세,상해없음,보행자,여,63세,경상
2018040400100157,2018년 4월 4일 08시,수요일,인천광역시 계양구 계산동,중상사고,0,1,0,0,차대사람 - 횡단중,안전운전불이행,젖음/습기,흐림,교차로 - 교차로부근,화물,남,50세,상해없음,보행자,여,49세,중상
2018040400100158,2018년 4월 4일 08시,수요일,인천광역시 남동구 고잔동,경상사고,0,0,1,0,차대차 - 기타,안전운전불이행,건조,맑음,교차로 - 교차로부근,승용,남,33세,상해없음,자전거,남,54세,경상
2018040400100229,2018년 4월 4일 10시,수요일,인천광역시 남동구 고잔동,경상사고,0,0,1,0,차대차 - 측면충돌,안전운전불이행,건조,맑음,단일로 - 기타,승용,남,27세,기타불명,승용,남,47세,경상
2018040400100244,2018년 4월 4일 11시,수요일,인천광역시 남동구 구월동,경상사고,0,0,2,0,차대차 - 측면충돌,신호위반,건조,맑음,교차로 - 교차로안,승합,남,47세,상해없음,승용,여,36세,경상
2018040400100259,2018년 4월 4일 12시,수요일,인천광역시 남동구 만수동,경상사고,0,0,1,0,차대사람 - 기타,안전운전불이행,건조,맑음,기타 - 기타,승용,남,65세,상해없음,보행자,여,80세,경상
2018040400100260,2018년 4월 4일 12시,수요일,인천광역시 계양구 작전동,경상사고,0,0,1,0,차대차 - 측면충돌,안전운전불이행,건조,맑음,단일로 - 기타,승용,남,27세,상해없음,화물,남,36세,경상
2018040400100289,2018년 4월 4일 13시,수요일,인천광역시 부평구 십정동,중상사고,0,1,0,0,차대차 - 측면충돌,안전운전불이행,건조,맑음,교차로 - 교차로안,승용,남,76세,상해없음,이륜,남,52세,중상
2018040400100290,2018년 4월 4일 13시,수요일,인천광역시 부평구 부평동,경상사고,0,0,2,0,차대차 - 기타,안전운전불이행,건조,맑음,교차로 - 교차로부근,승용,여,47세,상해없음,승합,남,52세,상해없음
2018040400100392,2018년 4월 4일 16시,수요일,인천광역시 미추홀구 주안동,중상사고,0,2,0,0,차대차 - 측면충돌,안전거리미확보,건조,맑음,단일로 - 기타,승용,남,45세,상해없음,이륜,남,16세,중상
2018040400100427,2018년 4월 4일 17시,수요일,인천광역시 부평구 부평동,중상사고,0,1,0,0,차대차 - 기타,신호위반,건조,맑음,교차로 - 교차로안,이륜,남,23세,상해없음,자전거,여,30세,중상
2018040400100469,2018년 4월 4일 18시,수요일,인천광역시 부평구 산곡동,중상사고,0,1,0,0,차대사람 - 기타,안전운전불이행,건조,맑음,단일로 - 기타,승용,남,80세,상해없음,보행자,여,39세,중상
2018040400100470,2018년 4월 4일 18시,수요일,인천광역시 계양구 계산동,중상사고,0,1,0,0,차대사람 - 길가장자리구역통행중,안전운전불이행,건조,맑음,교차로 - 교차로부근,이륜,남,17세,상해없음,보행자,여,7세,중상
2018040400100508,2018년 4월 4일 19시,수요일,인천광역시 연수구 옥련동,중상사고,0,1,0,0,차대차 - 측면충돌,신호위반,건조,맑음,교차로 - 교차로안,승용,여,56세,상해없음,승용,남,75세,중상