사고번호,사고일시,요일,시군구,사고내용,사망자수,중상자수,경상자수,부상신고자수,사고유형,법규위반,노면상태,기상상태,도로형태,가해운전자 차종,가해운전자 성별,가해운전자 연령,가해운전자 상해정도,피해운전자 차종,피해운전자 성별,피해운전자 연령,피해운전자 상해정도
2018041500100287,2018년 4월 15일 15시,일요일,인천광역시 중구 운서동,경상사고,0,0,2,0,차대차 - 추돌,안전운전불이행,건조,맑음,단일로 - 기타,승용,남,56세,상해없음,승용,여,28세,경상
2018041500100384,2018년 4월 15일 18시,일요일,인천광역시 미추홀구 용현동,중상사고,0,1,1,0,차대차 - 추돌,안전운전불이행,건조,맑음,교차로 - 교차로부근,화물,남,49세,상해없음,승용,남,27세,중상
2018041500100470,2018년 4월 15일 21시,일요일,인천광역시 남동구 구월동,부상신고사고,0,0,0,1,차대사람 - 길가장자리구역통행중,안전운전불이행,건조,맑음,단일로 - 기타,승용,여,54세,상해없음,보행자,남,20세,부상신고
2018041500100471,2018년 4월 15일 21시,일요일,인천광역시 미추홀구 숭의동,경상사고,0,0,1,0,차대차 - 기타,안전운전불이행,건조,맑음,교차로 - 교차로횡단보도내,화물,여,53세,상해없음,자전거,남,33세,경상
2018041500100501,2018년 4월 15일 23시,일요일,인천광역시 미추홀구 주안동,중상사고,0,1,0,0,차대차 - 측면충돌,안전운전불이행,건조,맑음,기타 - 기타,승용,남,35세,상해없음,승용,여,61세,중상
2018041500100502,2018년 4월 15일 23시,일요일,인천광역시 남동구 도림동,경상사고,0,0,2,0,차대차 - 정면충돌,중앙선침범,건조,맑음,단일로 - 기타,승용,남,34세,상해없음,승용,남,47세,경상
2018041600100007,2018년 4월 16일 00시,월요일,인천광역시 부평구 부평동,중상사고,0,1,1,0,차대차 - 기타,신호위반,건조,맑음,교차로 - 교차로안,승용,남,28세,상해없음,승용,남,57세,중상
2018041600100098,2018년 4월 16일 07시,월요일,인천광역시 중구 운서동,중상사고,0,1,3,0,차대차 - 추돌,안전운전불이행,건조,맑음,단일로 - 기타,승용,남,38세,중상,건설기계,남,61세,경상
2018041600100144,2018년 4월 16일 08시,월요일,인천광역시 중구 중산동,경상사고,0,0,1,0,차대사람 - 횡단중,보행자보호의무위반,건조,맑음,교차로 - 교차로안,화물,남,61세,상해없음,보행자,남,9세,경상
2018041600100145,2018년 4월 16일 08시,월요일,인천광역시 동구 송현동,경상사고,0,0,1,0,차대사람 - 보도통행중,보행자보호의무위반,건조,맑음,교차로 - 교차로횡단보도내,승용,남,60세,상해없음,보행자,남,72세,경상
2018041600100146,2018년 4월 16일 08시,월요일,인천광역시 남동구 구월동,중상사고,0,1,0,0,차대사람 - 횡단중,안전운전불이행,건조,맑음,기타 - 기타,승용,남,63세,상해없음,보행자,여,63세,중상
2018041600100206,2018년 4월 16일 10시,월요일,인천광역시 남동구 구월동,경상사고,0,0,1,0,차대차 - 기타,안전운전불이행,건조,맑음,주차장 - 주차장,승용,여,47세,상해없음,승용,여,43세,경상
2018041600100207,2018년 4월 16일 10시,월요일,인천광역시 남동구 구월동,경상사고,0,0,1,0,차대차 - 기타,차로위반,건조,맑음,교차로 - 교차로부근,승용,여,56세,상해없음,승용,여,36세,경상
2018041600100208,2018년 4월 16일 10시,월요일,인천광역시 서구 왕길동,경상사고,0,0,1,0,차대차 - 측면충돌,안전운전불이행,건조,맑음,단일로 - 기타,승용,여,20세,상해없음,승용,여,38세,경상
2018041600100234,2018년 4월 16일 11시,월요일,인천광역시 남동구 구월동,경상사고,0,0,1,0,차대사람 - 횡단중,보행자보호의무위반,건조,맑음,교차로 - 교차로횡단보도내,승용,남,32세,기타불명,보행자,여,23세,경상
2018041600100263,2018년 4월 16일 12시,월요일,인천광역시 동구 송림동,경상사고,0,0,1,0,차대차 - 측면충돌,중앙선침범,건조,맑음,기타 - 기타,승용,남,36세,상해없음,이륜,남,18세,경상
2018041600100301,2018년 4월 16일 13시,월요일,인천광역시 부평구 부평동,경상사고,0,0,2,0,차대차 - 측면충돌,안전운전불이행,건조,맑음,단일로 - 기타,승용,여,49세,상해없음,승용,남,52세,경상
2018041600100326,2018년 4월 16일 14시,월요일,인천광역시 중구 도원동,중상사고,0,1,0,0,차대사람 - 횡단중,안전운전불이행,건조,맑음,교차로 - 교차로안,승용,남,22세,상해없음,보행자,여,67세,중상
2018041600100360,2018년 4월 16일 15시,월요일,인천광역시 서구 오류동,경상사고,0,0,1,0,차대차 - 추돌,안전운전불이행,건조,맑음,단일로 - 기타,승용,남,22세,상해없음,승용,남,25세,경상
2018041600100437,2018년 4월 16일 17시,월요일,인천광역시 중구 운서동,경상사고,0,0,1,0,차대차 - 측면충돌,안전거리미확보,건조,맑음,단일로 - 교량,승용,여,67세,상해없음,승용,남,47세,경상
2018041600100476,2018년 4월 16일 18시,월요일,인천광역시 계양구 계산동,경상사고,0,0,1,0,차대차 - 측면충돌,직진우회전진행방해,건조,맑음,교차로 - 교차로안,승용,남,56세,상해없음,승용,여,46세,경상
2018041600100513,2018년 4월 16일 19시,월요일,인천광역시 계양구 병방동,경상사고,0,0,1,0,차대사람 - 기타,안전운전불이행,건조,맑음,교차로 - 교차로부근,승합,남,61세,상해없음,보행자,여,60세,경상
2018041600100541,2018년 4월 16일 20시,월요일,인천광역시 서구 심곡동,경상사고,0,0,1,0,차대차 - 추돌,중앙선침범,건조,맑음,단일로 - 기타,승용,남,47세,상해없음,승용,남,28세,경상
2018041600100594,2018년 4월 16일 22시,월요일,인천광역시 남동구 논현동,경상사고,0,0,1,0,차대사람 - 기타,안전운전불이행,건조,맑음,교차로 - 교차로횡단보도내,승용,남,32세,상해없음,보행자,여,28세,경상
2018041600100606,2018년 4월 16일 23시,월요일,인천광역시 중구 운서동,경상사고,0,0,1,0,차대차 - 측면충돌,안전운전불이행,건조,맑음,교차로 - 교차로안,화물,남,42세,상해없음,사륜오토바이(ATV),남,18세,경상
2018041600100607,2018년 4월 16일 23시,월요일,인천광역시 계양구 계산동,경상사고,0,0,1,0,차대차 - 측면충돌,안전운전불이행,건조,맑음,단일로 - 기타,승용,남,22세,상해없음,이륜,남,16세,경상
2018041700100011,2018년 4월 17일 00시,화요일,인천광역시 부평구 부평동,경상사고,0,0,1,0,차대차 - 측면충돌,안전운전불이행,건조,맑음,교차로 - 교차로부근,승용,남,20세,상해없음,승용,남,56세,경상
2018041700100126,2018년 4월 17일 08시,화요일,인천광역시 미추홀구 주안동,중상사고,0,1,0,0,차대사람 - 횡단중,보행자보호의무위반,건조,맑음,교차로 - 교차로횡단보도내,승용,남,43세,상해없음,보행자,여,68세,중상
2018041700100165,2018년 4월 17일 09시,화요일,인천광역시 남동구 논현동,경상사고,0,0,1,0,차대사람 - 횡단중,보행자보호의무위반,건조,맑음,교차로 - 교차로안,승합,남,62세,상해없음,보행자,여,68세,경상
2018041700100187,2018년 4월 17일 10시,화요일,인천광역시 남동구 만수동,경상사고,0,0,1,0,차대차 - 측면충돌,안전운전불이행,건조,맑음,기타 - 기타,승용,여,32세,상해없음,승용,여,53세,경상
2018041700100286,2018년 4월 17일 13시,화요일,인천광역시 계양구 귤현동,경상사고,0,0,1,0,차대차 - 측면충돌,안전거리미확보,건조,맑음,단일로 - 기타,승용,남,40세,상해없음,승용,남,38세,경상
2018041700100355,2018년 4월 17일 15시,화요일,인천광역시 계양구 작전동,중상사고,0,1,0,0,차대차 - 기타,안전운전불이행,건조,맑음,교차로 - 교차로부근,승용,남,37세,상해없음,승용,여,55세,중상
2018041700100391,2018년 4월 17일 16시,화요일,인천광역시 서구 가정동,경상사고,0,0,1,0,차대차 - 추돌,안전운전불이행,건조,맑음,교차로 - 교차로부근,승용,남,52세,상해없음,승합,남,65세,경상
2018041700100392,2018년 4월 17일 16시,화요일,인천광역시 연수구 연수동,중상사고,0,1,0,0,차대차 - 측면충돌,안전거리미확보,건조,맑음,단일로 - 기타,승용,여,58세,상해없음,이륜,남,24세,중상
2018041700100437,2018년 4월 17일 17시,화요일,인천광역시 미추홀구 용현동,경상사고,0,0,1,1,차대차 - 측면충돌,안전운전불이행,건조,맑음,단일로 - 기타,자전거,남,9세,부상신고,승용,여,59세,경상
2018041700100472,2018년 4월 17일 18시,화요일,인천광역시 미추홀구 용현동,중상사고,0,1,0,0,차대사람 - 횡단중,보행자보호의무위반,건조,맑음,교차로 - 교차로횡단보도내,승용,남,43세,상해없음,보행자,여,63세,중상
2018041700100510,2018년 4월 17일 19시,화요일,인천광역시 미추홀구 주안동,경상사고,0,0,1,0,차대차 - 측면충돌,안전운전불이행,기타,기타,단일로 - 기타,승용,남,56세,상해없음,승용,남,25세,경상
2018041700100536,2018년 4월 17일 20시,화요일,인천광역시 미추홀구 용현동,경상사고,0,0,1,0,차대차 - 기타,안전운전불이행,건조,맑음,단일로 - 기타,승용,남,49세,기타불명,승용,남,52세,경상
2018041700100537,2018년 4월 17일 20시,화요일,인천광역시 강화군 길상면,중상사고,0,1,0,0,차대사람 - 횡단중,안전운전불이행,기타,안개,단일로 - 기타,승용,여,63세,상해없음,보행자,여,82세,중상
2018041700100538,2018년 4월 17일 20시,화요일,인천광역시 남동구 서창동,중상사고,0,1,0,0,차대사람 - 차도통행중,안전운전불이행,건조,맑음,단일로 - 기타,원동기,남,50세,상해없음,보행자,여,68세,중상
2018041700100609,2018년 4월 17일 23시,화요일,인천광역시 서구 경서동,경상사고,0,0,2,0,차대차 - 측면충돌,차로위반,건조,맑음,단일로 - 교량,승용,남,45세,상해없음,승합,남,62세,경상
2018041800100014,2018년 4월 18일 00시,수요일,인천광역시 미추홀구 도화동,경상사고,0,0,3,1,차대차 - 추돌,안전운전불이행,건조,맑음,교차로 - 교차로부근,화물,남,66세,상해없음,승용,남,36세,경상
2018041800100015,2018년 4월 18일 00시,수요일,인천광역시 남동구 간석동,경상사고,0,0,2,0,차대차 - 측면충돌,신호위반,건조,맑음,기타 - 기타,승용,남,35세,경상,이륜,남,21세,경상
2018041800100049,2018년 4월 18일 05시,수요일,인천광역시 서구 마전동,경상사고,0,0,1,0,차대차 - 측면충돌,안전운전불이행,건조,맑음,단일로 - 기타,승용,남,57세,상해없음,승용,남,69세,경상
2018041800100067,2018년 4월 18일 06시,수요일,인천광역시 계양구 병방동,중상사고,0,1,0,0,차대차 - 측면충돌,안전거리미확보,건조,맑음,단일로 - 교량,화물,남,48세,상해없음,승용,남,34세,중상
2018041800100141,2018년 4월 18일 08시,수요일,인천광역시 연수구 연수동,경상사고,0,0,1,0,차대사람 - 기타,안전운전불이행,건조,맑음,기타 - 기타,자전거,여,20세,상해없음,보행자,여,60세,경상
2018041800100182,2018년 4월 18일 09시,수요일,인천광역시 서구 원창동,경상사고,0,0,4,0,차대차 - 추돌,안전운전불이행,건조,맑음,단일로 - 지하차도(도로)내,승용,남,20세,상해없음,화물,남,57세,경상
2018041800100210,2018년 4월 18일 10시,수요일,인천광역시 연수구 연수동,경상사고,0,0,1,0,차대차 - 기타,안전운전불이행,건조,맑음,교차로 - 교차로안,승용,남,56세,상해없음,승용,여,54세,경상
2018041800100258,2018년 4월 18일 12시,수요일,인천광역시 계양구 효성동,경상사고,0,0,1,7,차대차 - 기타,안전운전불이행,건조,맑음,교차로 - 교차로부근,승용,여,49세,상해없음,승합,여,56세,상해없음
2018041800100259,2018년 4월 18일 12시,수요일,인천광역시 남동구 논현동,경상사고,0,0,1,0,차대차 - 정면충돌,신호위반,건조,맑음,교차로 - 교차로안,이륜,남,35세,상해없음,승용,여,41세,경상
2018041800100315,2018년 4월 18일 14시,수요일,인천광역시 부평구 일신동,중상사고,0,1,0,0,차대차 - 측면충돌,안전운전불이행,건조,맑음,단일로 - 기타,화물,여,57세,상해없음,화물,남,51세,중상
2018041800100351,2018년 4월 18일 15시,수요일,인천광역시 부평구 산곡동,부상신고사고,0,0,0,1,차대사람 - 기타,안전운전불이행,건조,맑음,단일로 - 기타,기타불명,기타불명,미분류,기타불명,보행자,남,11세,부상신고
2018041800100391,2018년 4월 18일 16시,수요일,인천광역시 부평구 청천동,중상사고,0,1,0,0,차대차 - 기타,안전운전불이행,건조,맑음,주차장 - 주차장,화물,남,60세,상해없음,자전거,남,11세,중상
2018041800100441,2018년 4월 18일 17시,수요일,인천광역시 미추홀구 관교동,경상사고,0,0,1,0,차대사람 - 기타,안전운전불이행,건조,맑음,단일로 - 기타,승합,남,69세,상해없음,보행자,여,56세,경상
2018041800100442,2018년 4월 18일 17시,수요일,인천광역시 미추홀구 주안동,경상사고,0,0,1,0,차대사람 - 횡단중,안전운전불이행,건조,맑음,기타 - 기타,승용,여,34세,상해없음,보행자,여,10세,경상
2018041800100443,2018년 4월 18일 17시,수요일,인천광역시 남동구 간석동,경상사고,0,0,1,0,차대차 - 추돌,안전운전불이행,건조,맑음,교차로 - 교차로부근,화물,남,52세,상해없음,승용,여,43세,경상
2018041800100576,2018년 4월 18일 21시,수요일,인천광역시 부평구 산곡동,경상사고,0,0,1,0,차대차 - 기타,안전운전불이행,건조,맑음,단일로 - 기타,승용,여,54세,경상,승용,남,31세,상해없음
2018041800100577,2018년 4월 18일 21시,수요일,인천광역시 부평구 십정동,경상사고,0,0,1,0,차대차 - 기타,중앙선침범,건조,맑음,단일로 - 기타,승용,남,51세,상해없음,승합,여,55세,경상
2018041800100578,2018년 4월 18일 21시,수요일,인천광역시 부평구 갈산동,사망사고,1,0,0,0,차대사람 - 횡단중,보행자보호의무위반,건조,맑음,교차로 - 교차로안,승합,남,63세,상해없음,보행자,남,43세,사망
2018041800100623,2018년 4월 18일 23시,수요일,인천광역시 남동구 만수동,경상사고,0,0,1,0,차량단독 - 기타,안전운전불이행,건조,맑음,단일로 - 기타,승합,남,66세,상해없음,,,,
2018041900100019,2018년 4월 19일 00시,목요일,인천광역시 부평구 부평동,경상사고,0,0,1,0,차대차 - 추돌,안전운전불이행,건조,맑음,단일로 - 기타,기타불명,기타불명,미분류,기타불명,승합,남,52세,상해없음
2018041900100020,2018년 4월 19일 00시,목요일,인천광역시 계양구 효성동,경상사고,0,0,3,0,차대차 - 기타,중앙선침범,건조,맑음,교차로 - 교차로부근,기타불명,기타불명,미분류,기타불명,승용,남,48세,경상
2018041900100050,2018년 4월 19일 04시,목요일,인천광역시 미추홀구 주안동,중상사고,0,1,0,0,차대차 - 추돌,안전운전불이행,건조,맑음,교차로 - 교차로부근,화물,남,44세,상해없음,승용,남,66세,중상
2018041900100139,2018년 4월 19일 08시,목요일,인천광역시 서구 마전동,경상사고,0,0,1,0,차대사람 - 기타,안전운전불이행,건조,맑음,기타 - 기타,화물,여,42세,상해없음,보행자,남,48세,경상
2018041900100162,2018년 4월 19일 09시,목요일,인천광역시 서구 오류동,경상사고,0,0,1,0,차량단독 - 기타,안전운전불이행,건조,맑음,단일로 - 기타,이륜,남,50세,경상,,,,
2018041900100163,2018년 4월 19일 09시,목요일,인천광역시 서구 가좌동,경상사고,0,0,1,0,차대차 - 측면충돌,안전운전불이행,건조,맑음,교차로 - 교차로안,화물,남,38세,상해없음,승용,여,23세,경상
2018041900100192,2018년 4월 19일 10시,목요일,인천광역시 서구 당하동,중상사고,0,1,0,0,차량단독 - 전도전복 - 전도,안전운전불이행,건조,맑음,단일로 - 기타,승용,여,58세,상해없음,미분류,미분류,미분류,미분류
2018041900100224,2018년 4월 19일 11시,목요일,인천광역시 서구 경서동,경상사고,0,0,1,0,차대차 - 기타,안전운전불이행,건조,맑음,단일로 - 기타,기타불명,기타불명,미분류,기타불명,승용,여,56세,경상
2018041900100245,2018년 4월 19일 12시,목요일,인천광역시 남동구 간석동,경상사고,0,0,1,0,차량단독 - 기타,안전운전불이행,건조,맑음,단일로 - 기타,승합,남,63세,상해없음,,,,
2018041900100344,2018년 4월 19일 15시,목요일,인천광역시 중구 북성동1가,경상사고,0,0,1,0,차대차 - 기타,안전운전불이행,건조,맑음,기타 - 기타,건설기계,남,61세,상해없음,화물,남,50세,경상
2018041900100345,2018년 4월 19일 15시,목요일,인천광역시 남동구 구월동,경상사고,0,0,2,0,차대사람 - 횡단중,안전운전불이행,건조,맑음,교차로 - 교차로횡단보도내,자전거,남,14세,경상,보행자,여,13세,경상
2018041900100346,2018년 4월 19일 15시,목요일,인천광역시 서구 청라동,경상사고,0,0,2,0,차대차 - 추돌,안전운전불이행,건조,맑음,단일로 - 터널,승용,남,55세,상해없음,화물,남,47세,경상
2018041900100347,2018년 4월 19일 15시,목요일,인천광역시 연수구 연수동,경상사고,0,0,1,0,차대차 - 측면충돌,안전거리미확보,건조,맑음,교차로 - 교차로부근,승용,여,50세,상해없음,승용,여,53세,경상
2018041900100396,2018년 4월 19일 16시,목요일,인천광역시 서구 당하동,경상사고,0,0,2,0,차대차 - 기타,안전운전불이행,건조,맑음,단일로 - 기타,승용,여,56세,경상,화물,남,53세,경상
2018041900100397,2018년 4월 19일 16시,목요일,인천광역시 부평구 부평동,중상사고,0,1,0,0,차대차 - 기타,안전운전불이행,건조,맑음,단일로 - 기타,승용,남,57세,상해없음,이륜,남,73세,중상
2018041900100483,2018년 4월 19일 18시,목요일,인천광역시 계양구 작전동,경상사고,0,0,1,0,차대사람 - 차도통행중,안전운전불이행,건조,맑음,교차로 - 교차로안,화물,남,58세,상해없음,보행자,남,49세,경상
2018041900100547,2018년 4월 19일 20시,목요일,인천광역시 서구 경서동,경상사고,0,0,1,0,차대차 - 기타,중앙선침범,건조,맑음,단일로 - 기타,승용,남,33세,상해없음,이륜,남,55세,경상
2018041900100576,2018년 4월 19일 21시,목요일,인천광역시 중구 북성동1가,사망사고,1,1,1,0,차대차 - 정면충돌,교차로운행방법위반,건조,맑음,교차로 - 교차로안,승용,남,36세,사망,승합,남,51세,경상
2018041900100598,2018년 4월 19일 22시,목요일,인천광역시 미추홀구 주안동,중상사고,0,1,0,0,차대차 - 측면충돌,교차로운행방법위반,건조,맑음,교차로 - 교차로안,승용,남,35세,상해없음,이륜,남,47세,중상
2018041900100610,2018년 4월 19일 23시,목요일,인천광역시 남동구 구월동,중상사고,0,1,0,0,차대차 - 추돌,안전운전불이행,건조,맑음,교차로 - 교차로부근,승용,남,66세,상해없음,승용,여,41세,상해없음
2018042000100057,2018년 4월 20일 05시,금요일,인천광역시 미추홀구 주안동,경상사고,0,0,1,0,차대차 - 추돌,안전운전불이행,건조,맑음,기타 - 기타,승용,남,50세,상해없음,승용,남,42세,상해없음
2018042000100152,2018년 4월 20일 09시,금요일,인천광역시 남동구 구월동,경상사고,0,0,1,0,차대차 - 후진중충돌,안전운전불이행,건조,맑음,교차로 - 교차로부근,승용,여,35세,상해없음,승용,여,34세,경상
2018042000100153,2018년 4월 20일 09시,금요일,인천광역시 계양구 임학동,경상사고,0,0,1,0,차대차 - 추돌,안전운전불이행,건조,맑음,단일로 - 기타,기타불명,기타불명,미분류,기타불명,이륜,남,69세,경상
2018042000100224,2018년 4월 20일 11시,금요일,인천광역시 남동구 구월동,경상사고,0,0,1,0,차대차 - 기타,안전운전불이행,건조,맑음,단일로 - 기타,화물,남,33세,상해없음,승용,여,38세,경상
2018042000100284,2018년 4월 20일 13시,금요일,인천광역시 계양구 계산동,중상사고,0,1,0,0,차대사람 - 기타,안전운전불이행,건조,맑음,교차로 - 교차로부근,승용,여,43세,상해없음,보행자,남,55세,중상
2018042000100350,2018년 4월 20일 15시,금요일,인천광역시 중구 신흥동3가,경상사고,0,0,1,0,차대차 - 측면충돌,안전거리미확보,건조,맑음,교차로 - 교차로부근,기타불명,기타불명,미분류,기타불명,승용,남,34세,경상
2018042000100508,2018년 4월 20일 18시,금요일,인천광역시 서구 오류동,중상사고,0,1,0,0,차대차 - 측면충돌,안전운전불이행,건조,맑음,교차로 - 교차로안,승용,남,53세,상해없음,이륜,남,44세,중상
2018042000100509,2018년 4월 20일 18시,금요일,인천광역시 서구 원창동,경상사고,0,0,4,0,차대차 - 추돌,안전운전불이행,건조,맑음,단일로 - 터널,화물,남,62세,상해없음,승용,남,37세,경상
2018042000100547,2018년 4월 20일 19시,금요일,인천광역시 부평구 부평동,중상사고,0,1,0,0,차대차 - 기타,교차로운행방법위반,건조,맑음,교차로 - 교차로안,승용,남,59세,상해없음,자전거,남,83세,중상
2018042000100549,2018년 4월 20일 19시,금요일,인천광역시 부평구 부평동,중상사고,0,1,1,0,차대차 - 측면충돌,안전운전불이행,건조,맑음,단일로 - 기타,이륜,남,17세,상해없음,승용,남,33세,경상
2018042000100594,2018년 4월 20일 20시,금요일,인천광역시 서구 경서동,중상사고,0,1,1,0,차대차 - 정면충돌,안전운전불이행,건조,맑음,단일로 - 기타,자전거,여,40세,중상,자전거,남,14세,경상
2018042000100624,2018년 4월 20일 21시,금요일,인천광역시 서구 왕길동,중상사고,0,1,0,0,차대사람 - 보도통행중,보행자보호의무위반,건조,맑음,교차로 - 교차로횡단보도내,승합,남,55세,상해없음,보행자,여,3세,중상
2018042000100681,2018년 4월 20일 23시,금요일,인천광역시 부평구 부평동,경상사고,0,0,1,0,차대차 - 추돌,안전운전불이행,건조,맑음,단일로 - 기타,이륜,남,36세,상해없음,승용,남,63세,경상
2018042100100019,2018년 4월 21일 00시,토요일,인천광역시 서구 심곡동,중상사고,0,2,0,0,차대차 - 측면충돌,신호위반,건조,맑음,교차로 - 교차로안,승용,남,36세,상해없음,승용,여,37세,중상
2018042100100037,2018년 4월 21일 01시,토요일,인천광역시 미추홀구 주안동,중상사고,0,1,0,0,차대차 - 추돌,안전운전불이행,건조,맑음,단일로 - 기타,이륜,남,36세,상해없음,승용,남,61세,중상
2018042100100038,2018년 4월 21일 01시,토요일,인천광역시 연수구 송도동,경상사고,0,0,2,0,차대차 - 측면충돌,신호위반,건조,맑음,교차로 - 교차로안,승용,여,36세,상해없음,승용,남,59세,경상
2018042100100097,2018년 4월 21일 05시,토요일,인천광역시 미추홀구 학익동,중상사고,0,1,0,0,차대차 - 기타,안전운전불이행,건조,맑음,기타 - 기타,승용,남,38세,상해없음,자전거,남,70세,중상
2018042100100147,2018년 4월 21일 08시,토요일,인천광역시 계양구 동양동,경상사고,0,0,1,0,차대차 - 측면충돌,차로위반,건조,맑음,단일로 - 기타,승용,남,23세,상해없음,화물,남,70세,경상
2018042100100148,2018년 4월 21일 08시,토요일,인천광역시 남동구 운연동,경상사고,0,0,1,0,차대차 - 측면충돌,안전거리미확보,건조,맑음,단일로 - 기타,승용,남,47세,상해없음,승용,남,57세,경상
2018042100100198,2018년 4월 21일 10시,토요일,인천광역시 부평구 부평동,경상사고,0,0,1,0,차대차 - 기타,안전운전불이행,건조,맑음,단일로 - 기타,승용,여,52세,상해없음,자전거,남,73세,경상
2018042100100238,2018년 4월 21일 11시,토요일,인천광역시 계양구 작전동,경상사고,0,0,2,0,차대차 - 추돌,안전운전불이행,건조,맑음,단일로 - 기타,승용,남,33세,상해없음,승용,남,49세,경상
2018042100100239,2018년 4월 21일 11시,토요일,인천광역시 부평구 부평동,경상사고,0,0,1,0,차대차 - 추돌,안전운전불이행,건조,맑음,기타 - 기타,승용,남,61세,상해없음,이륜,남,71세,경상
2018042100100308,2018년 4월 21일 13시,토요일,인천광역시 서구 연희동,경상사고,0,0,1,0,차대차 - 기타,신호위반,건조,맑음,교차로 - 교차로안,승용,여,62세,상해없음,승용,남,35세,상해없음
2018042100100345,2018년 4월 21일 14시,토요일,인천광역시 부평구 부평동,경상사고,0,0,1,0,차대차 - 측면충돌,교차로운행방법위반,건조,맑음,교차로 - 교차로안,승용,여,52세,상해없음,이륜,남,34세,경상
2018042100100388,2018년 4월 21일 15시,토요일,인천광역시 남동구 간석동,중상사고,0,1,1,0,차대차 - 추돌,안전운전불이행,건조,맑음,단일로 - 기타,승합,남,43세,상해없음,승용,남,70세,중상
2018042100100389,2018년 4월 21일 15시,토요일,인천광역시 연수구 선학동,경상사고,0,0,1,0,차대차 - 측면충돌,안전거리미확보,건조,맑음,단일로 - 기타,승용,남,38세,상해없음,승용,여,40세,경상
2018042100100434,2018년 4월 21일 16시,토요일,인천광역시 남동구 구월동,경상사고,0,0,2,0,차대차 - 추돌,안전운전불이행,건조,맑음,단일로 - 기타,승용,남,61세,상해없음,승합,남,53세,경상
2018042100100435,2018년 4월 21일 16시,토요일,인천광역시 강화군 하점면,중상사고,0,1,0,0,차대차 - 후진중충돌,불법유턴,건조,맑음,단일로 - 기타,화물,남,61세,상해없음,이륜,남,78세,중상
2018042100100492,2018년 4월 21일 17시,토요일,인천광역시 계양구 서운동,중상사고,0,1,0,0,차대차 - 정면충돌,안전운전불이행,건조,맑음,교차로 - 교차로안,화물,남,47세,상해없음,화물,남,47세,중상
2018042100100542,2018년 4월 21일 18시,토요일,인천광역시 계양구 작전동,경상사고,0,0,1,0,차대차 - 추돌,안전운전불이행,건조,맑음,단일로 - 기타,화물,남,58세,상해없음,승용,남,71세,경상
2018042100100543,2018년 4월 21일 18시,토요일,인천광역시 계양구 서운동,경상사고,0,0,1,0,차량단독 - 기타,안전운전불이행,건조,맑음,단일로 - 기타,자전거,남,12세,기타불명,,,,
2018042100100544,2018년 4월 21일 18시,토요일,인천광역시 계양구 작전동,경상사고,0,0,1,0,차량단독 - 기타,기타,건조,맑음,단일로 - 기타,승합,남,43세,상해없음,,,,
2018042100100580,2018년 4월 21일 19시,토요일,인천광역시 중구 운서동,중상사고,0,2,3,0,차대차 - 추돌,과속,건조,맑음,단일로 - 기타,승용,남,49세,상해없음,승용,남,28세,경상
2018042100100581,2018년 4월 21일 19시,토요일,인천광역시 미추홀구 주안동,경상사고,0,0,2,0,차대차 - 추돌,안전운전불이행,건조,맑음,교차로 - 교차로안,승용,남,45세,상해없음,승용,여,42세,경상
2018042100100644,2018년 4월 21일 21시,토요일,인천광역시 부평구 청천동,경상사고,0,0,1,0,차대사람 - 기타,안전운전불이행,건조,맑음,단일로 - 기타,승합,남,58세,상해없음,보행자,여,62세,경상
2018042100100686,2018년 4월 21일 22시,토요일,인천광역시 연수구 동춘동,경상사고,0,0,1,0,차대차 - 정면충돌,안전운전불이행,건조,맑음,교차로 - 교차로안,승합,남,58세,상해없음,자전거,남,40세,경상
2018042200100044,2018년 4월 22일 03시,일요일,인천광역시 연수구 청학동,중상사고,0,1,1,0,차대차 - 측면충돌,안전운전불이행,건조,맑음,교차로 - 교차로안,승용,남,35세,상해없음,승용,남,56세,경상
2018042200100093,2018년 4월 22일 08시,일요일,인천광역시 미추홀구 주안동,중상사고,0,2,0,0,차대차 - 측면충돌,신호위반,젖음/습기,비,교차로 - 교차로안,승용,남,31세,기타불명,승용,남,28세,중상
2018042200100128,2018년 4월 22일 10시,일요일,인천광역시 부평구 청천동,경상사고,0,0,3,0,차대차 - 추돌,안전운전불이행,건조,맑음,교차로 - 교차로안,승용,남,44세,상해없음,승용,남,33세,경상
2018042200100129,2018년 4월 22일 10시,일요일,인천광역시 부평구 구산동,경상사고,0,0,1,0,차대차 - 후진중충돌,안전운전불이행,젖음/습기,비,교차로 - 교차로부근,승합,남,58세,상해없음,승용,남,42세,경상
2018042200100239,2018년 4월 22일 14시,일요일,인천광역시 계양구 작전동,중상사고,0,1,0,0,차대차 - 후진중충돌,안전운전불이행,건조,맑음,단일로 - 기타,승용,여,55세,상해없음,승용,남,29세,중상
2018042200100258,2018년 4월 22일 15시,일요일,인천광역시 서구 왕길동,경상사고,0,0,3,0,차대차 - 추돌,안전운전불이행,젖음/습기,비,단일로 - 기타,승용,남,48세,상해없음,승용,남,29세,경상
2018042200100310,2018년 4월 22일 17시,일요일,인천광역시 연수구 동춘동,경상사고,0,0,2,0,차대차 - 측면충돌,안전운전불이행,젖음/습기,비,교차로 - 교차로부근,승용,남,64세,경상,승용,남,39세,상해없음