사고번호,사고일시,요일,시군구,사고내용,사망자수,중상자수,경상자수,부상신고자수,사고유형,법규위반,노면상태,기상상태,도로형태,가해운전자 차종,가해운전자 성별,가해운전자 연령,가해운전자 상해정도,피해운전자 차종,피해운전자 성별,피해운전자 연령,피해운전자 상해정도
2018042200100341,2018년 4월 22일 18시,일요일,인천광역시 남동구 간석동,경상사고,0,0,1,0,차대사람 - 기타,안전운전불이행,젖음/습기,비,기타 - 기타,승용,남,49세,상해없음,보행자,여,44세,경상
2018042200100370,2018년 4월 22일 19시,일요일,인천광역시 동구 화수동,경상사고,0,0,1,0,차대차 - 측면충돌,신호위반,젖음/습기,비,교차로 - 교차로안,승용,남,49세,상해없음,원동기,남,28세,경상
2018042200100371,2018년 4월 22일 19시,일요일,인천광역시 서구 가좌동,경상사고,0,0,1,0,차대차 - 측면충돌,안전운전불이행,건조,맑음,단일로 - 기타,승용,여,20세,상해없음,승용,남,32세,경상
2018042200100372,2018년 4월 22일 19시,일요일,인천광역시 부평구 부개동,사망사고,1,0,0,0,차대사람 - 횡단중,안전운전불이행,젖음/습기,비,단일로 - 기타,승합,남,48세,상해없음,보행자,남,56세,사망
2018042200100412,2018년 4월 22일 20시,일요일,인천광역시 미추홀구 도화동,중상사고,0,1,0,0,차대사람 - 횡단중,신호위반,젖음/습기,비,교차로 - 교차로안,승용,남,49세,상해없음,보행자,여,20세,중상
2018042200100413,2018년 4월 22일 20시,일요일,인천광역시 남동구 간석동,경상사고,0,0,1,0,차대사람 - 보도통행중,보행자보호의무위반,젖음/습기,비,교차로 - 교차로횡단보도내,화물,남,68세,상해없음,보행자,남,19세,경상
2018042200100414,2018년 4월 22일 20시,일요일,인천광역시 계양구 계산동,경상사고,0,0,2,0,차대차 - 측면충돌,중앙선침범,건조,맑음,단일로 - 기타,승용,남,54세,상해없음,승합,남,46세,경상
2018042200100448,2018년 4월 22일 21시,일요일,인천광역시 중구 사동,중상사고,0,1,0,0,차대사람 - 보도통행중,안전운전불이행,젖음/습기,맑음,단일로 - 기타,승용,남,39세,상해없음,보행자,남,39세,중상
2018042200100449,2018년 4월 22일 21시,일요일,인천광역시 연수구 연수동,중상사고,0,1,0,0,차대차 - 측면충돌,신호위반,젖음/습기,비,교차로 - 교차로안,화물,남,31세,상해없음,승용,남,59세,중상
2018042200100474,2018년 4월 22일 22시,일요일,인천광역시 미추홀구 도화동,중상사고,0,1,0,0,차대차 - 추돌,안전운전불이행,젖음/습기,비,교차로 - 교차로부근,승용,남,32세,상해없음,승용,남,39세,중상
2018042300100055,2018년 4월 23일 05시,월요일,인천광역시 연수구 동춘동,경상사고,0,0,1,0,차대차 - 추돌,안전운전불이행,젖음/습기,비,교차로 - 교차로부근,승용,여,41세,상해없음,승용,남,41세,경상
2018042300100094,2018년 4월 23일 07시,월요일,인천광역시 부평구 갈산동,경상사고,0,0,2,0,차대차 - 측면충돌,안전운전불이행,젖음/습기,비,단일로 - 기타,승용,여,54세,상해없음,승용,남,55세,경상
2018042300100180,2018년 4월 23일 09시,월요일,인천광역시 서구 심곡동,중상사고,0,1,0,0,차대사람 - 횡단중,안전운전불이행,젖음/습기,비,교차로 - 교차로안,승용,남,58세,상해없음,보행자,여,85세,중상
2018042300100181,2018년 4월 23일 09시,월요일,인천광역시 부평구 삼산동,중상사고,0,1,0,0,차대사람 - 횡단중,신호위반,젖음/습기,비,단일로 - 기타,승용,남,59세,상해없음,보행자,여,66세,중상
2018042300100233,2018년 4월 23일 11시,월요일,인천광역시 연수구 연수동,중상사고,0,1,0,0,차대사람 - 횡단중,안전운전불이행,젖음/습기,흐림,단일로 - 기타,승용,여,25세,상해없음,보행자,남,82세,중상
2018042300100321,2018년 4월 23일 14시,월요일,인천광역시 서구 가정동,경상사고,0,0,1,0,차대사람 - 횡단중,안전운전불이행,젖음/습기,비,교차로 - 교차로부근,기타불명,기타불명,미분류,기타불명,보행자,남,13세,경상
2018042300100341,2018년 4월 23일 15시,월요일,인천광역시 미추홀구 주안동,중상사고,0,1,0,0,차대차 - 추돌,안전운전불이행,젖음/습기,비,단일로 - 기타,승용,남,48세,상해없음,승용,여,49세,중상
2018042300100368,2018년 4월 23일 16시,월요일,인천광역시 부평구 십정동,경상사고,0,0,1,0,차대차 - 추돌,안전운전불이행,건조,맑음,기타 - 기타,승합,남,58세,상해없음,승용,남,71세,경상
2018042300100438,2018년 4월 23일 18시,월요일,인천광역시 중구 운남동,경상사고,0,0,2,0,차대차 - 기타,안전운전불이행,젖음/습기,비,교차로 - 교차로부근,승용,남,49세,상해없음,승용,여,46세,경상
2018042300100475,2018년 4월 23일 19시,월요일,인천광역시 남동구 간석동,경상사고,0,0,1,0,차대차 - 기타,차로위반,건조,맑음,기타 - 기타,승용,여,39세,상해없음,승용,남,66세,경상
2018042300100476,2018년 4월 23일 19시,월요일,인천광역시 남동구 고잔동,중상사고,0,1,0,0,차대차 - 추돌,안전운전불이행,건조,맑음,기타 - 기타,승용,여,56세,상해없음,승용,여,42세,중상
2018042300100477,2018년 4월 23일 19시,월요일,인천광역시 남동구 고잔동,경상사고,0,0,1,0,차대차 - 기타,안전운전불이행,젖음/습기,비,단일로 - 지하차도(도로)내,특수,남,51세,상해없음,승용,남,34세,경상
2018042300100524,2018년 4월 23일 20시,월요일,인천광역시 남동구 논현동,경상사고,0,0,1,0,차대차 - 추돌,안전운전불이행,젖음/습기,비,교차로 - 교차로부근,화물,남,60세,상해없음,승용,남,36세,경상
2018042300100565,2018년 4월 23일 21시,월요일,인천광역시 미추홀구 도화동,중상사고,0,1,1,0,차대사람 - 횡단중,신호위반,젖음/습기,비,교차로 - 교차로부근,승용,남,28세,상해없음,보행자,여,31세,경상
2018042300100566,2018년 4월 23일 21시,월요일,인천광역시 계양구 용종동,경상사고,0,0,2,0,차대차 - 측면충돌,안전운전불이행,젖음/습기,비,기타 - 기타,승용,남,37세,상해없음,승용,남,38세,경상
2018042300100601,2018년 4월 23일 22시,월요일,인천광역시 연수구 송도동,중상사고,0,1,0,0,차대사람 - 횡단중,안전운전불이행,젖음/습기,비,교차로 - 교차로안,승용,남,42세,상해없음,보행자,남,49세,중상
2018042400100011,2018년 4월 24일 00시,화요일,인천광역시 남동구 간석동,경상사고,0,0,1,0,차대차 - 측면충돌,신호위반,젖음/습기,비,교차로 - 교차로안,승용,여,44세,상해없음,승용,남,53세,경상
2018042400100012,2018년 4월 24일 00시,화요일,인천광역시 계양구 병방동,중상사고,0,1,0,0,차대차 - 추돌,안전운전불이행,젖음/습기,비,교차로 - 교차로부근,승용,남,31세,상해없음,승용,남,55세,상해없음
2018042400100039,2018년 4월 24일 02시,화요일,인천광역시 남동구 구월동,중상사고,0,1,2,0,차대차 - 측면충돌,신호위반,젖음/습기,비,교차로 - 교차로부근,이륜,남,26세,중상,승용,남,50세,경상
2018042400100098,2018년 4월 24일 07시,화요일,인천광역시 남동구 구월동,경상사고,0,0,1,0,차대차 - 추돌,안전운전불이행,건조,맑음,교차로 - 교차로안,승용,여,32세,상해없음,승용,남,44세,경상
2018042400100135,2018년 4월 24일 08시,화요일,인천광역시 서구 당하동,경상사고,0,0,1,0,차대사람 - 횡단중,신호위반,건조,맑음,교차로 - 교차로부근,승용,남,42세,상해없음,보행자,남,9세,경상
2018042400100207,2018년 4월 24일 10시,화요일,인천광역시 중구 신흥동1가,경상사고,0,0,2,0,차대차 - 측면충돌,안전운전불이행,건조,맑음,교차로 - 교차로안,승합,남,49세,기타불명,승용,여,47세,경상
2018042400100208,2018년 4월 24일 10시,화요일,인천광역시 중구 신흥동3가,중상사고,0,1,0,0,차대차 - 측면충돌,안전거리미확보,건조,맑음,교차로 - 교차로부근,건설기계,남,36세,상해없음,승용,남,58세,중상
2018042400100209,2018년 4월 24일 10시,화요일,인천광역시 연수구 옥련동,경상사고,0,0,1,0,차대사람 - 기타,안전운전불이행,건조,맑음,단일로 - 기타,승용,남,54세,상해없음,보행자,여,49세,경상
2018042400100236,2018년 4월 24일 11시,화요일,인천광역시 부평구 부개동,중상사고,0,1,0,0,차대차 - 추돌,기타,건조,맑음,단일로 - 기타,승용,여,38세,상해없음,승용,남,27세,중상
2018042400100261,2018년 4월 24일 12시,화요일,인천광역시 부평구 부평동,경상사고,0,0,1,0,차량단독 - 기타,안전운전불이행,건조,맑음,단일로 - 기타,승합,남,65세,상해없음,,,,
2018042400100262,2018년 4월 24일 12시,화요일,인천광역시 남동구 고잔동,경상사고,0,0,1,0,차대차 - 측면충돌,안전운전불이행,건조,맑음,단일로 - 기타,승용,여,63세,기타불명,특수,남,55세,경상
2018042400100264,2018년 4월 24일 12시,화요일,인천광역시 남동구 남촌동,중상사고,0,1,1,0,차대차 - 측면충돌,차로위반,건조,맑음,단일로 - 교량,화물,남,64세,상해없음,승용,남,51세,경상
2018042400100292,2018년 4월 24일 13시,화요일,인천광역시 중구 운서동,경상사고,0,0,1,0,차대차 - 측면충돌,안전운전불이행,건조,맑음,단일로 - 기타,특수,남,50세,상해없음,승용,남,38세,경상
2018042400100324,2018년 4월 24일 14시,화요일,인천광역시 연수구 연수동,경상사고,0,0,1,0,차대사람 - 횡단중,기타,건조,흐림,단일로 - 기타,승용,남,27세,상해없음,보행자,남,8세,경상
2018042400100368,2018년 4월 24일 15시,화요일,인천광역시 미추홀구 학익동,경상사고,0,0,1,0,차대차 - 측면충돌,안전운전불이행,건조,맑음,교차로 - 교차로안,화물,여,56세,상해없음,승용,남,60세,경상
2018042400100482,2018년 4월 24일 18시,화요일,인천광역시 서구 검암동,경상사고,0,0,2,0,차대차 - 측면충돌,안전운전불이행,건조,맑음,교차로 - 교차로안,승용,남,71세,상해없음,승용,남,51세,경상
2018042400100515,2018년 4월 24일 19시,화요일,인천광역시 서구 검암동,경상사고,0,0,1,0,차대차 - 추돌,안전운전불이행,건조,맑음,단일로 - 기타,승합,남,63세,상해없음,승용,여,37세,경상
2018042400100547,2018년 4월 24일 20시,화요일,인천광역시 미추홀구 주안동,경상사고,0,0,1,0,차대차 - 측면충돌,안전운전불이행,건조,맑음,단일로 - 기타,승용,여,34세,상해없음,승용,남,60세,상해없음
2018042400100583,2018년 4월 24일 21시,화요일,인천광역시 서구 경서동,중상사고,0,1,0,0,차대차 - 측면충돌,안전운전불이행,건조,맑음,교차로 - 교차로안,이륜,남,51세,중상,승합,남,57세,상해없음
2018042400100584,2018년 4월 24일 21시,화요일,인천광역시 서구 청라동,부상신고사고,0,0,0,1,차대차 - 기타,안전운전불이행,건조,맑음,단일로 - 기타,기타불명,기타불명,미분류,기타불명,자전거,남,40세,부상신고
2018042400100613,2018년 4월 24일 22시,화요일,인천광역시 서구 가좌동,경상사고,0,0,4,0,차대차 - 측면충돌,안전운전불이행,건조,맑음,교차로 - 교차로부근,승용,남,61세,상해없음,승용,여,49세,경상
2018042400100643,2018년 4월 24일 23시,화요일,인천광역시 서구 가정동,경상사고,0,0,1,0,차대차 - 측면충돌,안전운전불이행,건조,맑음,단일로 - 기타,승용,남,59세,상해없음,승용,남,35세,경상
2018042500100118,2018년 4월 25일 08시,수요일,인천광역시 연수구 송도동,경상사고,0,0,1,0,차대사람 - 기타,보행자보호의무위반,건조,맑음,교차로 - 교차로횡단보도내,승용,여,42세,상해없음,보행자,남,9세,경상
2018042500100155,2018년 4월 25일 09시,수요일,인천광역시 서구 석남동,경상사고,0,0,1,0,차대차 - 측면충돌,안전운전불이행,건조,맑음,단일로 - 기타,승용,여,41세,상해없음,승용,남,52세,상해없음
2018042500100156,2018년 4월 25일 09시,수요일,인천광역시 남동구 고잔동,경상사고,0,0,1,0,차대차 - 측면충돌,안전운전불이행,건조,맑음,단일로 - 기타,승합,남,54세,상해없음,승용,남,73세,경상
2018042500100244,2018년 4월 25일 12시,수요일,인천광역시 남동구 구월동,경상사고,0,0,2,0,차대차 - 추돌,안전운전불이행,건조,맑음,단일로 - 기타,승용,여,32세,상해없음,승용,남,39세,경상
2018042500100245,2018년 4월 25일 12시,수요일,인천광역시 강화군 길상면,중상사고,0,1,0,0,차량단독 - 도로외이탈 - 추락,불법유턴,건조,맑음,단일로 - 기타,승용,여,61세,상해없음,,,,
2018042500100283,2018년 4월 25일 13시,수요일,인천광역시 남동구 만수동,중상사고,0,1,0,0,차대사람 - 횡단중,안전운전불이행,건조,맑음,단일로 - 기타,승용,여,30세,상해없음,보행자,남,78세,중상
2018042500100320,2018년 4월 25일 14시,수요일,인천광역시 부평구 부평동,경상사고,0,0,1,0,차대사람 - 기타,안전운전불이행,건조,맑음,미분류 - 미분류,승용,여,52세,상해없음,보행자,남,63세,경상
2018042500100439,2018년 4월 25일 17시,수요일,인천광역시 계양구 작전동,중상사고,0,1,1,0,차대차 - 추돌,안전운전불이행,건조,맑음,단일로 - 기타,승용,남,39세,상해없음,승용,여,38세,중상
2018042500100440,2018년 4월 25일 17시,수요일,인천광역시 계양구 귤현동,경상사고,0,0,1,0,차대사람 - 횡단중,신호위반,건조,맑음,교차로 - 교차로부근,승용,여,49세,상해없음,보행자,남,11세,경상
2018042500100480,2018년 4월 25일 18시,수요일,인천광역시 미추홀구 도화동,경상사고,0,0,1,0,차대차 - 측면충돌,안전운전불이행,건조,맑음,교차로 - 교차로부근,승용,여,58세,기타불명,승용,남,60세,경상
2018042500100481,2018년 4월 25일 18시,수요일,인천광역시 강화군 강화읍,경상사고,0,0,1,0,차대차 - 정면충돌,기타,건조,맑음,교차로 - 교차로안,승용,여,46세,상해없음,승용,남,40세,경상
2018042500100589,2018년 4월 25일 22시,수요일,인천광역시 미추홀구 문학동,중상사고,0,1,0,0,차대사람 - 횡단중,신호위반,건조,맑음,교차로 - 교차로부근,승용,여,52세,상해없음,보행자,남,32세,중상
2018042600100036,2018년 4월 26일 03시,목요일,인천광역시 부평구 부평동,중상사고,0,1,0,0,차대사람 - 횡단중,안전운전불이행,건조,맑음,교차로 - 교차로횡단보도내,승용,남,38세,상해없음,보행자,남,64세,중상
2018042600100063,2018년 4월 26일 06시,목요일,인천광역시 중구 항동7가,사망사고,1,0,0,0,차대차 - 정면충돌,신호위반,건조,맑음,교차로 - 교차로횡단보도내,특수,남,43세,상해없음,자전거,남,76세,사망
2018042600100064,2018년 4월 26일 06시,목요일,인천광역시 중구 중산동,중상사고,0,1,2,0,차대차 - 측면충돌,교차로운행방법위반,건조,맑음,교차로 - 교차로안,이륜,남,25세,중상,승용,남,46세,경상
2018042600100081,2018년 4월 26일 07시,목요일,인천광역시 서구 연희동,부상신고사고,0,0,0,1,차대차 - 추돌,안전운전불이행,건조,맑음,교차로 - 교차로부근,승용,남,42세,상해없음,승용,여,40세,부상신고
2018042600100117,2018년 4월 26일 08시,목요일,인천광역시 미추홀구 학익동,경상사고,0,0,1,0,차대차 - 추돌,안전운전불이행,건조,맑음,교차로 - 교차로부근,승용,남,58세,상해없음,승용,남,52세,경상
2018042600100118,2018년 4월 26일 08시,목요일,인천광역시 연수구 연수동,경상사고,0,0,1,0,차대차 - 기타,기타,건조,맑음,교차로 - 교차로부근,승용,남,67세,상해없음,자전거,남,15세,경상
2018042600100154,2018년 4월 26일 09시,목요일,인천광역시 부평구 부평동,경상사고,0,0,1,0,차대차 - 정면충돌,신호위반,건조,맑음,교차로 - 교차로안,승합,남,35세,상해없음,승용,여,45세,경상
2018042600100242,2018년 4월 26일 12시,목요일,인천광역시 부평구 십정동,중상사고,0,1,0,0,차대차 - 정면충돌,안전운전불이행,건조,맑음,교차로 - 교차로안,화물,남,35세,상해없음,이륜,남,52세,중상
2018042600100272,2018년 4월 26일 13시,목요일,인천광역시 강화군 강화읍,경상사고,0,0,1,0,차대차 - 측면충돌,안전운전불이행,건조,맑음,교차로 - 교차로부근,건설기계,남,57세,상해없음,승용,여,47세,경상
2018042600100377,2018년 4월 26일 16시,목요일,인천광역시 미추홀구 문학동,경상사고,0,0,2,0,차대차 - 측면충돌,안전거리미확보,건조,맑음,단일로 - 교량,특수,남,61세,상해없음,승용,여,22세,경상
2018042600100413,2018년 4월 26일 17시,목요일,인천광역시 미추홀구 주안동,중상사고,0,3,3,0,차대차 - 측면충돌,안전운전불이행,건조,맑음,기타 - 기타,승용,남,62세,상해없음,승용,여,48세,경상
2018042600100455,2018년 4월 26일 18시,목요일,인천광역시 미추홀구 주안동,경상사고,0,0,1,0,차대차 - 측면충돌,안전운전불이행,건조,맑음,교차로 - 교차로부근,승용,남,60세,상해없음,승용,남,36세,경상
2018042600100456,2018년 4월 26일 18시,목요일,인천광역시 서구 연희동,중상사고,0,1,1,0,차대차 - 측면충돌,신호위반,건조,맑음,교차로 - 교차로안,승용,여,46세,경상,승용,여,36세,중상
2018042600100457,2018년 4월 26일 18시,목요일,인천광역시 계양구 작전동,경상사고,0,0,2,0,차대차 - 측면충돌,안전거리미확보,건조,맑음,단일로 - 기타,승용,남,39세,상해없음,승용,남,34세,경상
2018042600100458,2018년 4월 26일 18시,목요일,인천광역시 계양구 효성동,경상사고,0,0,1,0,차대차 - 측면충돌,안전운전불이행,건조,맑음,단일로 - 기타,승용,남,55세,상해없음,승용,여,46세,경상
2018042600100478,2018년 4월 26일 19시,목요일,인천광역시 서구 왕길동,경상사고,0,0,2,0,차대차 - 측면충돌,안전운전불이행,건조,맑음,교차로 - 교차로부근,화물,남,36세,기타불명,승용,여,44세,경상
2018042600100508,2018년 4월 26일 20시,목요일,인천광역시 서구 심곡동,경상사고,0,0,1,0,차대사람 - 길가장자리구역통행중,안전운전불이행,건조,맑음,단일로 - 기타,승용,남,49세,기타불명,보행자,여,18세,경상
2018042600100509,2018년 4월 26일 20시,목요일,인천광역시 남동구 논현동,부상신고사고,0,0,0,1,차대차 - 추돌,안전운전불이행,건조,맑음,교차로 - 교차로부근,승용,남,35세,상해없음,승용,여,43세,부상신고
2018042600100541,2018년 4월 26일 21시,목요일,인천광역시 연수구 청학동,경상사고,0,0,1,0,차대차 - 추돌,안전거리미확보,건조,맑음,교차로 - 교차로안,승용,남,63세,상해없음,이륜,남,41세,경상
2018042700100045,2018년 4월 27일 03시,금요일,인천광역시 연수구 송도동,경상사고,0,0,1,0,차대차 - 기타,중앙선침범,건조,맑음,교차로 - 교차로부근,승용,남,20세,상해없음,승용,남,56세,경상
2018042700100057,2018년 4월 27일 05시,금요일,인천광역시 계양구 계산동,경상사고,0,0,1,0,차대사람 - 횡단중,보행자보호의무위반,건조,맑음,교차로 - 교차로부근,승용,여,21세,상해없음,보행자,남,35세,경상
2018042700100058,2018년 4월 27일 05시,금요일,인천광역시 연수구 동춘동,경상사고,0,0,4,1,차대차 - 측면충돌,신호위반,건조,맑음,교차로 - 교차로안,승합,남,63세,상해없음,승용,남,46세,경상
2018042700100059,2018년 4월 27일 05시,금요일,인천광역시 남동구 남촌동,경상사고,0,0,1,0,차대차 - 정면충돌,중앙선침범,건조,맑음,교차로 - 교차로부근,승용,남,41세,상해없음,승용,남,47세,상해없음
2018042700100060,2018년 4월 27일 05시,금요일,인천광역시 계양구 귤현동,경상사고,0,0,2,0,차대차 - 측면충돌,안전거리미확보,건조,맑음,단일로 - 기타,승용,남,21세,상해없음,승용,남,59세,경상
2018042700100069,2018년 4월 27일 06시,금요일,인천광역시 남동구 만수동,중상사고,0,1,0,0,차대차 - 기타,차로위반,건조,맑음,단일로 - 기타,화물,남,48세,상해없음,승용,여,34세,중상
2018042700100070,2018년 4월 27일 06시,금요일,인천광역시 남동구 구월동,경상사고,0,0,1,0,차대차 - 추돌,차로위반,건조,맑음,교차로 - 교차로부근,승용,남,71세,상해없음,승용,남,40세,경상
2018042700100089,2018년 4월 27일 07시,금요일,인천광역시 부평구 삼산동,경상사고,0,0,1,0,차대차 - 측면충돌,신호위반,건조,맑음,교차로 - 교차로안,승용,남,75세,상해없음,승합,여,51세,경상
2018042700100162,2018년 4월 27일 09시,금요일,인천광역시 부평구 부평동,경상사고,0,0,1,0,차대사람 - 기타,보행자보호의무위반,건조,맑음,교차로 - 교차로부근,승용,남,34세,상해없음,보행자,여,27세,경상
2018042700100163,2018년 4월 27일 09시,금요일,인천광역시 연수구 송도동,경상사고,0,0,1,0,차대차 - 측면충돌,신호위반,건조,맑음,교차로 - 교차로안,승용,여,44세,상해없음,승합,남,58세,경상
2018042700100193,2018년 4월 27일 10시,금요일,인천광역시 서구 경서동,경상사고,0,0,2,0,차대차 - 측면충돌,안전운전불이행,건조,맑음,교차로 - 교차로안,화물,남,44세,경상,승용,남,36세,경상
2018042700100218,2018년 4월 27일 11시,금요일,인천광역시 계양구 계산동,경상사고,0,0,2,0,차대차 - 후진중충돌,안전운전불이행,건조,맑음,단일로 - 기타,화물,남,57세,상해없음,승용,여,42세,경상
2018042700100236,2018년 4월 27일 12시,금요일,인천광역시 미추홀구 용현동,부상신고사고,0,0,0,1,차대사람 - 길가장자리구역통행중,안전운전불이행,건조,맑음,단일로 - 기타,승용,남,31세,상해없음,보행자,남,54세,부상신고
2018042700100237,2018년 4월 27일 12시,금요일,인천광역시 연수구 송도동,경상사고,0,0,1,0,차대차 - 측면충돌,교차로운행방법위반,건조,맑음,교차로 - 교차로안,승용,남,38세,상해없음,승합,남,40세,경상
2018042700100270,2018년 4월 27일 13시,금요일,인천광역시 남동구 간석동,경상사고,0,0,1,0,차대차 - 추돌,안전운전불이행,건조,맑음,교차로 - 교차로부근,승용,남,19세,상해없음,화물,남,34세,경상
2018042700100305,2018년 4월 27일 14시,금요일,인천광역시 옹진군 영흥면,중상사고,0,1,0,0,차대사람 - 기타,안전거리미확보,건조,맑음,단일로 - 기타,승용,여,47세,상해없음,보행자,여,75세,중상
2018042700100306,2018년 4월 27일 14시,금요일,인천광역시 부평구 십정동,중상사고,0,1,0,0,차대차 - 기타,안전운전불이행,건조,맑음,단일로 - 기타,승용,남,59세,상해없음,승용,남,41세,중상
2018042700100342,2018년 4월 27일 15시,금요일,인천광역시 중구 도원동,경상사고,0,0,1,0,차대사람 - 기타,안전운전불이행,건조,맑음,단일로 - 기타,승용,남,66세,상해없음,보행자,여,60세,경상
2018042700100343,2018년 4월 27일 15시,금요일,인천광역시 서구 석남동,경상사고,0,0,2,0,차대차 - 측면충돌,안전운전불이행,건조,맑음,교차로 - 교차로안,건설기계,남,53세,상해없음,승용,남,50세,경상
2018042700100430,2018년 4월 27일 17시,금요일,인천광역시 강화군 강화읍,경상사고,0,0,1,0,차대사람 - 기타,안전운전불이행,건조,맑음,기타 - 기타,승용,남,24세,상해없음,보행자,남,20세,경상
2018042700100526,2018년 4월 27일 19시,금요일,인천광역시 서구 연희동,경상사고,0,0,1,0,차대사람 - 기타,안전운전불이행,건조,맑음,단일로 - 기타,자전거,남,11세,상해없음,보행자,여,1세,경상
2018042700100556,2018년 4월 27일 20시,금요일,인천광역시 강화군 강화읍,중상사고,0,1,0,0,차대차 - 측면충돌,신호위반,건조,맑음,교차로 - 교차로안,승합,남,61세,상해없음,승용,여,51세,중상
2018042700100623,2018년 4월 27일 22시,금요일,인천광역시 부평구 부평동,경상사고,0,0,1,0,차대차 - 추돌,안전운전불이행,건조,맑음,단일로 - 기타,승용,남,27세,상해없음,화물,남,39세,경상
2018042800100041,2018년 4월 28일 01시,토요일,인천광역시 연수구 연수동,경상사고,0,0,2,0,차대차 - 추돌,안전운전불이행,건조,맑음,교차로 - 교차로부근,승용,남,62세,상해없음,승용,남,32세,경상
2018042800100073,2018년 4월 28일 03시,토요일,인천광역시 남동구 간석동,중상사고,0,1,0,0,차대차 - 측면충돌,신호위반,건조,맑음,교차로 - 교차로안,승용,남,49세,상해없음,승용,남,54세,중상
2018042800100074,2018년 4월 28일 03시,토요일,인천광역시 서구 석남동,중상사고,0,1,1,0,차대차 - 추돌,안전운전불이행,건조,맑음,단일로 - 기타,승용,남,24세,상해없음,승용,남,58세,중상
2018042800100075,2018년 4월 28일 03시,토요일,인천광역시 서구 연희동,경상사고,0,0,1,0,차대차 - 기타,안전운전불이행,건조,맑음,교차로 - 교차로부근,승용,남,40세,상해없음,승용,남,54세,경상
2018042800100111,2018년 4월 28일 06시,토요일,인천광역시 연수구 송도동,중상사고,0,2,0,0,차대차 - 측면충돌,신호위반,건조,맑음,교차로 - 교차로안,승용,남,25세,상해없음,승용,남,57세,중상
2018042800100112,2018년 4월 28일 06시,토요일,인천광역시 남동구 남촌동,경상사고,0,0,1,0,차대차 - 측면충돌,신호위반,건조,맑음,교차로 - 교차로안,승용,남,45세,상해없음,화물,남,59세,경상
2018042800100162,2018년 4월 28일 08시,토요일,인천광역시 남동구 구월동,중상사고,0,1,0,0,차대차 - 기타,안전운전불이행,건조,맑음,기타 - 기타,이륜,남,46세,상해없음,승용,남,60세,중상
2018042800100191,2018년 4월 28일 09시,토요일,인천광역시 중구 운남동,경상사고,0,0,2,0,차대차 - 추돌,안전거리미확보,건조,맑음,단일로 - 기타,승용,남,63세,기타불명,승용,남,27세,경상
2018042800100230,2018년 4월 28일 10시,토요일,인천광역시 연수구 송도동,경상사고,0,0,1,0,차대사람 - 횡단중,보행자보호의무위반,건조,맑음,교차로 - 교차로안,승용,여,44세,상해없음,보행자,여,29세,경상
2018042800100269,2018년 4월 28일 11시,토요일,인천광역시 미추홀구 도화동,중상사고,0,1,0,0,차대차 - 측면충돌,안전운전불이행,건조,맑음,단일로 - 기타,화물,남,55세,기타불명,승용,남,51세,중상
2018042800100270,2018년 4월 28일 11시,토요일,인천광역시 남동구 간석동,경상사고,0,0,1,0,차대사람 - 기타,안전운전불이행,건조,맑음,기타 - 기타,승용,남,36세,상해없음,보행자,남,50세,경상
2018042800100271,2018년 4월 28일 11시,토요일,인천광역시 계양구 방축동,경상사고,0,0,1,0,차대차 - 측면충돌,안전운전불이행,건조,맑음,교차로 - 교차로안,이륜,남,17세,상해없음,승용,남,70세,상해없음
2018042800100272,2018년 4월 28일 11시,토요일,인천광역시 남동구 도림동,경상사고,0,0,1,0,차대차 - 기타,안전운전불이행,건조,맑음,교차로 - 교차로부근,승용,남,48세,상해없음,승용,여,56세,경상
2018042800100385,2018년 4월 28일 14시,토요일,인천광역시 중구 항동1가,경상사고,0,0,2,0,차대차 - 측면충돌,안전거리미확보,건조,맑음,단일로 - 기타,화물,남,64세,상해없음,승용,남,32세,경상
2018042800100386,2018년 4월 28일 14시,토요일,인천광역시 미추홀구 도화동,중상사고,0,2,0,0,차대차 - 측면충돌,신호위반,건조,맑음,교차로 - 교차로부근,승용,남,27세,중상,이륜,남,31세,중상
2018042800100387,2018년 4월 28일 14시,토요일,인천광역시 서구 가좌동,중상사고,0,1,0,0,차대사람 - 기타,안전운전불이행,건조,맑음,단일로 - 기타,승용,남,20세,상해없음,보행자,여,49세,중상
2018042800100388,2018년 4월 28일 14시,토요일,인천광역시 남동구 남촌동,경상사고,0,0,2,0,차대차 - 추돌,안전운전불이행,건조,맑음,단일로 - 기타,승용,남,39세,상해없음,승용,남,52세,경상
2018042800100423,2018년 4월 28일 15시,토요일,인천광역시 미추홀구 용현동,경상사고,0,0,2,0,차대차 - 추돌,차로위반,건조,맑음,기타 - 기타,화물,남,40세,상해없음,승용,여,37세,경상
2018042800100424,2018년 4월 28일 15시,토요일,인천광역시 남동구 구월동,중상사고,0,1,2,0,차대차 - 측면충돌,안전운전불이행,건조,맑음,교차로 - 교차로안,승용,남,74세,중상,화물,남,54세,경상
2018042800100425,2018년 4월 28일 15시,토요일,인천광역시 부평구 구산동,경상사고,0,0,2,0,차대차 - 추돌,안전운전불이행,건조,맑음,단일로 - 기타,승용,남,42세,상해없음,승용,남,38세,경상
2018042800100464,2018년 4월 28일 16시,토요일,인천광역시 계양구 계산동,중상사고,0,3,2,0,차대차 - 추돌,안전운전불이행,건조,맑음,단일로 - 기타,승용,여,36세,상해없음,승용,남,32세,중상