사고번호,사고일시,요일,시군구,사고내용,사망자수,중상자수,경상자수,부상신고자수,사고유형,법규위반,노면상태,기상상태,도로형태,가해운전자 차종,가해운전자 성별,가해운전자 연령,가해운전자 상해정도,피해운전자 차종,피해운전자 성별,피해운전자 연령,피해운전자 상해정도
2018050400100038,2018년 5월 4일 02시,금요일,인천광역시 연수구 청학동,경상사고,0,0,1,0,차대사람 - 횡단중,안전운전불이행,건조,흐림,교차로 - 교차로안,승용,남,43세,상해없음,보행자,여,21세,경상
2018050400100044,2018년 5월 4일 03시,금요일,인천광역시 계양구 계산동,경상사고,0,0,1,0,차대차 - 추돌,안전운전불이행,건조,맑음,단일로 - 기타,이륜,남,17세,경상,승용,여,54세,상해없음
2018050400100096,2018년 5월 4일 07시,금요일,인천광역시 서구 금곡동,중상사고,0,1,0,0,차대차 - 정면충돌,안전운전불이행,건조,맑음,교차로 - 교차로안,승용,남,55세,상해없음,승용,남,68세,중상
2018050400100097,2018년 5월 4일 07시,금요일,인천광역시 남동구 고잔동,부상신고사고,0,0,0,1,차대차 - 기타,안전운전불이행,건조,맑음,교차로 - 교차로부근,승용,여,40세,상해없음,승합,남,55세,상해없음
2018050400100128,2018년 5월 4일 08시,금요일,인천광역시 중구 을왕동,경상사고,0,0,1,0,차대차 - 측면충돌,안전운전불이행,건조,맑음,단일로 - 기타,승용,여,63세,상해없음,승용,여,60세,경상
2018050400100129,2018년 5월 4일 08시,금요일,인천광역시 남동구 간석동,경상사고,0,0,1,0,차대차 - 측면충돌,교차로운행방법위반,건조,맑음,교차로 - 교차로안,승용,남,62세,상해없음,화물,남,44세,경상
2018050400100130,2018년 5월 4일 08시,금요일,인천광역시 서구 원창동,경상사고,0,0,1,0,차대차 - 후진중충돌,안전운전불이행,건조,맑음,교차로 - 교차로부근,화물,남,61세,상해없음,승용,여,22세,경상
2018050400100131,2018년 5월 4일 08시,금요일,인천광역시 부평구 일신동,경상사고,0,0,1,0,차대차 - 추돌,안전운전불이행,건조,맑음,단일로 - 교량,승용,남,72세,상해없음,승용,남,30세,경상
2018050400100166,2018년 5월 4일 09시,금요일,인천광역시 남동구 구월동,경상사고,0,0,1,0,차대차 - 측면충돌,안전운전불이행,건조,흐림,교차로 - 교차로부근,승용,남,29세,상해없음,이륜,남,68세,경상
2018050400100229,2018년 5월 4일 11시,금요일,인천광역시 서구 가좌동,중상사고,0,1,0,0,차대차 - 정면충돌,안전운전불이행,건조,맑음,단일로 - 기타,승용,남,20세,상해없음,이륜,남,50세,중상
2018050400100246,2018년 5월 4일 12시,금요일,인천광역시 동구 만석동,중상사고,0,1,0,0,차대차 - 측면충돌,교차로운행방법위반,건조,맑음,교차로 - 교차로안,화물,여,46세,상해없음,자전거,남,74세,중상
2018050400100247,2018년 5월 4일 12시,금요일,인천광역시 미추홀구 도화동,경상사고,0,0,1,0,차대차 - 기타,안전운전불이행,건조,맑음,교차로 - 교차로안,승용,남,60세,상해없음,건설기계,남,34세,상해없음
2018050400100248,2018년 5월 4일 12시,금요일,인천광역시 강화군 강화읍,중상사고,0,1,0,0,차대사람 - 기타,기타,건조,맑음,기타 - 기타,원동기,남,42세,상해없음,보행자,여,77세,중상
2018050400100282,2018년 5월 4일 13시,금요일,인천광역시 남동구 간석동,경상사고,0,0,1,0,차대차 - 기타,안전운전불이행,건조,맑음,단일로 - 기타,승용,여,68세,상해없음,승용,여,41세,경상
2018050400100337,2018년 5월 4일 14시,금요일,인천광역시 부평구 부평동,경상사고,0,0,1,0,차대차 - 추돌,안전운전불이행,건조,맑음,교차로 - 교차로부근,승용,남,40세,상해없음,승용,여,35세,경상
2018050400100338,2018년 5월 4일 14시,금요일,인천광역시 서구 가좌동,중상사고,0,1,0,0,차대차 - 정면충돌,중앙선침범,건조,맑음,교차로 - 교차로부근,승용,남,73세,상해없음,화물,남,55세,중상
2018050400100339,2018년 5월 4일 14시,금요일,인천광역시 서구 석남동,경상사고,0,0,1,0,차대차 - 기타,안전운전불이행,건조,맑음,기타 - 기타,화물,남,62세,상해없음,화물,남,37세,경상
2018050400100340,2018년 5월 4일 14시,금요일,인천광역시 계양구 작전동,중상사고,0,1,0,0,차대사람 - 기타,안전운전불이행,건조,맑음,단일로 - 기타,승합,남,58세,상해없음,보행자,남,85세,중상
2018050400100486,2018년 5월 4일 17시,금요일,인천광역시 서구 가좌동,경상사고,0,0,1,0,차대사람 - 차도통행중,안전운전불이행,건조,맑음,교차로 - 교차로안,승용,남,50세,상해없음,보행자,남,14세,경상
2018050400100487,2018년 5월 4일 17시,금요일,인천광역시 연수구 송도동,경상사고,0,0,1,0,차대사람 - 횡단중,신호위반,건조,맑음,교차로 - 교차로횡단보도내,승용,남,46세,상해없음,보행자,여,7세,경상
2018050400100568,2018년 5월 4일 19시,금요일,인천광역시 서구 가정동,경상사고,0,0,1,0,차대차 - 기타,신호위반,건조,맑음,교차로 - 교차로안,승용,남,26세,상해없음,승용,남,24세,경상
2018050400100646,2018년 5월 4일 21시,금요일,인천광역시 미추홀구 도화동,중상사고,0,1,0,0,차대차 - 측면충돌,신호위반,건조,맑음,교차로 - 교차로안,승용,남,52세,상해없음,승용,남,26세,중상
2018050400100647,2018년 5월 4일 21시,금요일,인천광역시 계양구 목상동,중상사고,0,1,0,0,차대사람 - 차도통행중,안전운전불이행,건조,맑음,단일로 - 기타,화물,남,23세,상해없음,보행자,여,90세 이상,중상
2018050400100709,2018년 5월 4일 23시,금요일,인천광역시 중구 신흥동1가,중상사고,0,1,3,0,차대차 - 측면충돌,중앙선침범,건조,맑음,교차로 - 교차로부근,승용,남,26세,상해없음,승용,남,54세,중상
2018050400100710,2018년 5월 4일 23시,금요일,인천광역시 중구 운서동,경상사고,0,0,1,0,차대차 - 측면충돌,중앙선침범,건조,맑음,교차로 - 교차로부근,승용,남,37세,상해없음,승용,여,31세,경상
2018050400100711,2018년 5월 4일 23시,금요일,인천광역시 남동구 구월동,중상사고,0,1,0,0,차대사람 - 보도통행중,안전운전불이행,건조,맑음,단일로 - 기타,승용,남,26세,상해없음,보행자,남,47세,중상
2018050500100025,2018년 5월 5일 00시,토요일,인천광역시 계양구 작전동,경상사고,0,0,1,0,차대사람 - 횡단중,보행자보호의무위반,건조,맑음,교차로 - 교차로횡단보도내,이륜,남,17세,상해없음,보행자,남,33세,경상
2018050500100056,2018년 5월 5일 02시,토요일,인천광역시 미추홀구 주안동,경상사고,0,0,1,0,차대차 - 기타,안전운전불이행,건조,맑음,기타 - 기타,승용,남,24세,상해없음,승용,남,66세,상해없음
2018050500100071,2018년 5월 5일 03시,토요일,인천광역시 연수구 선학동,경상사고,0,0,1,0,차량단독 - 전도전복 - 전도,안전운전불이행,건조,맑음,단일로 - 기타,이륜,남,18세,경상,미분류,미분류,미분류,미분류
2018050500100086,2018년 5월 5일 04시,토요일,인천광역시 미추홀구 주안동,경상사고,0,0,1,0,차대차 - 정면충돌,안전운전불이행,건조,맑음,교차로 - 교차로안,승용,남,32세,상해없음,승용,남,57세,상해없음
2018050500100098,2018년 5월 5일 05시,토요일,인천광역시 미추홀구 주안동,경상사고,0,0,1,0,차대차 - 추돌,안전운전불이행,건조,맑음,교차로 - 교차로부근,승용,남,26세,상해없음,승용,남,28세,경상
2018050500100099,2018년 5월 5일 05시,토요일,인천광역시 연수구 연수동,중상사고,0,1,0,0,차대차 - 측면충돌,신호위반,건조,맑음,교차로 - 교차로안,승용,여,48세,상해없음,승용,여,68세,중상
2018050500100117,2018년 5월 5일 06시,토요일,인천광역시 부평구 부평동,경상사고,0,0,1,0,차대차 - 기타,안전운전불이행,건조,맑음,기타 - 기타,승용,남,29세,상해없음,승용,남,49세,경상
2018050500100240,2018년 5월 5일 11시,토요일,인천광역시 남동구 논현동,경상사고,0,0,1,0,차대차 - 측면충돌,신호위반,건조,맑음,교차로 - 교차로안,승용,여,49세,상해없음,승용,남,56세,경상
2018050500100277,2018년 5월 5일 12시,토요일,인천광역시 강화군 선원면,경상사고,0,0,2,0,차대차 - 측면충돌,안전운전불이행,건조,맑음,교차로 - 교차로안,화물,여,55세,상해없음,승용,여,20세,경상
2018050500100303,2018년 5월 5일 13시,토요일,인천광역시 미추홀구 문학동,경상사고,0,0,4,0,차대차 - 추돌,안전운전불이행,건조,맑음,단일로 - 기타,승용,여,56세,상해없음,승용,여,30세,경상
2018050500100304,2018년 5월 5일 13시,토요일,인천광역시 계양구 계산동,경상사고,0,0,1,0,차대사람 - 기타,안전운전불이행,건조,맑음,단일로 - 기타,화물,남,34세,상해없음,보행자,여,33세,경상
2018050500100344,2018년 5월 5일 14시,토요일,인천광역시 남동구 구월동,경상사고,0,0,1,0,차대차 - 측면충돌,교차로운행방법위반,건조,맑음,교차로 - 교차로안,승용,남,59세,상해없음,승용,남,34세,경상
2018050500100377,2018년 5월 5일 15시,토요일,인천광역시 중구 북성동1가,경상사고,0,0,1,0,차대차 - 기타,안전운전불이행,건조,맑음,기타 - 기타,승용,남,64세,상해없음,승용,남,31세,상해없음
2018050500100472,2018년 5월 5일 17시,토요일,인천광역시 미추홀구 학익동,중상사고,0,1,0,0,차대사람 - 횡단중,보행자보호의무위반,건조,맑음,교차로 - 교차로횡단보도내,승용,남,71세,상해없음,보행자,여,55세,중상
2018050500100473,2018년 5월 5일 17시,토요일,인천광역시 부평구 부평동,중상사고,0,1,0,0,차대차 - 기타,교차로운행방법위반,건조,맑음,교차로 - 교차로안,승용,남,36세,상해없음,자전거,남,15세,중상
2018050500100501,2018년 5월 5일 18시,토요일,인천광역시 중구 덕교동,중상사고,0,2,0,0,차대차 - 측면충돌,중앙선침범,건조,맑음,단일로 - 기타,승용,남,29세,상해없음,승용,남,34세,중상
2018050500100502,2018년 5월 5일 18시,토요일,인천광역시 연수구 송도동,중상사고,0,1,0,0,차대차 - 측면충돌,신호위반,건조,맑음,교차로 - 교차로안,승용,여,37세,상해없음,자전거,남,77세,중상
2018050500100538,2018년 5월 5일 19시,토요일,인천광역시 중구 운서동,중상사고,0,4,1,0,차대차 - 측면충돌,중앙선침범,건조,맑음,단일로 - 기타,화물,남,45세,상해없음,승용,여,41세,경상
2018050500100566,2018년 5월 5일 20시,토요일,인천광역시 강화군 길상면,경상사고,0,0,3,0,차대차 - 측면충돌,기타,건조,맑음,교차로 - 교차로부근,승용,여,28세,상해없음,승용,남,25세,경상
2018050500100567,2018년 5월 5일 20시,토요일,인천광역시 부평구 구산동,경상사고,0,0,1,1,차대차 - 추돌,안전거리미확보,건조,맑음,단일로 - 교량,승용,남,49세,상해없음,승용,남,38세,경상
2018050500100593,2018년 5월 5일 21시,토요일,인천광역시 계양구 임학동,경상사고,0,0,1,0,차대사람 - 횡단중,신호위반,건조,맑음,교차로 - 교차로횡단보도내,이륜,남,20세,상해없음,보행자,남,9세,경상
2018050500100621,2018년 5월 5일 22시,토요일,인천광역시 서구 가좌동,경상사고,0,0,1,0,차량단독 - 기타,안전운전불이행,건조,맑음,단일로 - 기타,이륜,남,19세,경상,,,,
2018050500100622,2018년 5월 5일 22시,토요일,인천광역시 부평구 구산동,경상사고,0,0,1,0,차대차 - 기타,차로위반,건조,맑음,교차로 - 교차로횡단보도내,승용,여,45세,상해없음,이륜,남,28세,경상
2018050500100642,2018년 5월 5일 23시,토요일,인천광역시 서구 가정동,경상사고,0,0,2,0,차대차 - 추돌,안전운전불이행,건조,맑음,단일로 - 기타,승용,남,23세,상해없음,승용,남,50세,경상
2018050500100643,2018년 5월 5일 23시,토요일,인천광역시 연수구 청학동,경상사고,0,0,1,0,차대차 - 측면충돌,교차로운행방법위반,건조,맑음,교차로 - 교차로안,승용,남,28세,상해없음,승용,남,50세,경상
2018050600100037,2018년 5월 6일 01시,일요일,인천광역시 부평구 부평동,중상사고,0,1,1,0,차대차 - 정면충돌,신호위반,젖음/습기,비,교차로 - 교차로안,승용,남,70세,상해없음,승용,남,44세,상해없음
2018050600100058,2018년 5월 6일 02시,일요일,인천광역시 미추홀구 주안동,경상사고,0,0,1,1,차대차 - 측면충돌,안전거리미확보,젖음/습기,비,단일로 - 기타,승용,여,65세,부상신고,승용,남,26세,경상
2018050600100136,2018년 5월 6일 09시,일요일,인천광역시 연수구 청학동,경상사고,0,0,2,0,차대차 - 후진중충돌,안전운전불이행,젖음/습기,비,단일로 - 기타,승용,여,35세,상해없음,승용,남,35세,경상
2018050600100137,2018년 5월 6일 09시,일요일,인천광역시 남동구 서창동,경상사고,0,0,1,0,차대사람 - 횡단중,안전운전불이행,젖음/습기,비,교차로 - 교차로부근,화물,남,49세,상해없음,보행자,여,36세,경상
2018050600100169,2018년 5월 6일 11시,일요일,인천광역시 계양구 작전동,경상사고,0,0,3,0,차대차 - 측면충돌,차로위반,젖음/습기,비,교차로 - 교차로부근,승용,여,52세,경상,승용,남,50세,경상
2018050600100230,2018년 5월 6일 13시,일요일,인천광역시 남동구 만수동,경상사고,0,0,5,0,차대차 - 추돌,안전운전불이행,젖음/습기,비,단일로 - 기타,승용,남,29세,상해없음,승용,남,51세,경상
2018050600100292,2018년 5월 6일 16시,일요일,인천광역시 연수구 선학동,경상사고,0,0,1,0,차대사람 - 차도통행중,안전운전불이행,건조,맑음,교차로 - 교차로부근,화물,남,43세,기타불명,보행자,여,25세,경상
2018050600100335,2018년 5월 6일 18시,일요일,인천광역시 중구 신흥동3가,부상신고사고,0,0,0,1,차대차 - 추돌,안전운전불이행,건조,맑음,단일로 - 기타,승용,남,44세,상해없음,승용,남,55세,부상신고
2018050600100336,2018년 5월 6일 18시,일요일,인천광역시 남동구 만수동,중상사고,0,3,1,0,차대차 - 추돌,안전운전불이행,건조,맑음,단일로 - 기타,승용,남,18세,상해없음,승용,남,64세,중상
2018050600100402,2018년 5월 6일 21시,일요일,인천광역시 서구 원창동,경상사고,0,0,2,0,차대차 - 측면충돌,신호위반,건조,맑음,교차로 - 교차로안,승용,남,62세,상해없음,승용,남,64세,경상
2018050700100015,2018년 5월 7일 00시,월요일,인천광역시 남동구 구월동,부상신고사고,0,0,0,1,차대사람 - 길가장자리구역통행중,안전운전불이행,기타,기타,단일로 - 기타,기타불명,기타불명,미분류,기타불명,보행자,남,26세,부상신고
2018050700100032,2018년 5월 7일 01시,월요일,인천광역시 서구 왕길동,경상사고,0,0,1,0,차대차 - 측면충돌,안전운전불이행,건조,맑음,단일로 - 기타,승용,남,30세,상해없음,승용,남,24세,경상
2018050700100058,2018년 5월 7일 04시,월요일,인천광역시 계양구 작전동,중상사고,0,1,0,0,차대차 - 측면충돌,신호위반,건조,맑음,교차로 - 교차로안,승용,남,55세,상해없음,화물,남,50세,중상
2018050700100059,2018년 5월 7일 04시,월요일,인천광역시 연수구 송도동,경상사고,0,0,1,0,차대차 - 추돌,안전운전불이행,건조,맑음,단일로 - 기타,원동기,여,16세,상해없음,승용,남,63세,경상
2018050700100129,2018년 5월 7일 09시,월요일,인천광역시 부평구 청천동,경상사고,0,0,3,0,차대차 - 기타,안전운전불이행,건조,맑음,단일로 - 기타,승용,남,26세,상해없음,승용,여,59세,경상
2018050700100151,2018년 5월 7일 10시,월요일,인천광역시 강화군 강화읍,중상사고,0,1,0,0,차대사람 - 횡단중,기타,건조,맑음,교차로 - 교차로부근,화물,남,62세,상해없음,보행자,남,78세,중상
2018050700100205,2018년 5월 7일 12시,월요일,인천광역시 남동구 만수동,중상사고,0,1,0,0,차대차 - 측면충돌,기타,건조,맑음,단일로 - 기타,승용,남,49세,상해없음,원동기,남,41세,중상
2018050700100273,2018년 5월 7일 14시,월요일,인천광역시 미추홀구 관교동,부상신고사고,0,0,0,1,차대사람 - 차도통행중,안전운전불이행,건조,맑음,단일로 - 기타,화물,남,52세,상해없음,보행자,남,미분류,부상신고
2018050700100274,2018년 5월 7일 14시,월요일,인천광역시 연수구 선학동,부상신고사고,0,0,0,1,차대사람 - 차도통행중,안전운전불이행,건조,맑음,단일로 - 고가도로위,승용,남,37세,상해없음,보행자,남,23세,부상신고
2018050700100298,2018년 5월 7일 15시,월요일,인천광역시 미추홀구 주안동,경상사고,0,0,1,0,차대차 - 측면충돌,안전운전불이행,건조,맑음,기타 - 기타,승용,남,60세,상해없음,승용,여,37세,경상
2018050700100333,2018년 5월 7일 16시,월요일,인천광역시 부평구 부평동,경상사고,0,0,1,0,차대차 - 기타,안전운전불이행,건조,맑음,단일로 - 기타,승용,남,24세,상해없음,이륜,남,37세,경상
2018050700100334,2018년 5월 7일 16시,월요일,인천광역시 서구 검암동,경상사고,0,0,1,0,차대차 - 후진중충돌,안전운전불이행,건조,맑음,단일로 - 기타,승합,남,69세,상해없음,승용,남,37세,경상
2018050700100335,2018년 5월 7일 16시,월요일,인천광역시 서구 백석동,경상사고,0,0,4,0,차대차 - 측면충돌,안전운전불이행,건조,맑음,단일로 - 기타,승용,남,34세,경상,승용,남,37세,경상
2018050700100336,2018년 5월 7일 16시,월요일,인천광역시 연수구 청학동,경상사고,0,0,1,0,차대차 - 기타,신호위반,건조,맑음,교차로 - 교차로부근,승용,남,35세,상해없음,승용,남,32세,경상
2018050700100372,2018년 5월 7일 17시,월요일,인천광역시 계양구 상야동,중상사고,0,1,0,0,차량단독 - 전도전복 - 전도,안전거리미확보,건조,맑음,기타 - 기타,자전거,남,60세,중상,미분류,미분류,미분류,미분류
2018050700100373,2018년 5월 7일 17시,월요일,인천광역시 부평구 갈산동,경상사고,0,0,1,0,차대차 - 측면충돌,안전운전불이행,건조,맑음,단일로 - 기타,승용,남,60세,상해없음,승용,남,70세,경상
2018050700100409,2018년 5월 7일 18시,월요일,인천광역시 서구 심곡동,부상신고사고,0,0,0,1,차대차 - 측면충돌,안전운전불이행,건조,맑음,교차로 - 교차로안,기타불명,기타불명,미분류,기타불명,승용,남,57세,부상신고
2018050700100507,2018년 5월 7일 21시,월요일,인천광역시 남동구 간석동,경상사고,0,0,2,0,차대차 - 후진중충돌,안전운전불이행,건조,맑음,단일로 - 기타,승용,남,37세,상해없음,승용,여,33세,경상
2018050700100533,2018년 5월 7일 22시,월요일,인천광역시 부평구 부평동,중상사고,0,1,0,0,차대사람 - 차도통행중,안전운전불이행,건조,맑음,단일로 - 기타,승용,남,20세,상해없음,보행자,남,27세,중상
2018050800100016,2018년 5월 8일 00시,화요일,인천광역시 남동구 간석동,경상사고,0,0,1,0,차대차 - 추돌,안전운전불이행,건조,맑음,단일로 - 기타,승용,남,25세,상해없음,승용,여,53세,경상
2018050800100017,2018년 5월 8일 00시,화요일,인천광역시 서구 당하동,중상사고,0,2,0,0,차대사람 - 횡단중,안전운전불이행,건조,맑음,교차로 - 교차로횡단보도내,승용,여,34세,상해없음,보행자,여,18세,중상
2018050800100041,2018년 5월 8일 03시,화요일,인천광역시 계양구 작전동,경상사고,0,0,1,0,차대차 - 측면충돌,신호위반,건조,맑음,교차로 - 교차로안,화물,남,27세,상해없음,승용,남,64세,경상
2018050800100045,2018년 5월 8일 04시,화요일,인천광역시 남동구 장수동,중상사고,0,1,0,0,차대차 - 추돌,안전운전불이행,건조,맑음,단일로 - 교량,화물,남,45세,상해없음,건설기계,남,57세,중상
2018050800100051,2018년 5월 8일 05시,화요일,인천광역시 미추홀구 주안동,경상사고,0,0,1,0,차대차 - 추돌,안전운전불이행,건조,맑음,단일로 - 기타,승용,여,33세,기타불명,승합,남,56세,경상
2018050800100149,2018년 5월 8일 09시,화요일,인천광역시 미추홀구 숭의동,중상사고,0,1,0,0,차대사람 - 횡단중,안전운전불이행,건조,맑음,단일로 - 기타,승용,남,57세,상해없음,보행자,여,83세,중상
2018050800100150,2018년 5월 8일 09시,화요일,인천광역시 부평구 청천동,경상사고,0,0,1,0,차대차 - 추돌,안전운전불이행,건조,맑음,기타 - 기타,승용,남,32세,상해없음,승용,여,48세,경상
2018050800100188,2018년 5월 8일 10시,화요일,인천광역시 남동구 간석동,경상사고,0,0,2,0,차대차 - 측면충돌,교차로운행방법위반,건조,맑음,교차로 - 교차로안,승용,남,59세,경상,승용,남,35세,경상
2018050800100189,2018년 5월 8일 10시,화요일,인천광역시 서구 불로동,경상사고,0,0,1,0,차대차 - 기타,안전운전불이행,건조,맑음,단일로 - 기타,승용,남,55세,상해없음,승용,남,64세,경상
2018050800100216,2018년 5월 8일 11시,화요일,인천광역시 연수구 송도동,경상사고,0,0,1,0,차대차 - 기타,안전운전불이행,기타,맑음,기타 - 기타,승용,여,46세,상해없음,승용,남,36세,경상
2018050800100344,2018년 5월 8일 15시,화요일,인천광역시 부평구 부평동,경상사고,0,0,1,0,차대차 - 기타,안전운전불이행,건조,맑음,기타 - 기타,화물,남,44세,상해없음,승용,남,32세,경상
2018050800100345,2018년 5월 8일 15시,화요일,인천광역시 서구 가정동,중상사고,0,1,0,0,차대사람 - 횡단중,보행자보호의무위반,건조,맑음,교차로 - 교차로안,화물,남,60세,상해없음,보행자,여,53세,중상
2018050800100346,2018년 5월 8일 15시,화요일,인천광역시 연수구 송도동,중상사고,0,1,0,0,차대사람 - 횡단중,안전운전불이행,건조,맑음,교차로 - 교차로부근,승용,남,65세,상해없음,보행자,여,24세,중상
2018050800100389,2018년 5월 8일 16시,화요일,인천광역시 부평구 부평동,중상사고,0,1,1,0,차대차 - 기타,안전운전불이행,건조,맑음,단일로 - 기타,승용,여,68세,경상,승용,여,72세,중상
2018050800100390,2018년 5월 8일 16시,화요일,인천광역시 남동구 논현동,경상사고,0,0,1,0,차대차 - 측면충돌,안전운전불이행,건조,맑음,교차로 - 교차로부근,건설기계,남,59세,상해없음,화물,남,64세,경상
2018050800100439,2018년 5월 8일 17시,화요일,인천광역시 미추홀구 용현동,부상신고사고,0,0,0,1,차대사람 - 길가장자리구역통행중,안전운전불이행,건조,맑음,단일로 - 기타,기타불명,기타불명,미분류,기타불명,보행자,남,72세,부상신고
2018050800100440,2018년 5월 8일 17시,화요일,인천광역시 계양구 서운동,경상사고,0,0,1,0,차대차 - 추돌,안전운전불이행,건조,맑음,단일로 - 기타,승용,여,26세,상해없음,승용,남,43세,경상
2018050800100487,2018년 5월 8일 18시,화요일,인천광역시 미추홀구 문학동,중상사고,0,1,0,0,차대사람 - 길가장자리구역통행중,안전운전불이행,건조,맑음,교차로 - 교차로부근,화물,남,23세,상해없음,보행자,남,6세,중상
2018050800100488,2018년 5월 8일 18시,화요일,인천광역시 서구 석남동,경상사고,0,0,2,0,차대차 - 측면충돌,교차로운행방법위반,건조,맑음,교차로 - 교차로안,승용,남,60세,상해없음,승용,남,47세,상해없음
2018050800100553,2018년 5월 8일 20시,화요일,인천광역시 서구 가좌동,경상사고,0,0,1,0,차대사람 - 기타,안전운전불이행,건조,맑음,기타 - 기타,승용,남,44세,상해없음,보행자,남,58세,경상
2018050800100576,2018년 5월 8일 21시,화요일,인천광역시 연수구 송도동,중상사고,0,1,0,0,차대차 - 추돌,안전운전불이행,건조,맑음,기타 - 기타,승용,남,63세,상해없음,승용,여,48세,중상
2018050800100597,2018년 5월 8일 22시,화요일,인천광역시 중구 운서동,경상사고,0,0,1,1,차대차 - 기타,안전운전불이행,건조,맑음,단일로 - 기타,승용,남,28세,상해없음,화물,남,50세,경상
2018050800100612,2018년 5월 8일 23시,화요일,인천광역시 서구 당하동,경상사고,0,0,1,0,차대차 - 측면충돌,안전운전불이행,건조,맑음,교차로 - 교차로안,승용,여,58세,상해없음,승합,남,71세,경상
2018050900100009,2018년 5월 9일 00시,수요일,인천광역시 미추홀구 주안동,부상신고사고,0,0,0,1,차대사람 - 보도통행중,안전운전불이행,건조,맑음,기타 - 기타,기타불명,기타불명,미분류,기타불명,보행자,남,64세,부상신고
2018050900100010,2018년 5월 9일 00시,수요일,인천광역시 부평구 부평동,중상사고,0,1,0,0,차대차 - 기타,안전운전불이행,건조,맑음,단일로 - 기타,승용,남,58세,상해없음,자전거,남,20세,중상
2018050900100011,2018년 5월 9일 00시,수요일,인천광역시 남동구 간석동,중상사고,0,1,1,0,차대차 - 측면충돌,교차로운행방법위반,건조,맑음,교차로 - 교차로안,승용,남,20세,상해없음,승용,남,53세,경상
2018050900100019,2018년 5월 9일 01시,수요일,인천광역시 부평구 산곡동,중상사고,0,2,0,0,차대사람 - 기타,안전운전불이행,건조,기타,단일로 - 기타,승용,남,29세,중상,보행자,남,32세,중상
2018050900100031,2018년 5월 9일 04시,수요일,인천광역시 중구 인현동,중상사고,0,1,0,0,차대차 - 측면충돌,신호위반,건조,맑음,단일로 - 기타,승용,남,18세,상해없음,승용,여,62세,중상
2018050900100049,2018년 5월 9일 06시,수요일,인천광역시 미추홀구 주안동,경상사고,0,0,1,0,차대차 - 기타,신호위반,건조,맑음,교차로 - 교차로안,승용,여,48세,상해없음,승용,여,42세,경상
2018050900100072,2018년 5월 9일 07시,수요일,인천광역시 계양구 병방동,경상사고,0,0,1,0,차대사람 - 기타,안전운전불이행,건조,맑음,교차로 - 교차로부근,승용,여,34세,상해없음,보행자,여,77세,경상
2018050900100073,2018년 5월 9일 07시,수요일,인천광역시 부평구 갈산동,경상사고,0,0,3,0,차대차 - 추돌,안전운전불이행,건조,맑음,단일로 - 기타,화물,남,26세,상해없음,승용,남,41세,경상
2018050900100129,2018년 5월 9일 08시,수요일,인천광역시 중구 운서동,경상사고,0,0,1,0,차대차 - 측면충돌,신호위반,건조,맑음,교차로 - 교차로안,승용,남,49세,상해없음,승용,남,41세,경상
2018050900100130,2018년 5월 9일 08시,수요일,인천광역시 미추홀구 주안동,경상사고,0,0,1,0,차대사람 - 보도통행중,보행자보호의무위반,건조,맑음,기타 - 기타,승용,남,32세,상해없음,보행자,남,8세,경상
2018050900100131,2018년 5월 9일 08시,수요일,인천광역시 부평구 부평동,중상사고,0,1,0,0,차대사람 - 기타,기타,건조,맑음,기타 - 기타,화물,남,64세,상해없음,보행자,남,13세,중상
2018050900100164,2018년 5월 9일 09시,수요일,인천광역시 남동구 구월동,경상사고,0,0,1,0,차대차 - 측면충돌,안전운전불이행,건조,맑음,단일로 - 기타,자전거,남,77세,경상,승용,남,49세,상해없음
2018050900100165,2018년 5월 9일 09시,수요일,인천광역시 남동구 구월동,경상사고,0,0,2,0,차대차 - 기타,안전운전불이행,건조,맑음,단일로 - 기타,화물,여,61세,상해없음,승용,여,53세,경상
2018050900100166,2018년 5월 9일 09시,수요일,인천광역시 연수구 청학동,중상사고,0,1,0,0,차대사람 - 횡단중,안전운전불이행,건조,맑음,단일로 - 기타,승용,남,20세,상해없음,보행자,여,79세,중상
2018050900100218,2018년 5월 9일 11시,수요일,인천광역시 남동구 구월동,경상사고,0,0,1,0,차대차 - 기타,안전운전불이행,건조,맑음,단일로 - 기타,승용,여,51세,상해없음,승용,여,46세,경상
2018050900100250,2018년 5월 9일 12시,수요일,인천광역시 계양구 작전동,경상사고,0,0,1,0,차대차 - 측면충돌,교차로운행방법위반,건조,맑음,교차로 - 교차로부근,승용,남,53세,상해없음,이륜,남,21세,경상
2018050900100288,2018년 5월 9일 13시,수요일,인천광역시 중구 운서동,중상사고,0,1,1,0,차대차 - 측면충돌,신호위반,건조,맑음,교차로 - 교차로안,승용,여,23세,상해없음,승용,남,50세,경상
2018050900100289,2018년 5월 9일 13시,수요일,인천광역시 부평구 십정동,경상사고,0,0,1,0,차대차 - 기타,안전운전불이행,건조,맑음,단일로 - 기타,승합,남,59세,상해없음,승용,여,38세,경상
2018050900100397,2018년 5월 9일 16시,수요일,인천광역시 미추홀구 관교동,중상사고,0,1,0,0,차대사람 - 차도통행중,안전운전불이행,건조,맑음,교차로 - 교차로안,개인형이동수단(PM),남,34세,상해없음,보행자,여,67세,중상
2018050900100398,2018년 5월 9일 16시,수요일,인천광역시 서구 가좌동,경상사고,0,0,1,0,차대사람 - 횡단중,신호위반,건조,맑음,교차로 - 교차로횡단보도내,승합,남,61세,상해없음,보행자,남,11세,경상