사고번호,사고일시,요일,시군구,사고내용,사망자수,중상자수,경상자수,부상신고자수,사고유형,법규위반,노면상태,기상상태,도로형태,가해운전자 차종,가해운전자 성별,가해운전자 연령,가해운전자 상해정도,피해운전자 차종,피해운전자 성별,피해운전자 연령,피해운전자 상해정도
2018050900100452,2018년 5월 9일 17시,수요일,인천광역시 남동구 서창동,중상사고,0,1,0,0,차대차 - 측면충돌,안전운전불이행,건조,맑음,교차로 - 교차로안,기타불명,기타불명,미분류,기타불명,자전거,여,7세,중상
2018050900100496,2018년 5월 9일 18시,수요일,인천광역시 남동구 간석동,경상사고,0,0,1,0,차대차 - 추돌,안전운전불이행,건조,맑음,교차로 - 교차로부근,화물,남,60세,상해없음,승용,남,27세,경상
2018050900100524,2018년 5월 9일 19시,수요일,인천광역시 연수구 선학동,경상사고,0,0,2,0,차대차 - 측면충돌,안전거리미확보,건조,맑음,교차로 - 교차로안,승용,남,60세,상해없음,승용,남,53세,경상
2018050900100550,2018년 5월 9일 20시,수요일,인천광역시 부평구 일신동,중상사고,0,1,0,0,차대차 - 기타,차로위반,건조,맑음,단일로 - 교량,기타불명,기타불명,미분류,기타불명,승용,여,54세,상해없음
2018050900100590,2018년 5월 9일 21시,수요일,인천광역시 미추홀구 문학동,경상사고,0,0,3,0,차대차 - 기타,안전운전불이행,건조,맑음,교차로 - 교차로부근,승용,남,37세,경상,승용,여,42세,경상
2018051000100028,2018년 5월 10일 01시,목요일,인천광역시 남동구 서창동,중상사고,0,1,0,0,차대차 - 추돌,안전거리미확보,건조,맑음,단일로 - 교량,승용,남,35세,상해없음,화물,남,65세,중상
2018051000100034,2018년 5월 10일 02시,목요일,인천광역시 남동구 간석동,중상사고,0,1,0,0,차대차 - 측면충돌,중앙선침범,건조,맑음,교차로 - 교차로부근,이륜,남,30세,상해없음,승용,남,43세,상해없음
2018051000100051,2018년 5월 10일 05시,목요일,인천광역시 강화군 선원면,경상사고,0,0,1,0,차대차 - 측면충돌,안전운전불이행,건조,맑음,교차로 - 교차로안,승용,여,58세,상해없음,자전거,남,85세,경상
2018051000100093,2018년 5월 10일 07시,목요일,인천광역시 중구 신흥동1가,부상신고사고,0,0,0,1,차대차 - 측면충돌,안전거리미확보,건조,맑음,단일로 - 기타,기타불명,기타불명,미분류,기타불명,승용,남,60세,부상신고
2018051000100150,2018년 5월 10일 08시,목요일,인천광역시 서구 왕길동,중상사고,0,1,0,0,차대차 - 측면충돌,안전운전불이행,건조,맑음,단일로 - 기타,이륜,남,37세,중상,화물,남,47세,상해없음
2018051000100151,2018년 5월 10일 08시,목요일,인천광역시 부평구 부개동,중상사고,0,1,0,0,차대차 - 기타,안전운전불이행,건조,맑음,교차로 - 교차로안,승용,여,31세,상해없음,자전거,남,13세,중상
2018051000100152,2018년 5월 10일 08시,목요일,인천광역시 계양구 귤현동,경상사고,0,0,2,0,차대차 - 측면충돌,안전거리미확보,건조,맑음,단일로 - 교량,승합,남,65세,상해없음,승용,여,44세,경상
2018051000100203,2018년 5월 10일 10시,목요일,인천광역시 부평구 십정동,경상사고,0,0,1,0,차대차 - 기타,안전운전불이행,건조,맑음,교차로 - 교차로부근,이륜,남,19세,기타불명,승용,여,53세,경상
2018051000100275,2018년 5월 10일 12시,목요일,인천광역시 계양구 효성동,중상사고,0,1,0,0,차대사람 - 차도통행중,안전운전불이행,건조,맑음,교차로 - 교차로부근,승용,여,56세,상해없음,보행자,여,78세,중상
2018051000100308,2018년 5월 10일 13시,목요일,인천광역시 계양구 작전동,중상사고,0,1,0,0,차대차 - 추돌,안전거리미확보,건조,맑음,교차로 - 교차로안,승용,여,33세,상해없음,승용,여,38세,중상
2018051000100309,2018년 5월 10일 13시,목요일,인천광역시 남동구 만수동,경상사고,0,0,1,0,차대차 - 기타,안전운전불이행,건조,맑음,단일로 - 기타,승용,남,78세,경상,화물,남,46세,상해없음
2018051000100365,2018년 5월 10일 15시,목요일,인천광역시 남동구 구월동,경상사고,0,0,2,0,차대차 - 추돌,기타,건조,맑음,주차장 - 주차장,승용,여,50세,경상,승용,여,70세,경상
2018051000100463,2018년 5월 10일 17시,목요일,인천광역시 동구 송림동,중상사고,0,1,0,0,차대차 - 측면충돌,신호위반,건조,맑음,단일로 - 기타,승용,남,42세,상해없음,이륜,남,35세,중상
2018051000100464,2018년 5월 10일 17시,목요일,인천광역시 부평구 십정동,경상사고,0,0,1,0,차대사람 - 기타,안전운전불이행,건조,맑음,단일로 - 기타,승용,남,31세,상해없음,보행자,여,62세,경상
2018051000100465,2018년 5월 10일 17시,목요일,인천광역시 서구 석남동,경상사고,0,0,1,0,차대사람 - 기타,안전운전불이행,건조,맑음,기타 - 기타,이륜,남,16세,상해없음,보행자,남,6세,경상
2018051000100466,2018년 5월 10일 17시,목요일,인천광역시 계양구 용종동,중상사고,0,1,0,0,차대사람 - 횡단중,보행자보호의무위반,건조,맑음,단일로 - 기타,승용,여,55세,상해없음,보행자,여,37세,중상
2018051000100519,2018년 5월 10일 18시,목요일,인천광역시 남동구 구월동,경상사고,0,0,3,0,차대차 - 기타,차로위반,건조,맑음,기타 - 기타,승용,남,58세,상해없음,승용,여,34세,경상
2018051000100549,2018년 5월 10일 19시,목요일,인천광역시 서구 왕길동,경상사고,0,0,1,0,차대차 - 추돌,안전운전불이행,건조,맑음,단일로 - 기타,승용,여,28세,상해없음,승용,여,29세,경상
2018051000100582,2018년 5월 10일 20시,목요일,인천광역시 계양구 병방동,경상사고,0,0,2,0,차대차 - 기타,안전운전불이행,건조,맑음,교차로 - 교차로부근,이륜,남,52세,상해없음,승용,여,33세,경상
2018051000100609,2018년 5월 10일 21시,목요일,인천광역시 연수구 송도동,중상사고,0,1,0,0,차대사람 - 횡단중,보행자보호의무위반,건조,맑음,교차로 - 교차로횡단보도내,이륜,남,25세,상해없음,보행자,여,16세,중상
2018051000100610,2018년 5월 10일 21시,목요일,인천광역시 부평구 삼산동,중상사고,0,1,2,0,차대차 - 기타,신호위반,건조,맑음,교차로 - 교차로안,승용,남,63세,상해없음,이륜,남,34세,중상
2018051000100657,2018년 5월 10일 23시,목요일,인천광역시 연수구 송도동,중상사고,0,2,0,0,차대차 - 정면충돌,중앙선침범,건조,맑음,단일로 - 기타,승용,남,38세,중상,승용,남,39세,중상
2018051100100013,2018년 5월 11일 00시,금요일,인천광역시 중구 중앙동4가,경상사고,0,0,1,0,차대차 - 후진중충돌,안전운전불이행,건조,흐림,교차로 - 교차로부근,승용,남,32세,상해없음,승용,남,59세,경상
2018051100100050,2018년 5월 11일 05시,금요일,인천광역시 미추홀구 숭의동,경상사고,0,0,1,0,차대사람 - 횡단중,안전운전불이행,건조,맑음,교차로 - 교차로횡단보도내,승용,여,65세,상해없음,보행자,남,76세,경상
2018051100100051,2018년 5월 11일 05시,금요일,인천광역시 남동구 논현동,경상사고,0,0,1,0,차대차 - 측면충돌,교차로운행방법위반,건조,맑음,교차로 - 교차로안,승용,남,74세,상해없음,승용,남,49세,경상
2018051100100116,2018년 5월 11일 08시,금요일,인천광역시 남동구 만수동,경상사고,0,0,1,0,차대사람 - 기타,안전운전불이행,건조,맑음,단일로 - 기타,승용,남,37세,상해없음,보행자,남,14세,경상
2018051100100117,2018년 5월 11일 08시,금요일,인천광역시 남동구 만수동,경상사고,0,0,1,0,차대사람 - 기타,안전운전불이행,건조,맑음,기타 - 기타,승용,남,55세,상해없음,보행자,여,39세,경상
2018051100100118,2018년 5월 11일 08시,금요일,인천광역시 서구 가좌동,경상사고,0,0,1,0,차대차 - 기타,안전운전불이행,건조,맑음,교차로 - 교차로부근,승용,여,33세,상해없음,승용,여,49세,경상
2018051100100119,2018년 5월 11일 08시,금요일,인천광역시 강화군 강화읍,경상사고,0,0,2,0,차대차 - 측면충돌,교차로운행방법위반,건조,맑음,교차로 - 교차로안,승용,여,48세,상해없음,승용,남,51세,경상
2018051100100120,2018년 5월 11일 08시,금요일,인천광역시 부평구 구산동,경상사고,0,0,1,0,차대차 - 측면충돌,안전운전불이행,건조,맑음,단일로 - 기타,승용,남,44세,기타불명,화물,남,48세,경상
2018051100100196,2018년 5월 11일 10시,금요일,인천광역시 미추홀구 주안동,경상사고,0,0,2,0,차대차 - 측면충돌,안전운전불이행,건조,맑음,단일로 - 기타,승용,남,64세,상해없음,승용,남,27세,경상
2018051100100197,2018년 5월 11일 10시,금요일,인천광역시 남동구 구월동,경상사고,0,0,1,0,차대차 - 기타,교차로운행방법위반,건조,맑음,교차로 - 교차로안,승용,남,36세,상해없음,승용,남,65세,경상
2018051100100228,2018년 5월 11일 11시,금요일,인천광역시 서구 석남동,중상사고,0,1,0,0,차대차 - 측면충돌,안전운전불이행,건조,맑음,단일로 - 기타,승용,여,48세,상해없음,이륜,여,50세,중상
2018051100100266,2018년 5월 11일 12시,금요일,인천광역시 남동구 논현동,경상사고,0,0,1,1,차대차 - 측면충돌,신호위반,건조,맑음,교차로 - 교차로안,승합,남,51세,상해없음,승용,남,69세,경상
2018051100100267,2018년 5월 11일 12시,금요일,인천광역시 남동구 장수동,경상사고,0,0,2,0,차대차 - 측면충돌,교차로운행방법위반,건조,맑음,교차로 - 교차로부근,승용,남,59세,상해없음,승용,남,46세,경상
2018051100100301,2018년 5월 11일 13시,금요일,인천광역시 중구 중산동,부상신고사고,0,0,0,1,차대차 - 측면충돌,신호위반,건조,맑음,교차로 - 교차로안,승용,남,76세,상해없음,승용,남,60세,부상신고
2018051100100302,2018년 5월 11일 13시,금요일,인천광역시 서구 오류동,중상사고,0,1,0,0,차대차 - 측면충돌,신호위반,건조,맑음,교차로 - 교차로안,화물,남,32세,상해없음,화물,남,66세,중상
2018051100100333,2018년 5월 11일 14시,금요일,인천광역시 남동구 구월동,경상사고,0,0,1,0,차대사람 - 횡단중,안전운전불이행,건조,맑음,교차로 - 교차로부근,승용,남,69세,상해없음,보행자,남,42세,경상
2018051100100334,2018년 5월 11일 14시,금요일,인천광역시 연수구 송도동,중상사고,0,2,1,0,차대차 - 측면충돌,신호위반,건조,맑음,교차로 - 교차로안,승용,여,37세,상해없음,승용,여,65세,중상
2018051100100369,2018년 5월 11일 15시,금요일,인천광역시 서구 경서동,경상사고,0,0,1,0,차대차 - 측면충돌,안전운전불이행,건조,맑음,교차로 - 교차로부근,승합,남,74세,상해없음,특수,남,52세,경상
2018051100100415,2018년 5월 11일 16시,금요일,인천광역시 남동구 만수동,경상사고,0,0,1,0,차대차 - 측면충돌,안전운전불이행,건조,맑음,교차로 - 교차로안,승용,여,36세,상해없음,승용,여,47세,경상
2018051100100416,2018년 5월 11일 16시,금요일,인천광역시 계양구 작전동,경상사고,0,0,1,0,차대사람 - 횡단중,신호위반,건조,맑음,교차로 - 교차로횡단보도내,승용,남,28세,상해없음,보행자,남,10세,경상
2018051100100454,2018년 5월 11일 17시,금요일,인천광역시 동구 금곡동,경상사고,0,0,1,0,차대사람 - 횡단중,보행자보호의무위반,건조,맑음,교차로 - 교차로횡단보도내,승용,남,63세,상해없음,보행자,남,50세,경상
2018051100100455,2018년 5월 11일 17시,금요일,인천광역시 서구 검암동,중상사고,0,1,0,2,차대차 - 측면충돌,교차로운행방법위반,건조,맑음,교차로 - 교차로안,승용,여,63세,상해없음,승합,남,47세,부상신고
2018051100100494,2018년 5월 11일 18시,금요일,인천광역시 부평구 십정동,경상사고,0,0,1,0,차대차 - 측면충돌,교차로운행방법위반,건조,맑음,교차로 - 교차로안,승용,여,53세,기타불명,승용,남,36세,경상
2018051100100576,2018년 5월 11일 20시,금요일,인천광역시 부평구 부평동,경상사고,0,0,1,0,차대사람 - 기타,안전운전불이행,건조,맑음,단일로 - 기타,승용,여,21세,상해없음,보행자,여,25세,경상
2018051100100577,2018년 5월 11일 20시,금요일,인천광역시 계양구 효성동,중상사고,0,1,0,1,차대사람 - 횡단중,안전운전불이행,건조,흐림,교차로 - 교차로부근,화물,남,62세,상해없음,보행자,여,35세,중상
2018051100100606,2018년 5월 11일 21시,금요일,인천광역시 부평구 부평동,경상사고,0,0,1,0,차대차 - 측면충돌,중앙선침범,건조,맑음,교차로 - 교차로부근,승합,남,69세,상해없음,화물,남,38세,경상
2018051100100640,2018년 5월 11일 22시,금요일,인천광역시 미추홀구 도화동,중상사고,0,1,0,0,차대사람 - 횡단중,안전운전불이행,건조,맑음,교차로 - 교차로안,승용,남,59세,상해없음,보행자,남,54세,중상
2018051100100641,2018년 5월 11일 22시,금요일,인천광역시 남동구 간석동,경상사고,0,0,2,0,차대차 - 정면충돌,신호위반,건조,맑음,교차로 - 교차로안,이륜,남,17세,경상,승용,여,48세,경상
2018051100100666,2018년 5월 11일 23시,금요일,인천광역시 계양구 박촌동,경상사고,0,0,1,0,차대차 - 기타,안전운전불이행,건조,맑음,단일로 - 기타,기타불명,기타불명,미분류,기타불명,자전거,남,19세,경상
2018051200100035,2018년 5월 12일 01시,토요일,인천광역시 서구 신현동,중상사고,0,1,0,0,차대차 - 추돌,안전운전불이행,건조,맑음,단일로 - 기타,승합,남,42세,상해없음,승용,여,50세,중상
2018051200100056,2018년 5월 12일 02시,토요일,인천광역시 남동구 구월동,경상사고,0,0,2,0,차대차 - 기타,중앙선침범,건조,맑음,단일로 - 기타,자전거,남,12세,상해없음,승용,남,59세,상해없음
2018051200100089,2018년 5월 12일 05시,토요일,인천광역시 계양구 귤현동,중상사고,0,1,1,0,차대차 - 정면충돌,중앙선침범,젖음/습기,비,단일로 - 기타,승용,남,27세,경상,승용,여,59세,중상
2018051200100090,2018년 5월 12일 05시,토요일,인천광역시 계양구 작전동,경상사고,0,0,1,0,차대차 - 측면충돌,안전거리미확보,젖음/습기,비,단일로 - 기타,승용,남,34세,상해없음,승용,남,44세,경상
2018051200100119,2018년 5월 12일 07시,토요일,인천광역시 서구 원당동,경상사고,0,0,1,0,차대차 - 기타,교차로운행방법위반,건조,맑음,단일로 - 기타,승합,남,41세,상해없음,승용,남,35세,경상
2018051200100120,2018년 5월 12일 07시,토요일,인천광역시 계양구 계산동,중상사고,0,1,0,0,차대차 - 추돌,안전거리미확보,젖음/습기,비,교차로 - 교차로부근,화물,남,25세,상해없음,승용,남,52세,중상
2018051200100142,2018년 5월 12일 08시,토요일,인천광역시 서구 검암동,경상사고,0,0,1,0,차대차 - 측면충돌,차로위반,젖음/습기,비,단일로 - 기타,기타불명,기타불명,미분류,기타불명,승용,남,46세,경상
2018051200100143,2018년 5월 12일 08시,토요일,인천광역시 계양구 하야동,경상사고,0,0,2,0,차대차 - 기타,안전운전불이행,젖음/습기,비,단일로 - 기타,화물,남,65세,상해없음,승합,남,60세,경상
2018051200100197,2018년 5월 12일 10시,토요일,인천광역시 중구 항동7가,경상사고,0,0,1,0,차대차 - 측면충돌,안전거리미확보,젖음/습기,비,교차로 - 교차로부근,화물,남,69세,상해없음,승용,남,49세,경상
2018051200100222,2018년 5월 12일 11시,토요일,인천광역시 연수구 연수동,경상사고,0,0,1,0,차대차 - 추돌,안전운전불이행,젖음/습기,비,단일로 - 기타,승용,여,47세,상해없음,승용,남,43세,경상
2018051200100290,2018년 5월 12일 13시,토요일,인천광역시 중구 운북동,중상사고,0,1,1,0,차대차 - 측면충돌,교차로운행방법위반,건조,맑음,교차로 - 교차로안,승용,남,51세,상해없음,승용,여,51세,중상
2018051200100291,2018년 5월 12일 13시,토요일,인천광역시 강화군 양도면,경상사고,0,0,1,0,차대사람 - 길가장자리구역통행중,안전운전불이행,건조,맑음,교차로 - 교차로안,승용,남,57세,상해없음,보행자,남,82세,경상
2018051200100292,2018년 5월 12일 13시,토요일,인천광역시 남동구 수산동,경상사고,0,0,1,0,차대사람 - 기타,안전운전불이행,젖음/습기,비,교차로 - 교차로안,승용,여,58세,상해없음,보행자,여,32세,경상
2018051200100404,2018년 5월 12일 16시,토요일,인천광역시 남동구 구월동,경상사고,0,0,1,0,차대차 - 기타,안전운전불이행,젖음/습기,비,교차로 - 교차로안,승용,여,47세,상해없음,승용,여,42세,경상
2018051200100405,2018년 5월 12일 16시,토요일,인천광역시 연수구 동춘동,경상사고,0,0,1,0,차대차 - 측면충돌,안전거리미확보,젖음/습기,비,단일로 - 기타,승용,남,39세,상해없음,승합,남,31세,경상
2018051200100483,2018년 5월 12일 18시,토요일,인천광역시 중구 운서동,경상사고,0,0,1,0,차대사람 - 횡단중,신호위반,젖음/습기,비,단일로 - 기타,승용,남,59세,상해없음,보행자,남,35세,경상
2018051200100484,2018년 5월 12일 18시,토요일,인천광역시 부평구 부평동,경상사고,0,0,1,0,차대차 - 측면충돌,안전운전불이행,건조,맑음,단일로 - 기타,승용,남,46세,상해없음,이륜,남,25세,경상
2018051200100536,2018년 5월 12일 19시,토요일,인천광역시 미추홀구 문학동,부상신고사고,0,0,0,1,차대차 - 측면충돌,안전운전불이행,젖음/습기,비,교차로 - 교차로안,이륜,남,23세,부상신고,승합,남,35세,상해없음
2018051200100580,2018년 5월 12일 20시,토요일,인천광역시 부평구 부평동,경상사고,0,0,2,0,차대사람 - 횡단중,안전운전불이행,젖음/습기,비,교차로 - 교차로안,승용,남,57세,상해없음,보행자,여,48세,경상
2018051200100581,2018년 5월 12일 20시,토요일,인천광역시 남동구 구월동,경상사고,0,0,2,0,차대차 - 후진중충돌,안전운전불이행,젖음/습기,비,단일로 - 기타,승용,남,27세,상해없음,승용,남,30세,경상
2018051200100582,2018년 5월 12일 20시,토요일,인천광역시 남동구 고잔동,중상사고,0,1,1,0,차량단독 - 공작물충돌,과속,젖음/습기,비,단일로 - 기타,승용,남,68세,경상,,,,
2018051200100583,2018년 5월 12일 20시,토요일,인천광역시 남동구 논현동,경상사고,0,0,1,0,차대차 - 측면충돌,안전거리미확보,젖음/습기,비,교차로 - 교차로부근,승용,남,65세,상해없음,승용,여,58세,경상
2018051200100627,2018년 5월 12일 21시,토요일,인천광역시 옹진군 백령면,경상사고,0,0,1,0,차대차 - 측면충돌,중앙선침범,건조,맑음,단일로 - 기타,승용,남,23세,경상,화물,남,44세,상해없음
2018051200100628,2018년 5월 12일 21시,토요일,인천광역시 남동구 구월동,경상사고,0,0,1,0,차대차 - 기타,안전운전불이행,건조,맑음,주차장 - 주차장,승용,남,45세,상해없음,승용,여,46세,경상
2018051200100629,2018년 5월 12일 21시,토요일,인천광역시 서구 연희동,경상사고,0,0,4,0,차대차 - 추돌,신호위반,젖음/습기,비,교차로 - 교차로안,승용,남,55세,기타불명,승용,여,47세,경상
2018051200100630,2018년 5월 12일 21시,토요일,인천광역시 서구 석남동,경상사고,0,0,1,0,차대차 - 후진중충돌,안전운전불이행,젖음/습기,비,기타 - 기타,승용,남,60세,상해없음,승용,남,26세,경상
2018051200100631,2018년 5월 12일 21시,토요일,인천광역시 남동구 만수동,경상사고,0,0,2,0,차대차 - 측면충돌,신호위반,젖음/습기,비,교차로 - 교차로안,승용,남,59세,상해없음,승용,여,55세,경상
2018051200100675,2018년 5월 12일 22시,토요일,인천광역시 서구 심곡동,경상사고,0,0,1,0,차대차 - 추돌,안전운전불이행,건조,맑음,단일로 - 기타,승용,남,26세,상해없음,승용,남,29세,경상
2018051300100019,2018년 5월 13일 00시,일요일,인천광역시 서구 공촌동,경상사고,0,0,1,0,차대차 - 측면충돌,안전운전불이행,젖음/습기,비,단일로 - 기타,승용,남,49세,상해없음,승용,남,44세,경상
2018051300100042,2018년 5월 13일 01시,일요일,인천광역시 미추홀구 주안동,부상신고사고,0,0,0,1,차대사람 - 길가장자리구역통행중,안전운전불이행,기타,기타,단일로 - 기타,기타불명,기타불명,미분류,기타불명,보행자,남,54세,부상신고
2018051300100105,2018년 5월 13일 07시,일요일,인천광역시 서구 심곡동,경상사고,0,0,1,0,차대사람 - 횡단중,교차로운행방법위반,건조,맑음,교차로 - 교차로안,승합,남,52세,상해없음,보행자,여,68세,경상
2018051300100132,2018년 5월 13일 09시,일요일,인천광역시 서구 오류동,중상사고,0,4,0,0,차대차 - 정면충돌,신호위반,건조,맑음,교차로 - 교차로안,승용,남,39세,중상,승용,남,52세,중상
2018051300100193,2018년 5월 13일 12시,일요일,인천광역시 서구 당하동,중상사고,0,1,0,0,차대차 - 측면충돌,신호위반,건조,맑음,교차로 - 교차로횡단보도내,승합,남,20세,상해없음,이륜,남,51세,중상
2018051300100216,2018년 5월 13일 13시,일요일,인천광역시 서구 오류동,경상사고,0,0,1,0,차대차 - 측면충돌,안전운전불이행,건조,맑음,교차로 - 교차로안,이륜,남,76세,상해없음,승용,남,34세,경상
2018051300100253,2018년 5월 13일 14시,일요일,인천광역시 부평구 부평동,중상사고,0,1,0,0,차대사람 - 횡단중,안전운전불이행,건조,맑음,교차로 - 교차로안,승용,남,35세,상해없음,보행자,남,90세 이상,중상
2018051300100329,2018년 5월 13일 16시,일요일,인천광역시 강화군 강화읍,중상사고,0,1,0,0,차대사람 - 기타,기타,건조,맑음,기타 - 기타,승용,남,54세,상해없음,보행자,여,71세,중상
2018051300100368,2018년 5월 13일 17시,일요일,인천광역시 미추홀구 주안동,경상사고,0,0,1,0,차대차 - 추돌,안전운전불이행,건조,맑음,단일로 - 기타,화물,남,54세,상해없음,승용,여,50세,경상
2018051300100397,2018년 5월 13일 18시,일요일,인천광역시 남동구 고잔동,경상사고,0,0,1,0,차대차 - 측면충돌,신호위반,건조,맑음,교차로 - 교차로안,승용,남,49세,상해없음,승용,남,49세,경상
2018051300100429,2018년 5월 13일 19시,일요일,인천광역시 연수구 송도동,경상사고,0,0,2,0,차대차 - 정면충돌,중앙선침범,건조,맑음,단일로 - 교량,승용,남,28세,상해없음,승용,남,28세,경상
2018051300100467,2018년 5월 13일 20시,일요일,인천광역시 남동구 간석동,경상사고,0,0,1,0,차대차 - 추돌,안전운전불이행,건조,맑음,교차로 - 교차로부근,화물,남,54세,상해없음,승용,남,35세,경상
2018051300100490,2018년 5월 13일 21시,일요일,인천광역시 서구 마전동,경상사고,0,0,1,0,차대차 - 기타,안전운전불이행,건조,맑음,교차로 - 교차로부근,승용,남,63세,상해없음,이륜,남,23세,경상
2018051400100005,2018년 5월 14일 00시,월요일,인천광역시 중구 을왕동,경상사고,0,0,2,0,차대차 - 측면충돌,안전운전불이행,건조,맑음,단일로 - 기타,승용,여,61세,상해없음,승용,남,25세,경상
2018051400100006,2018년 5월 14일 00시,월요일,인천광역시 계양구 효성동,경상사고,0,0,1,0,차대사람 - 횡단중,안전운전불이행,건조,맑음,교차로 - 교차로안,승합,남,51세,상해없음,보행자,남,20세,경상
2018051400100015,2018년 5월 14일 01시,월요일,인천광역시 부평구 청천동,경상사고,0,0,2,0,차대차 - 정면충돌,중앙선침범,건조,맑음,단일로 - 기타,승용,남,66세,상해없음,승용,남,62세,경상
2018051400100040,2018년 5월 14일 05시,월요일,인천광역시 부평구 산곡동,경상사고,0,0,1,0,차대차 - 기타,신호위반,건조,맑음,교차로 - 교차로안,승용,남,56세,상해없음,승용,남,49세,경상
2018051400100155,2018년 5월 14일 09시,월요일,인천광역시 중구 해안동1가,경상사고,0,0,1,0,차대사람 - 차도통행중,안전운전불이행,건조,맑음,교차로 - 교차로안,화물,남,60세,상해없음,보행자,남,31세,경상
2018051400100180,2018년 5월 14일 10시,월요일,인천광역시 서구 석남동,경상사고,0,0,2,0,차대차 - 정면충돌,안전운전불이행,건조,맑음,단일로 - 기타,승용,남,64세,상해없음,승용,남,47세,경상
2018051400100181,2018년 5월 14일 10시,월요일,인천광역시 계양구 작전동,경상사고,0,0,2,0,차대차 - 추돌,안전운전불이행,건조,맑음,교차로 - 교차로안,승용,남,70세,경상,화물,남,41세,경상
2018051400100244,2018년 5월 14일 12시,월요일,인천광역시 남동구 고잔동,경상사고,0,0,1,0,차대차 - 후진중충돌,안전운전불이행,건조,맑음,단일로 - 기타,건설기계,남,55세,상해없음,화물,남,25세,경상
2018051400100311,2018년 5월 14일 14시,월요일,인천광역시 부평구 부평동,경상사고,0,0,2,0,차대사람 - 기타,안전운전불이행,건조,맑음,교차로 - 교차로안,승용,남,55세,상해없음,보행자,여,38세,경상
2018051400100341,2018년 5월 14일 15시,월요일,인천광역시 미추홀구 주안동,중상사고,0,1,0,0,차대차 - 측면충돌,교차로운행방법위반,건조,맑음,교차로 - 교차로안,승용,남,37세,상해없음,이륜,남,48세,중상
2018051400100342,2018년 5월 14일 15시,월요일,인천광역시 남동구 구월동,경상사고,0,0,1,1,차대차 - 기타,안전운전불이행,건조,맑음,단일로 - 기타,승용,남,39세,상해없음,승용,여,39세,경상
2018051400100380,2018년 5월 14일 16시,월요일,인천광역시 미추홀구 주안동,경상사고,0,0,1,0,차대차 - 측면충돌,신호위반,건조,맑음,교차로 - 교차로안,승용,남,45세,상해없음,이륜,남,24세,경상
2018051400100423,2018년 5월 14일 17시,월요일,인천광역시 동구 화평동,중상사고,0,1,0,0,차대사람 - 횡단중,보행자보호의무위반,건조,맑음,단일로 - 기타,승용,여,26세,상해없음,보행자,남,11세,중상
2018051400100424,2018년 5월 14일 17시,월요일,인천광역시 서구 왕길동,경상사고,0,0,1,0,차대차 - 후진중충돌,안전운전불이행,건조,맑음,기타 - 기타,승용,여,48세,상해없음,이륜,남,35세,경상
2018051400100459,2018년 5월 14일 18시,월요일,인천광역시 서구 석남동,중상사고,0,2,2,0,차대차 - 추돌,안전거리미확보,건조,맑음,단일로 - 기타,승용,여,46세,중상,승용,남,48세,경상
2018051400100477,2018년 5월 14일 19시,월요일,인천광역시 미추홀구 도화동,부상신고사고,0,0,0,1,차대사람 - 기타,안전운전불이행,건조,맑음,단일로 - 기타,승용,남,63세,상해없음,보행자,여,25세,부상신고
2018051400100478,2018년 5월 14일 19시,월요일,인천광역시 서구 가좌동,경상사고,0,0,1,0,차대사람 - 길가장자리구역통행중,안전운전불이행,건조,맑음,기타 - 기타,기타불명,기타불명,미분류,기타불명,보행자,여,22세,경상
2018051400100515,2018년 5월 14일 20시,월요일,인천광역시 중구 운남동,경상사고,0,0,1,0,차대차 - 측면충돌,안전운전불이행,건조,맑음,교차로 - 교차로안,승용,남,60세,상해없음,자전거,남,30세,경상
2018051400100516,2018년 5월 14일 20시,월요일,인천광역시 미추홀구 숭의동,경상사고,0,0,1,0,차대차 - 측면충돌,신호위반,건조,맑음,교차로 - 교차로안,승용,남,52세,상해없음,원동기,남,24세,경상
2018051400100517,2018년 5월 14일 20시,월요일,인천광역시 서구 가좌동,경상사고,0,0,2,0,차대차 - 측면충돌,신호위반,건조,맑음,교차로 - 교차로안,자전거,남,32세,경상,이륜,남,39세,경상
2018051400100536,2018년 5월 14일 21시,월요일,인천광역시 서구 당하동,경상사고,0,0,1,0,차대사람 - 보도통행중,신호위반,건조,맑음,교차로 - 교차로횡단보도내,승용,남,21세,상해없음,보행자,남,75세,경상
2018051400100552,2018년 5월 14일 22시,월요일,인천광역시 연수구 송도동,경상사고,0,0,2,0,차대사람 - 횡단중,안전운전불이행,건조,맑음,교차로 - 교차로횡단보도내,승용,여,48세,상해없음,보행자,남,53세,경상
2018051400100553,2018년 5월 14일 22시,월요일,인천광역시 부평구 부평동,경상사고,0,0,1,0,차대차 - 추돌,안전운전불이행,건조,맑음,단일로 - 기타,기타불명,기타불명,미분류,기타불명,승용,여,62세,경상
2018051500100009,2018년 5월 15일 00시,화요일,인천광역시 서구 왕길동,경상사고,0,0,2,0,차대차 - 추돌,안전운전불이행,건조,맑음,교차로 - 교차로부근,화물,남,30세,상해없음,승용,남,60세,경상
2018051500100016,2018년 5월 15일 01시,화요일,인천광역시 부평구 부개동,중상사고,0,1,0,0,차량단독 - 기타,안전운전불이행,건조,맑음,교차로 - 교차로안,승용,남,62세,상해없음,,,,
2018051500100127,2018년 5월 15일 08시,화요일,인천광역시 미추홀구 도화동,중상사고,0,1,0,0,차대사람 - 횡단중,안전운전불이행,건조,맑음,단일로 - 기타,승용,남,67세,상해없음,보행자,여,76세,중상