사고번호,사고일시,요일,시군구,사고내용,사망자수,중상자수,경상자수,부상신고자수,사고유형,법규위반,노면상태,기상상태,도로형태,가해운전자 차종,가해운전자 성별,가해운전자 연령,가해운전자 상해정도,피해운전자 차종,피해운전자 성별,피해운전자 연령,피해운전자 상해정도
2018052000100206,2018년 5월 20일 12시,일요일,인천광역시 서구 마전동,경상사고,0,0,1,0,차대사람 - 횡단중,보행자보호의무위반,건조,맑음,교차로 - 교차로횡단보도내,승용,남,67세,상해없음,보행자,남,25세,경상
2018052000100237,2018년 5월 20일 13시,일요일,인천광역시 남동구 논현동,부상신고사고,0,0,0,1,차대사람 - 횡단중,보행자보호의무위반,건조,맑음,교차로 - 교차로안,기타불명,기타불명,미분류,기타불명,보행자,여,46세,부상신고
2018052000100375,2018년 5월 20일 18시,일요일,인천광역시 연수구 송도동,경상사고,0,0,2,0,차대차 - 측면충돌,안전운전불이행,건조,맑음,교차로 - 교차로안,승용,남,57세,기타불명,승용,남,37세,경상
2018052100100017,2018년 5월 21일 01시,월요일,인천광역시 남동구 간석동,경상사고,0,0,1,0,차대차 - 후진중충돌,안전운전불이행,건조,맑음,단일로 - 기타,승용,남,21세,상해없음,승용,남,52세,경상
2018052100100018,2018년 5월 21일 01시,월요일,인천광역시 부평구 구산동,경상사고,0,0,2,0,차대차 - 추돌,안전운전불이행,건조,맑음,교차로 - 교차로부근,승용,남,37세,상해없음,승용,남,63세,경상
2018052100100058,2018년 5월 21일 06시,월요일,인천광역시 계양구 효성동,중상사고,0,1,0,0,차대차 - 측면충돌,중앙선침범,건조,맑음,단일로 - 기타,승용,여,49세,상해없음,승용,여,47세,중상
2018052100100076,2018년 5월 21일 07시,월요일,인천광역시 서구 석남동,중상사고,0,1,0,0,차대사람 - 횡단중,안전운전불이행,건조,맑음,교차로 - 교차로안,화물,남,57세,상해없음,보행자,여,63세,중상
2018052100100117,2018년 5월 21일 08시,월요일,인천광역시 미추홀구 주안동,경상사고,0,0,1,0,차대차 - 측면충돌,안전운전불이행,건조,맑음,단일로 - 기타,승용,여,29세,기타불명,승용,남,28세,경상
2018052100100118,2018년 5월 21일 08시,월요일,인천광역시 계양구 작전동,경상사고,0,0,1,0,차대사람 - 기타,안전운전불이행,건조,맑음,단일로 - 기타,승합,남,53세,상해없음,보행자,여,52세,경상
2018052100100119,2018년 5월 21일 08시,월요일,인천광역시 계양구 임학동,경상사고,0,0,1,0,차대차 - 측면충돌,안전운전불이행,건조,맑음,단일로 - 기타,승용,남,36세,상해없음,승용,남,45세,경상
2018052100100219,2018년 5월 21일 11시,월요일,인천광역시 미추홀구 주안동,경상사고,0,0,1,0,차대차 - 추돌,안전운전불이행,건조,맑음,교차로 - 교차로안,승합,남,67세,상해없음,승용,남,25세,경상
2018052100100220,2018년 5월 21일 11시,월요일,인천광역시 부평구 산곡동,경상사고,0,0,2,0,차대차 - 측면충돌,안전운전불이행,건조,맑음,교차로 - 교차로부근,승용,남,66세,상해없음,승용,남,26세,경상
2018052100100294,2018년 5월 21일 13시,월요일,인천광역시 부평구 청천동,경상사고,0,0,1,0,차대차 - 기타,중앙선침범,건조,맑음,단일로 - 기타,화물,남,29세,상해없음,승용,남,57세,경상
2018052100100325,2018년 5월 21일 14시,월요일,인천광역시 미추홀구 학익동,경상사고,0,0,2,0,차대차 - 추돌,안전운전불이행,건조,맑음,교차로 - 교차로부근,승용,여,37세,상해없음,승용,남,50세,경상
2018052100100358,2018년 5월 21일 15시,월요일,인천광역시 부평구 십정동,경상사고,0,0,1,0,차대사람 - 기타,안전운전불이행,건조,맑음,단일로 - 기타,화물,남,33세,상해없음,보행자,여,63세,경상
2018052100100359,2018년 5월 21일 15시,월요일,인천광역시 남동구 장수동,경상사고,0,0,1,0,차대차 - 추돌,안전운전불이행,건조,맑음,교차로 - 교차로부근,승용,여,65세,상해없음,승용,여,31세,경상
2018052100100395,2018년 5월 21일 16시,월요일,인천광역시 서구 가정동,중상사고,0,1,0,0,차대차 - 측면충돌,안전운전불이행,건조,맑음,교차로 - 교차로안,승용,여,50세,상해없음,이륜,남,33세,중상
2018052100100434,2018년 5월 21일 17시,월요일,인천광역시 부평구 십정동,경상사고,0,0,1,0,차대차 - 기타,안전운전불이행,건조,맑음,단일로 - 기타,화물,남,43세,상해없음,승용,남,46세,경상
2018052100100435,2018년 5월 21일 17시,월요일,인천광역시 서구 마전동,경상사고,0,0,2,0,차대차 - 후진중충돌,안전운전불이행,건조,맑음,주차장 - 주차장,승용,여,45세,상해없음,승용,여,56세,경상
2018052100100436,2018년 5월 21일 17시,월요일,인천광역시 부평구 삼산동,경상사고,0,0,1,0,차대사람 - 기타,기타,건조,맑음,단일로 - 기타,승합,여,65세,상해없음,보행자,여,56세,경상
2018052100100437,2018년 5월 21일 17시,월요일,인천광역시 서구 오류동,경상사고,0,0,1,0,차대차 - 측면충돌,차로위반,건조,맑음,단일로 - 교량,화물,남,51세,상해없음,승용,남,57세,경상
2018052100100476,2018년 5월 21일 18시,월요일,인천광역시 부평구 삼산동,중상사고,0,1,0,0,차대사람 - 횡단중,보행자보호의무위반,건조,맑음,교차로 - 교차로안,승용,여,41세,상해없음,보행자,남,71세,중상
2018052100100501,2018년 5월 21일 19시,월요일,인천광역시 서구 연희동,경상사고,0,0,1,0,차대사람 - 횡단중,보행자보호의무위반,건조,맑음,교차로 - 교차로횡단보도내,화물,남,21세,상해없음,보행자,남,55세,경상
2018052100100564,2018년 5월 21일 21시,월요일,인천광역시 계양구 병방동,부상신고사고,0,0,0,2,차대차 - 측면충돌,안전운전불이행,건조,맑음,교차로 - 교차로부근,기타불명,남,미분류,상해없음,승용,여,38세,부상신고
2018052100100565,2018년 5월 21일 21시,월요일,인천광역시 연수구 송도동,중상사고,0,1,0,0,차대차 - 측면충돌,안전거리미확보,건조,맑음,교차로 - 교차로부근,승용,남,43세,상해없음,이륜,남,41세,중상
2018052200100010,2018년 5월 22일 00시,화요일,인천광역시 연수구 연수동,중상사고,0,1,0,0,차대사람 - 횡단중,신호위반,건조,맑음,교차로 - 교차로횡단보도내,이륜,남,21세,상해없음,보행자,남,19세,중상
2018052200100011,2018년 5월 22일 00시,화요일,인천광역시 남동구 만수동,경상사고,0,0,3,0,차대차 - 기타,안전운전불이행,건조,맑음,교차로 - 교차로부근,이륜,남,21세,상해없음,승용,여,32세,경상
2018052200100046,2018년 5월 22일 02시,화요일,인천광역시 남동구 구월동,중상사고,0,1,1,0,차대차 - 측면충돌,신호위반,건조,맑음,교차로 - 교차로안,승용,남,42세,상해없음,승용,남,57세,중상
2018052200100071,2018년 5월 22일 04시,화요일,인천광역시 서구 석남동,경상사고,0,0,2,0,차대차 - 기타,안전운전불이행,건조,맑음,단일로 - 기타,승용,남,36세,경상,승용,남,56세,경상
2018052200100100,2018년 5월 22일 06시,화요일,인천광역시 미추홀구 주안동,경상사고,0,0,2,0,차대차 - 기타,안전운전불이행,건조,맑음,단일로 - 기타,승용,남,65세,상해없음,승용,기타불명,미분류,기타불명
2018052200100136,2018년 5월 22일 08시,화요일,인천광역시 남동구 수산동,경상사고,0,0,1,0,차대차 - 추돌,안전운전불이행,건조,맑음,단일로 - 기타,승용,남,45세,상해없음,승용,여,43세,경상
2018052200100165,2018년 5월 22일 09시,화요일,인천광역시 서구 경서동,경상사고,0,0,1,0,차대차 - 측면충돌,신호위반,건조,맑음,교차로 - 교차로안,승용,남,18세,상해없음,승용,여,40세,경상
2018052200100456,2018년 5월 22일 18시,화요일,인천광역시 남동구 구월동,경상사고,0,0,1,0,차대차 - 기타,차로위반,건조,맑음,기타 - 기타,승용,여,28세,상해없음,승용,남,68세,상해없음
2018052200100492,2018년 5월 22일 19시,화요일,인천광역시 중구 북성동1가,경상사고,0,0,1,0,차대차 - 기타,안전운전불이행,건조,맑음,교차로 - 교차로안,승용,남,46세,상해없음,승합,남,38세,경상
2018052200100605,2018년 5월 22일 22시,화요일,인천광역시 서구 당하동,경상사고,0,0,1,0,차대차 - 측면충돌,신호위반,젖음/습기,비,교차로 - 교차로횡단보도내,승용,남,55세,상해없음,이륜,남,37세,경상
2018052200100627,2018년 5월 22일 23시,화요일,인천광역시 서구 불로동,중상사고,0,1,0,0,차대사람 - 기타,안전운전불이행,젖음/습기,비,교차로 - 교차로안,승용,남,55세,상해없음,보행자,여,35세,중상
2018052300100025,2018년 5월 23일 01시,수요일,인천광역시 서구 석남동,경상사고,0,0,2,0,차대차 - 기타,안전운전불이행,젖음/습기,비,교차로 - 교차로부근,승용,남,70세,상해없음,화물,남,47세,경상
2018052300100061,2018년 5월 23일 06시,수요일,인천광역시 부평구 산곡동,중상사고,0,1,1,0,차대사람 - 기타,안전운전불이행,건조,맑음,기타 - 기타,승용,남,66세,상해없음,보행자,여,83세,중상
2018052300100139,2018년 5월 23일 08시,수요일,인천광역시 서구 석남동,경상사고,0,0,1,0,차대차 - 추돌,안전운전불이행,건조,맑음,기타 - 기타,승용,남,62세,기타불명,자전거,남,49세,경상
2018052300100180,2018년 5월 23일 09시,수요일,인천광역시 계양구 계산동,중상사고,0,1,0,0,차대차 - 측면충돌,교차로운행방법위반,건조,맑음,교차로 - 교차로안,승용,남,59세,상해없음,승용,남,75세,중상
2018052300100210,2018년 5월 23일 10시,수요일,인천광역시 남동구 도림동,부상신고사고,0,0,0,1,차대차 - 측면충돌,안전거리미확보,건조,맑음,단일로 - 기타,이륜,남,37세,부상신고,화물,남,51세,상해없음
2018052300100245,2018년 5월 23일 11시,수요일,인천광역시 중구 신흥동3가,중상사고,0,1,0,0,차대차 - 측면충돌,안전운전불이행,건조,맑음,단일로 - 기타,특수,남,60세,상해없음,승용,여,54세,중상
2018052300100246,2018년 5월 23일 11시,수요일,인천광역시 남동구 구월동,경상사고,0,0,1,0,차대사람 - 기타,기타,건조,맑음,단일로 - 기타,화물,남,60세,상해없음,보행자,남,44세,경상
2018052300100365,2018년 5월 23일 14시,수요일,인천광역시 연수구 연수동,부상신고사고,0,0,0,1,차대사람 - 기타,안전운전불이행,건조,맑음,주차장 - 주차장,승용,여,67세,상해없음,보행자,여,63세,부상신고
2018052300100386,2018년 5월 23일 15시,수요일,인천광역시 남동구 구월동,경상사고,0,0,1,0,차대차 - 추돌,안전운전불이행,건조,맑음,단일로 - 기타,승용,남,39세,상해없음,승용,남,33세,경상
2018052300100424,2018년 5월 23일 16시,수요일,인천광역시 남동구 논현동,중상사고,0,1,0,0,차대차 - 측면충돌,안전거리미확보,건조,맑음,단일로 - 기타,승합,남,53세,상해없음,승용,남,59세,중상
2018052300100473,2018년 5월 23일 17시,수요일,인천광역시 계양구 둑실동,경상사고,0,0,1,0,차대차 - 기타,안전운전불이행,건조,맑음,단일로 - 기타,기타불명,기타불명,미분류,기타불명,이륜,남,52세,경상
2018052300100474,2018년 5월 23일 17시,수요일,인천광역시 부평구 구산동,경상사고,0,0,1,0,차대차 - 기타,신호위반,건조,맑음,교차로 - 교차로안,기타불명,기타불명,미분류,기타불명,이륜,남,34세,경상
2018052300100475,2018년 5월 23일 17시,수요일,인천광역시 부평구 구산동,경상사고,0,0,2,0,차대차 - 추돌,안전운전불이행,건조,맑음,단일로 - 기타,화물,남,48세,상해없음,승용,남,26세,경상
2018052300100529,2018년 5월 23일 18시,수요일,인천광역시 부평구 부평동,경상사고,0,0,2,0,차대차 - 기타,안전운전불이행,건조,맑음,단일로 - 기타,이륜,남,26세,경상,승합,남,50세,상해없음
2018052300100601,2018년 5월 23일 20시,수요일,인천광역시 미추홀구 숭의동,경상사고,0,0,1,0,차대차 - 기타,안전운전불이행,건조,맑음,교차로 - 교차로안,이륜,남,23세,기타불명,승용,남,34세,경상
2018052300100602,2018년 5월 23일 20시,수요일,인천광역시 계양구 작전동,경상사고,0,0,1,0,차대차 - 측면충돌,신호위반,건조,맑음,교차로 - 교차로안,승용,여,38세,상해없음,승용,남,22세,경상
2018052300100623,2018년 5월 23일 21시,수요일,인천광역시 남동구 논현동,중상사고,0,1,0,0,차대차 - 기타,안전운전불이행,건조,맑음,교차로 - 교차로부근,이륜,남,43세,중상,승용,남,28세,상해없음
2018052300100647,2018년 5월 23일 22시,수요일,인천광역시 남동구 서창동,경상사고,0,0,1,0,차대차 - 측면충돌,안전운전불이행,건조,맑음,교차로 - 교차로안,승용,남,47세,상해없음,승용,남,37세,경상
2018052300100657,2018년 5월 23일 23시,수요일,인천광역시 부평구 산곡동,경상사고,0,0,1,0,차대차 - 추돌,안전운전불이행,건조,맑음,교차로 - 교차로부근,승용,남,32세,상해없음,승용,여,44세,상해없음
2018052400100013,2018년 5월 24일 00시,목요일,인천광역시 미추홀구 용현동,중상사고,0,1,0,0,차대사람 - 횡단중,안전운전불이행,건조,맑음,교차로 - 교차로안,승용,남,61세,상해없음,보행자,남,54세,중상
2018052400100014,2018년 5월 24일 00시,목요일,인천광역시 서구 가정동,중상사고,0,1,2,0,차대차 - 측면충돌,신호위반,건조,맑음,교차로 - 교차로안,승용,남,57세,상해없음,승용,남,53세,중상
2018052400100015,2018년 5월 24일 00시,목요일,인천광역시 계양구 작전동,중상사고,0,2,1,1,차대차 - 측면충돌,신호위반,건조,맑음,교차로 - 교차로안,승용,남,59세,상해없음,승용,남,24세,중상
2018052400100027,2018년 5월 24일 01시,목요일,인천광역시 서구 검암동,경상사고,0,0,1,0,차대차 - 추돌,안전운전불이행,건조,맑음,교차로 - 교차로부근,승용,남,56세,상해없음,승용,남,66세,상해없음
2018052400100039,2018년 5월 24일 03시,목요일,인천광역시 중구 운서동,경상사고,0,0,7,0,차대차 - 측면충돌,신호위반,건조,맑음,단일로 - 기타,승용,남,63세,상해없음,승합,여,55세,상해없음
2018052400100085,2018년 5월 24일 07시,목요일,인천광역시 남동구 간석동,경상사고,0,0,1,0,차대차 - 측면충돌,신호위반,건조,맑음,교차로 - 교차로안,승용,여,24세,상해없음,승용,남,30세,경상
2018052400100086,2018년 5월 24일 07시,목요일,인천광역시 서구 당하동,중상사고,0,1,0,0,차대차 - 측면충돌,신호위반,건조,맑음,교차로 - 교차로안,승용,남,48세,상해없음,승용,남,40세,중상
2018052400100140,2018년 5월 24일 08시,목요일,인천광역시 중구 신흥동1가,경상사고,0,0,2,0,차대차 - 측면충돌,교차로운행방법위반,건조,맑음,교차로 - 교차로안,화물,남,61세,상해없음,승용,여,37세,경상
2018052400100242,2018년 5월 24일 11시,목요일,인천광역시 계양구 효성동,경상사고,0,0,1,0,차대사람 - 횡단중,안전운전불이행,건조,맑음,교차로 - 교차로부근,승용,남,67세,상해없음,보행자,여,63세,경상
2018052400100275,2018년 5월 24일 12시,목요일,인천광역시 부평구 산곡동,경상사고,0,0,1,0,차대차 - 기타,안전운전불이행,건조,맑음,교차로 - 교차로부근,승용,남,74세,상해없음,이륜,남,70세,경상
2018052400100276,2018년 5월 24일 12시,목요일,인천광역시 부평구 산곡동,경상사고,0,0,1,0,차대사람 - 기타,안전운전불이행,건조,맑음,기타 - 기타,승합,남,53세,상해없음,보행자,여,61세,경상
2018052400100277,2018년 5월 24일 12시,목요일,인천광역시 남동구 고잔동,경상사고,0,0,1,0,차대차 - 추돌,교차로운행방법위반,건조,맑음,단일로 - 기타,화물,남,57세,상해없음,승용,남,56세,경상
2018052400100492,2018년 5월 24일 18시,목요일,인천광역시 중구 운서동,경상사고,0,0,3,0,차대차 - 측면충돌,교차로운행방법위반,건조,맑음,교차로 - 교차로안,승용,여,64세,상해없음,승용,여,39세,경상
2018052400100557,2018년 5월 24일 20시,목요일,인천광역시 미추홀구 주안동,중상사고,0,1,0,0,차대차 - 측면충돌,안전운전불이행,건조,맑음,교차로 - 교차로부근,승용,남,68세,상해없음,이륜,남,52세,중상
2018052400100611,2018년 5월 24일 22시,목요일,인천광역시 연수구 송도동,경상사고,0,0,2,0,차대차 - 측면충돌,신호위반,건조,맑음,교차로 - 교차로안,화물,남,70세,상해없음,승용,남,23세,경상
2018052500100014,2018년 5월 25일 00시,금요일,인천광역시 미추홀구 용현동,부상신고사고,0,0,0,1,차량단독 - 전도전복 - 전도,안전운전불이행,건조,맑음,교차로 - 교차로부근,이륜,남,23세,부상신고,미분류,미분류,미분류,미분류
2018052500100030,2018년 5월 25일 01시,금요일,인천광역시 미추홀구 용현동,경상사고,0,0,1,1,차대차 - 추돌,안전운전불이행,건조,맑음,단일로 - 기타,승용,남,49세,상해없음,승용,남,50세,경상
2018052500100058,2018년 5월 25일 04시,금요일,인천광역시 연수구 청학동,중상사고,0,2,1,0,차대차 - 측면충돌,신호위반,건조,맑음,교차로 - 교차로부근,승용,여,63세,상해없음,승용,여,58세,경상
2018052500100136,2018년 5월 25일 08시,금요일,인천광역시 부평구 부평동,중상사고,0,1,0,0,차대차 - 기타,안전운전불이행,건조,맑음,단일로 - 기타,승용,여,53세,상해없음,승용,여,45세,중상
2018052500100137,2018년 5월 25일 08시,금요일,인천광역시 연수구 선학동,중상사고,0,1,0,0,차대사람 - 길가장자리구역통행중,교차로운행방법위반,건조,맑음,교차로 - 교차로안,승용,여,35세,상해없음,보행자,남,73세,중상
2018052500100178,2018년 5월 25일 09시,금요일,인천광역시 서구 가좌동,경상사고,0,0,1,0,차대차 - 측면충돌,안전운전불이행,건조,맑음,교차로 - 교차로부근,승합,남,33세,상해없음,승용,남,36세,경상
2018052500100179,2018년 5월 25일 09시,금요일,인천광역시 계양구 작전동,경상사고,0,0,1,0,차대차 - 측면충돌,안전운전불이행,건조,맑음,교차로 - 교차로안,승용,남,42세,상해없음,승용,여,51세,경상
2018052500100180,2018년 5월 25일 09시,금요일,인천광역시 중구 항동1가,중상사고,0,1,0,0,차대차 - 추돌,안전운전불이행,건조,맑음,단일로 - 기타,화물,남,59세,상해없음,승용,여,25세,중상
2018052500100220,2018년 5월 25일 10시,금요일,인천광역시 계양구 장기동,중상사고,0,1,1,0,차대차 - 측면충돌,안전운전불이행,건조,맑음,단일로 - 기타,승합,남,56세,상해없음,이륜,남,76세,경상
2018052500100248,2018년 5월 25일 11시,금요일,인천광역시 옹진군 연평면,중상사고,0,1,0,0,차대사람 - 기타,기타,건조,맑음,단일로 - 기타,화물,남,51세,상해없음,보행자,남,57세,중상
2018052500100249,2018년 5월 25일 11시,금요일,인천광역시 미추홀구 용현동,경상사고,0,0,1,0,차대차 - 측면충돌,안전운전불이행,건조,맑음,교차로 - 교차로안,승용,남,51세,상해없음,승용,남,43세,경상
2018052500100250,2018년 5월 25일 11시,금요일,인천광역시 미추홀구 숭의동,중상사고,0,1,0,0,차대사람 - 기타,안전운전불이행,건조,맑음,기타 - 기타,승용,남,30세,상해없음,보행자,여,81세,중상
2018052500100252,2018년 5월 25일 11시,금요일,인천광역시 강화군 양도면,경상사고,0,0,1,0,차대차 - 기타,안전운전불이행,건조,맑음,단일로 - 기타,승용,남,61세,상해없음,농기계,남,55세,경상
2018052500100311,2018년 5월 25일 13시,금요일,인천광역시 미추홀구 주안동,경상사고,0,0,2,0,차대사람 - 기타,안전운전불이행,건조,맑음,단일로 - 기타,화물,남,47세,상해없음,보행자,여,87세,경상
2018052500100424,2018년 5월 25일 16시,금요일,인천광역시 남동구 구월동,부상신고사고,0,0,0,1,차대사람 - 횡단중,안전운전불이행,건조,맑음,기타 - 기타,자전거,남,6세,상해없음,보행자,여,5세,부상신고
2018052500100425,2018년 5월 25일 16시,금요일,인천광역시 서구 마전동,경상사고,0,0,1,0,차대사람 - 횡단중,보행자보호의무위반,건조,맑음,교차로 - 교차로횡단보도내,승용,남,55세,상해없음,보행자,남,10세,경상
2018052500100477,2018년 5월 25일 17시,금요일,인천광역시 남동구 구월동,경상사고,0,0,1,0,차대사람 - 길가장자리구역통행중,안전운전불이행,건조,맑음,단일로 - 기타,승용,남,29세,상해없음,보행자,여,7세,경상
2018052500100519,2018년 5월 25일 18시,금요일,인천광역시 미추홀구 도화동,부상신고사고,0,0,0,1,차대차 - 기타,안전운전불이행,건조,맑음,기타 - 기타,승용,남,36세,기타불명,이륜,남,25세,부상신고
2018052500100520,2018년 5월 25일 18시,금요일,인천광역시 미추홀구 주안동,경상사고,0,0,1,0,차대차 - 측면충돌,안전운전불이행,건조,맑음,교차로 - 교차로안,승용,여,33세,상해없음,승용,여,29세,경상
2018052500100521,2018년 5월 25일 18시,금요일,인천광역시 서구 가정동,중상사고,0,1,0,0,차대사람 - 횡단중,안전운전불이행,건조,맑음,단일로 - 기타,승용,남,22세,상해없음,보행자,남,52세,중상
2018052500100560,2018년 5월 25일 19시,금요일,인천광역시 옹진군 영흥면,경상사고,0,0,3,0,차대차 - 측면충돌,안전거리미확보,건조,맑음,단일로 - 기타,승용,남,59세,상해없음,승합,남,59세,상해없음
2018052500100593,2018년 5월 25일 20시,금요일,인천광역시 남동구 구월동,경상사고,0,0,1,0,차대사람 - 횡단중,신호위반,건조,맑음,단일로 - 기타,승용,여,48세,상해없음,보행자,남,28세,경상
2018052500100631,2018년 5월 25일 21시,금요일,인천광역시 부평구 부평동,경상사고,0,0,1,0,차대사람 - 기타,안전운전불이행,건조,맑음,단일로 - 기타,이륜,남,18세,상해없음,보행자,여,19세,경상
2018052500100688,2018년 5월 25일 23시,금요일,인천광역시 남동구 구월동,경상사고,0,0,1,0,차대차 - 측면충돌,안전운전불이행,건조,맑음,단일로 - 기타,승용,남,63세,상해없음,화물,남,38세,경상
2018052600100038,2018년 5월 26일 01시,토요일,인천광역시 계양구 용종동,경상사고,0,0,1,0,차대차 - 추돌,안전운전불이행,건조,맑음,교차로 - 교차로부근,화물,남,35세,상해없음,승용,남,42세,경상
2018052600100089,2018년 5월 26일 05시,토요일,인천광역시 서구 원당동,경상사고,0,0,1,0,차대차 - 측면충돌,안전운전불이행,건조,맑음,교차로 - 교차로안,승용,남,24세,상해없음,승용,남,65세,경상
2018052600100107,2018년 5월 26일 06시,토요일,인천광역시 남동구 만수동,경상사고,0,0,1,0,차대사람 - 기타,안전운전불이행,건조,맑음,단일로 - 기타,승합,남,55세,상해없음,보행자,남,44세,경상
2018052600100129,2018년 5월 26일 07시,토요일,인천광역시 옹진군 영흥면,중상사고,0,1,1,0,차대차 - 측면충돌,안전운전불이행,건조,맑음,교차로 - 교차로부근,승용,여,47세,상해없음,화물,남,48세,중상
2018052600100187,2018년 5월 26일 09시,토요일,인천광역시 남동구 간석동,중상사고,0,1,0,0,차대차 - 추돌,안전운전불이행,건조,맑음,기타 - 기타,승용,여,28세,상해없음,승용,남,67세,중상
2018052600100250,2018년 5월 26일 11시,토요일,인천광역시 남동구 장수동,경상사고,0,0,1,0,차대차 - 측면충돌,차로위반,건조,맑음,단일로 - 기타,특수,남,45세,상해없음,승용,여,38세,경상
2018052600100332,2018년 5월 26일 13시,토요일,인천광역시 동구 화수동,경상사고,0,0,1,0,차대차 - 기타,교차로운행방법위반,건조,맑음,단일로 - 기타,승용,남,61세,상해없음,이륜,남,33세,경상
2018052600100365,2018년 5월 26일 14시,토요일,인천광역시 미추홀구 도화동,중상사고,0,1,0,0,차대차 - 측면충돌,중앙선침범,건조,맑음,교차로 - 교차로부근,승용,남,57세,상해없음,승용,남,20세,중상
2018052600100366,2018년 5월 26일 14시,토요일,인천광역시 남동구 구월동,경상사고,0,0,1,0,차대차 - 측면충돌,직진우회전진행방해,건조,맑음,교차로 - 교차로안,승용,남,65세,상해없음,이륜,남,16세,경상
2018052600100367,2018년 5월 26일 14시,토요일,인천광역시 남동구 만수동,경상사고,0,0,1,0,차대차 - 기타,안전운전불이행,건조,맑음,단일로 - 기타,화물,남,68세,상해없음,승용,여,47세,경상
2018052600100405,2018년 5월 26일 15시,토요일,인천광역시 서구 원창동,중상사고,0,1,0,0,차대사람 - 보도통행중,교차로운행방법위반,건조,맑음,단일로 - 기타,화물,남,59세,상해없음,보행자,남,47세,중상
2018052600100406,2018년 5월 26일 15시,토요일,인천광역시 강화군 양도면,경상사고,0,0,2,0,차대차 - 측면충돌,안전운전불이행,건조,맑음,교차로 - 교차로부근,승용,남,27세,상해없음,승합,남,37세,경상
2018052600100407,2018년 5월 26일 15시,토요일,인천광역시 계양구 효성동,경상사고,0,0,4,0,차대차 - 추돌,안전운전불이행,건조,맑음,단일로 - 교량,화물,남,45세,상해없음,승용,남,29세,경상
2018052600100501,2018년 5월 26일 17시,토요일,인천광역시 남동구 간석동,경상사고,0,0,1,0,차대차 - 추돌,안전운전불이행,건조,맑음,단일로 - 고가도로위,승용,남,48세,상해없음,승용,남,40세,경상
2018052600100502,2018년 5월 26일 17시,토요일,인천광역시 미추홀구 용현동,경상사고,0,0,2,0,차대차 - 추돌,안전거리미확보,건조,맑음,단일로 - 기타,승용,남,66세,상해없음,승용,여,35세,경상
2018052600100503,2018년 5월 26일 17시,토요일,인천광역시 남동구 고잔동,경상사고,0,0,5,0,차대차 - 추돌,안전운전불이행,건조,맑음,단일로 - 지하차도(도로)내,승용,남,25세,상해없음,승용,남,48세,경상
2018052600100549,2018년 5월 26일 18시,토요일,인천광역시 남동구 구월동,경상사고,0,0,3,0,차대차 - 측면충돌,안전운전불이행,건조,맑음,교차로 - 교차로안,승용,남,38세,상해없음,승용,여,53세,경상
2018052600100576,2018년 5월 26일 19시,토요일,인천광역시 미추홀구 숭의동,중상사고,0,1,0,0,차대차 - 측면충돌,신호위반,건조,맑음,교차로 - 교차로안,승용,남,23세,상해없음,이륜,남,46세,중상
2018052600100595,2018년 5월 26일 20시,토요일,인천광역시 중구 덕교동,경상사고,0,0,1,0,차대사람 - 기타,안전운전불이행,건조,맑음,단일로 - 기타,승용,남,48세,상해없음,보행자,남,34세,경상
2018052600100596,2018년 5월 26일 20시,토요일,인천광역시 남동구 구월동,경상사고,0,0,3,0,차대차 - 추돌,안전운전불이행,건조,맑음,교차로 - 교차로부근,승용,남,15세,상해없음,승용,남,49세,경상
2018052600100625,2018년 5월 26일 21시,토요일,인천광역시 미추홀구 용현동,경상사고,0,0,1,0,차대차 - 기타,안전운전불이행,건조,맑음,교차로 - 교차로부근,승용,남,29세,상해없음,이륜,남,22세,경상
2018052600100626,2018년 5월 26일 21시,토요일,인천광역시 서구 석남동,경상사고,0,0,1,0,차대차 - 측면충돌,신호위반,건조,맑음,교차로 - 교차로안,이륜,남,17세,상해없음,승용,여,34세,경상
2018052600100644,2018년 5월 26일 22시,토요일,인천광역시 중구 인현동,경상사고,0,0,1,0,차대차 - 기타,안전운전불이행,건조,맑음,단일로 - 기타,승용,남,67세,상해없음,이륜,남,52세,경상
2018052600100645,2018년 5월 26일 22시,토요일,인천광역시 중구 을왕동,중상사고,0,1,0,0,차대사람 - 기타,안전운전불이행,건조,맑음,기타 - 기타,승용,여,51세,상해없음,보행자,남,20세,중상
2018052700100015,2018년 5월 27일 00시,일요일,인천광역시 중구 운서동,경상사고,0,0,2,0,차대차 - 측면충돌,안전거리미확보,건조,맑음,단일로 - 기타,승용,여,40세,상해없음,승용,남,26세,경상
2018052700100016,2018년 5월 27일 00시,일요일,인천광역시 계양구 작전동,경상사고,0,0,1,0,차량단독 - 기타,안전운전불이행,건조,맑음,교차로 - 교차로안,승용,남,65세,상해없음,,,,
2018052700100017,2018년 5월 27일 00시,일요일,인천광역시 연수구 선학동,경상사고,0,0,2,0,차대사람 - 횡단중,보행자보호의무위반,건조,맑음,단일로 - 기타,승용,여,38세,상해없음,보행자,남,20세,경상
2018052700100032,2018년 5월 27일 01시,일요일,인천광역시 계양구 계산동,중상사고,0,1,1,0,차대사람 - 기타,안전운전불이행,건조,맑음,단일로 - 기타,승용,남,49세,상해없음,보행자,남,60세,중상
2018052700100063,2018년 5월 27일 03시,일요일,인천광역시 미추홀구 도화동,경상사고,0,0,1,0,차대차 - 측면충돌,안전운전불이행,건조,맑음,교차로 - 교차로부근,승용,남,26세,상해없음,승용,남,50세,경상