사고번호,사고일시,요일,시군구,사고내용,사망자수,중상자수,경상자수,부상신고자수,사고유형,법규위반,노면상태,기상상태,도로형태,가해운전자 차종,가해운전자 성별,가해운전자 연령,가해운전자 상해정도,피해운전자 차종,피해운전자 성별,피해운전자 연령,피해운전자 상해정도
2018060100100490,2018년 6월 1일 17시,금요일,인천광역시 남동구 남촌동,경상사고,0,0,1,0,차대차 - 기타,차로위반,건조,맑음,단일로 - 기타,승용,여,54세,상해없음,승합,남,38세,상해없음
2018060100100536,2018년 6월 1일 18시,금요일,인천광역시 미추홀구 문학동,중상사고,0,1,0,0,차대사람 - 횡단중,보행자보호의무위반,건조,맑음,교차로 - 교차로횡단보도내,화물,남,49세,상해없음,보행자,여,69세,중상
2018060100100537,2018년 6월 1일 18시,금요일,인천광역시 서구 가좌동,경상사고,0,0,2,0,차대차 - 측면충돌,중앙선침범,건조,맑음,단일로 - 고가도로위,승용,남,30세,상해없음,승용,남,57세,경상
2018060100100652,2018년 6월 1일 21시,금요일,인천광역시 서구 마전동,경상사고,0,0,1,0,차대차 - 기타,안전운전불이행,건조,맑음,교차로 - 교차로안,이륜,남,48세,경상,승용,남,43세,상해없음
2018060100100721,2018년 6월 1일 23시,금요일,인천광역시 미추홀구 주안동,경상사고,0,0,1,0,차대차 - 추돌,안전운전불이행,건조,맑음,교차로 - 교차로부근,승용,남,26세,상해없음,승용,남,33세,경상
2018060100100722,2018년 6월 1일 23시,금요일,인천광역시 남동구 만수동,경상사고,0,0,1,0,차대사람 - 기타,안전운전불이행,건조,맑음,교차로 - 교차로안,승용,남,67세,상해없음,보행자,남,50세,경상
2018060200100012,2018년 6월 2일 00시,토요일,인천광역시 서구 왕길동,중상사고,0,1,0,0,차대사람 - 길가장자리구역통행중,신호위반,건조,맑음,교차로 - 교차로부근,승용,남,21세,상해없음,보행자,남,31세,중상
2018060200100013,2018년 6월 2일 00시,토요일,인천광역시 연수구 연수동,경상사고,0,0,2,0,차대차 - 정면충돌,안전운전불이행,건조,맑음,단일로 - 기타,승용,남,57세,기타불명,승용,남,41세,경상
2018060200100037,2018년 6월 2일 01시,토요일,인천광역시 부평구 십정동,중상사고,0,1,0,0,차대사람 - 기타,안전운전불이행,건조,맑음,단일로 - 기타,승용,남,41세,상해없음,보행자,여,56세,중상
2018060200100038,2018년 6월 2일 01시,토요일,인천광역시 남동구 수산동,경상사고,0,0,1,0,차대차 - 기타,차로위반,건조,맑음,기타 - 기타,승용,남,19세,상해없음,승용,남,60세,경상
2018060200100069,2018년 6월 2일 04시,토요일,인천광역시 미추홀구 주안동,경상사고,0,0,1,0,차대차 - 기타,신호위반,건조,맑음,교차로 - 교차로안,이륜,남,26세,기타불명,승용,남,63세,경상
2018060200100097,2018년 6월 2일 06시,토요일,인천광역시 부평구 부평동,경상사고,0,0,1,0,차대사람 - 기타,안전운전불이행,건조,맑음,단일로 - 기타,승합,남,60세,상해없음,보행자,남,48세,경상
2018060200100195,2018년 6월 2일 10시,토요일,인천광역시 남동구 간석동,중상사고,0,2,1,0,차대차 - 측면충돌,교차로운행방법위반,건조,맑음,단일로 - 기타,승용,남,61세,상해없음,승용,남,55세,중상
2018060200100196,2018년 6월 2일 10시,토요일,인천광역시 서구 왕길동,중상사고,0,1,0,0,차대차 - 정면충돌,신호위반,건조,맑음,교차로 - 교차로안,화물,남,41세,상해없음,승용,남,63세,중상
2018060200100247,2018년 6월 2일 11시,토요일,인천광역시 계양구 작전동,경상사고,0,0,1,0,차대차 - 추돌,안전운전불이행,건조,맑음,단일로 - 기타,승용,남,58세,기타불명,승용,여,32세,경상
2018060200100287,2018년 6월 2일 12시,토요일,인천광역시 미추홀구 도화동,중상사고,0,1,0,0,차대사람 - 횡단중,보행자보호의무위반,건조,맑음,교차로 - 교차로부근,승용,남,33세,상해없음,보행자,여,49세,중상
2018060200100288,2018년 6월 2일 12시,토요일,인천광역시 부평구 부평동,경상사고,0,0,1,0,차대차 - 기타,교차로운행방법위반,건조,맑음,교차로 - 교차로안,승용,남,38세,상해없음,승용,남,44세,경상
2018060200100289,2018년 6월 2일 12시,토요일,인천광역시 남동구 논현동,부상신고사고,0,0,0,1,차대차 - 측면충돌,안전운전불이행,건조,맑음,단일로 - 기타,승용,남,23세,상해없음,승용,여,48세,부상신고
2018060200100373,2018년 6월 2일 14시,토요일,인천광역시 미추홀구 용현동,중상사고,0,1,0,0,차대사람 - 길가장자리구역통행중,안전운전불이행,건조,맑음,단일로 - 기타,승용,여,41세,상해없음,보행자,여,57세,중상
2018060200100409,2018년 6월 2일 15시,토요일,인천광역시 동구 송현동,중상사고,0,2,0,0,차대차 - 측면충돌,중앙선침범,건조,맑음,단일로 - 고가도로위,화물,남,63세,상해없음,화물,남,47세,중상
2018060200100410,2018년 6월 2일 15시,토요일,인천광역시 동구 송림동,중상사고,0,1,0,0,차대사람 - 기타,안전운전불이행,건조,맑음,단일로 - 기타,승용,남,61세,상해없음,보행자,여,84세,중상
2018060200100411,2018년 6월 2일 15시,토요일,인천광역시 서구 경서동,중상사고,0,1,0,0,차대차 - 측면충돌,기타,건조,맑음,단일로 - 기타,승용,여,19세,상해없음,자전거,남,41세,중상
2018060200100412,2018년 6월 2일 15시,토요일,인천광역시 서구 백석동,중상사고,0,1,0,0,차대차 - 추돌,안전운전불이행,건조,맑음,교차로 - 교차로부근,자전거,여,58세,중상,건설기계,남,50세,상해없음
2018060200100413,2018년 6월 2일 15시,토요일,인천광역시 계양구 효성동,경상사고,0,0,1,0,차대차 - 측면충돌,안전운전불이행,건조,맑음,단일로 - 기타,승용,여,41세,상해없음,이륜,남,44세,경상
2018060200100464,2018년 6월 2일 16시,토요일,인천광역시 부평구 십정동,중상사고,0,1,0,0,차대사람 - 보도통행중,기타,건조,맑음,기타 - 기타,화물,남,54세,상해없음,보행자,여,53세,중상
2018060200100465,2018년 6월 2일 16시,토요일,인천광역시 서구 연희동,경상사고,0,0,1,0,차대차 - 기타,안전운전불이행,건조,맑음,단일로 - 기타,승용,남,50세,상해없음,승용,여,44세,경상
2018060200100598,2018년 6월 2일 19시,토요일,인천광역시 남동구 간석동,부상신고사고,0,0,0,2,차대차 - 측면충돌,안전운전불이행,기타,기타,교차로 - 교차로안,화물,남,25세,상해없음,승용,남,49세,부상신고
2018060200100599,2018년 6월 2일 19시,토요일,인천광역시 남동구 간석동,경상사고,0,0,1,0,차량단독 - 기타,안전운전불이행,건조,맑음,기타 - 기타,승합,남,52세,상해없음,,,,
2018060200100654,2018년 6월 2일 21시,토요일,인천광역시 남동구 구월동,중상사고,0,1,0,0,차대사람 - 횡단중,보행자보호의무위반,건조,맑음,교차로 - 교차로횡단보도내,승용,남,62세,상해없음,보행자,여,56세,중상
2018060200100655,2018년 6월 2일 21시,토요일,인천광역시 계양구 작전동,경상사고,0,0,1,0,차대차 - 측면충돌,차로위반,건조,맑음,교차로 - 교차로부근,승용,남,25세,상해없음,승용,여,38세,경상
2018060200100688,2018년 6월 2일 22시,토요일,인천광역시 남동구 구월동,중상사고,0,1,1,0,차대사람 - 횡단중,안전운전불이행,건조,맑음,단일로 - 기타,승용,남,25세,상해없음,보행자,여,16세,중상
2018060200100689,2018년 6월 2일 22시,토요일,인천광역시 남동구 남촌동,경상사고,0,0,9,0,차대차 - 측면충돌,중앙선침범,건조,맑음,교차로 - 교차로부근,승용,남,27세,상해없음,승합,남,57세,경상
2018060300100012,2018년 6월 3일 00시,일요일,인천광역시 계양구 임학동,경상사고,0,0,1,0,차대사람 - 기타,보행자보호의무위반,건조,맑음,단일로 - 기타,이륜,남,25세,상해없음,보행자,남,57세,경상
2018060300100025,2018년 6월 3일 01시,일요일,인천광역시 부평구 청천동,경상사고,0,0,2,0,차대차 - 기타,안전운전불이행,건조,맑음,교차로 - 교차로안,승용,남,27세,상해없음,승용,남,29세,경상
2018060300100036,2018년 6월 3일 02시,일요일,인천광역시 계양구 계산동,경상사고,0,0,2,0,차량단독 - 기타,안전운전불이행,건조,맑음,단일로 - 기타,승용,남,40세,상해없음,,,,
2018060300100058,2018년 6월 3일 04시,일요일,인천광역시 남동구 간석동,중상사고,0,1,1,0,차대차 - 후진중충돌,안전운전불이행,건조,맑음,단일로 - 기타,승용,남,81세,상해없음,승용,남,21세,경상
2018060300100068,2018년 6월 3일 05시,일요일,인천광역시 남동구 간석동,경상사고,0,0,1,0,차대사람 - 기타,안전운전불이행,건조,맑음,단일로 - 기타,승용,남,59세,상해없음,보행자,여,29세,경상
2018060300100105,2018년 6월 3일 08시,일요일,인천광역시 서구 가정동,경상사고,0,0,1,0,차대사람 - 길가장자리구역통행중,안전운전불이행,건조,맑음,단일로 - 기타,승용,여,51세,상해없음,보행자,여,30세,경상
2018060300100106,2018년 6월 3일 08시,일요일,인천광역시 연수구 송도동,중상사고,0,1,2,0,차대차 - 측면충돌,신호위반,건조,맑음,단일로 - 기타,건설기계,남,58세,상해없음,승용,남,65세,경상
2018060300100122,2018년 6월 3일 09시,일요일,인천광역시 서구 석남동,경상사고,0,0,1,0,차량단독 - 기타,안전운전불이행,건조,맑음,교차로 - 교차로부근,승합,남,53세,상해없음,,,,
2018060300100123,2018년 6월 3일 09시,일요일,인천광역시 계양구 계산동,경상사고,0,0,1,0,차대차 - 기타,안전운전불이행,건조,맑음,단일로 - 기타,화물,남,36세,상해없음,특수,남,27세,경상
2018060300100195,2018년 6월 3일 12시,일요일,인천광역시 남동구 간석동,경상사고,0,0,1,0,차대차 - 측면충돌,안전운전불이행,건조,맑음,교차로 - 교차로부근,자전거,남,72세,경상,승용,남,62세,상해없음
2018060300100257,2018년 6월 3일 14시,일요일,인천광역시 서구 금곡동,중상사고,0,1,0,0,차대차 - 기타,안전운전불이행,건조,맑음,단일로 - 기타,이륜,남,20세,중상,승용,남,48세,상해없음
2018060300100258,2018년 6월 3일 14시,일요일,인천광역시 계양구 귤현동,경상사고,0,0,1,1,차대차 - 측면충돌,안전운전불이행,건조,맑음,단일로 - 기타,자전거,남,6세,부상신고,자전거,남,34세,경상
2018060300100318,2018년 6월 3일 16시,일요일,인천광역시 부평구 부평동,경상사고,0,0,1,0,차대차 - 기타,신호위반,건조,맑음,교차로 - 교차로안,기타불명,기타불명,미분류,기타불명,이륜,남,16세,경상
2018060300100356,2018년 6월 3일 17시,일요일,인천광역시 부평구 청천동,경상사고,0,0,1,0,차대차 - 기타,신호위반,건조,맑음,교차로 - 교차로부근,승용,남,66세,상해없음,자전거,여,78세,경상
2018060300100357,2018년 6월 3일 17시,일요일,인천광역시 서구 가정동,경상사고,0,0,1,0,차대차 - 추돌,안전운전불이행,건조,맑음,단일로 - 기타,승용,남,29세,상해없음,승용,남,31세,경상
2018060300100358,2018년 6월 3일 17시,일요일,인천광역시 남동구 남촌동,경상사고,0,0,2,0,차대차 - 후진중충돌,불법유턴,건조,맑음,단일로 - 기타,승합,남,66세,상해없음,승용,남,28세,경상
2018060300100449,2018년 6월 3일 20시,일요일,인천광역시 미추홀구 관교동,경상사고,0,0,1,0,차대차 - 추돌,안전운전불이행,건조,맑음,단일로 - 기타,승용,여,39세,상해없음,승용,남,56세,경상
2018060300100479,2018년 6월 3일 21시,일요일,인천광역시 계양구 효성동,중상사고,0,1,1,0,차대차 - 추돌,안전운전불이행,건조,맑음,단일로 - 기타,승용,남,34세,상해없음,승용,남,67세,중상
2018060300100480,2018년 6월 3일 21시,일요일,인천광역시 계양구 계산동,부상신고사고,0,0,0,2,차대차 - 측면충돌,차로위반,건조,맑음,단일로 - 교량,기타불명,기타불명,미분류,기타불명,승용,남,26세,부상신고
2018060300100510,2018년 6월 3일 23시,일요일,인천광역시 미추홀구 용현동,중상사고,0,2,0,0,차대차 - 측면충돌,안전운전불이행,건조,맑음,교차로 - 교차로안,승용,남,32세,상해없음,이륜,남,27세,중상
2018060400100052,2018년 6월 4일 06시,월요일,인천광역시 남동구 구월동,경상사고,0,0,1,0,차대차 - 추돌,안전거리미확보,건조,맑음,단일로 - 기타,승용,남,31세,상해없음,승용,남,38세,경상
2018060400100053,2018년 6월 4일 06시,월요일,인천광역시 서구 불로동,경상사고,0,0,1,0,차대차 - 측면충돌,안전운전불이행,건조,맑음,교차로 - 교차로부근,승용,남,49세,상해없음,승용,여,36세,경상
2018060400100100,2018년 6월 4일 07시,월요일,인천광역시 서구 가좌동,경상사고,0,0,1,0,차대차 - 측면충돌,안전운전불이행,건조,맑음,기타 - 기타,승용,남,27세,상해없음,승용,여,43세,경상
2018060400100191,2018년 6월 4일 09시,월요일,인천광역시 미추홀구 주안동,부상신고사고,0,0,0,1,차대차 - 기타,안전운전불이행,건조,맑음,기타 - 기타,승용,남,54세,상해없음,자전거,남,73세,부상신고
2018060400100192,2018년 6월 4일 09시,월요일,인천광역시 미추홀구 학익동,경상사고,0,0,1,0,차대사람 - 횡단중,보행자보호의무위반,건조,맑음,단일로 - 기타,승용,남,54세,상해없음,보행자,여,19세,경상
2018060400100193,2018년 6월 4일 09시,월요일,인천광역시 계양구 작전동,중상사고,0,1,0,0,차대사람 - 횡단중,보행자보호의무위반,건조,맑음,교차로 - 교차로횡단보도내,승용,여,27세,상해없음,보행자,여,69세,중상
2018060400100194,2018년 6월 4일 09시,월요일,인천광역시 계양구 서운동,중상사고,0,1,0,0,차대차 - 측면충돌,안전운전불이행,건조,맑음,교차로 - 교차로횡단보도내,자전거,남,68세,중상,건설기계,남,60세,상해없음
2018060400100217,2018년 6월 4일 10시,월요일,인천광역시 연수구 옥련동,경상사고,0,0,1,0,차량단독 - 기타,기타,건조,맑음,단일로 - 기타,승합,남,62세,상해없음,,,,
2018060400100218,2018년 6월 4일 10시,월요일,인천광역시 남동구 남촌동,중상사고,0,1,0,0,차대차 - 기타,안전운전불이행,건조,맑음,단일로 - 기타,건설기계,남,58세,상해없음,승용,남,58세,중상
2018060400100383,2018년 6월 4일 15시,월요일,인천광역시 옹진군 덕적면,사망사고,1,0,0,0,차량단독 - 도로외이탈 - 추락,안전운전불이행,건조,맑음,단일로 - 기타,농기계,남,65세,사망,,,,
2018060400100384,2018년 6월 4일 15시,월요일,인천광역시 남동구 만수동,경상사고,0,0,1,0,차량단독 - 기타,안전운전불이행,건조,맑음,기타 - 기타,승합,남,50세,상해없음,,,,
2018060400100473,2018년 6월 4일 17시,월요일,인천광역시 중구 운서동,경상사고,0,0,3,0,차대차 - 추돌,안전운전불이행,건조,맑음,단일로 - 기타,화물,남,61세,경상,화물,남,55세,경상
2018060400100515,2018년 6월 4일 18시,월요일,인천광역시 미추홀구 관교동,경상사고,0,0,1,0,차대사람 - 횡단중,안전운전불이행,건조,맑음,교차로 - 교차로횡단보도내,승용,남,58세,상해없음,보행자,여,24세,경상
2018060400100516,2018년 6월 4일 18시,월요일,인천광역시 계양구 효성동,중상사고,0,1,0,0,차대사람 - 횡단중,보행자보호의무위반,건조,맑음,교차로 - 교차로안,승용,남,57세,상해없음,보행자,여,54세,중상
2018060400100578,2018년 6월 4일 20시,월요일,인천광역시 미추홀구 도화동,부상신고사고,0,0,0,1,차량단독 - 기타,안전운전불이행,건조,맑음,교차로 - 교차로부근,승용,남,69세,상해없음,,,,
2018060400100579,2018년 6월 4일 20시,월요일,인천광역시 계양구 효성동,중상사고,0,2,0,0,차대차 - 측면충돌,신호위반,건조,맑음,교차로 - 교차로안,이륜,남,29세,중상,이륜,남,51세,중상
2018060400100633,2018년 6월 4일 22시,월요일,인천광역시 연수구 동춘동,중상사고,0,1,0,0,차대차 - 측면충돌,교차로운행방법위반,건조,맑음,교차로 - 교차로안,승용,남,30세,상해없음,이륜,남,45세,중상
2018060400100634,2018년 6월 4일 22시,월요일,인천광역시 부평구 일신동,경상사고,0,0,1,0,차대차 - 측면충돌,안전거리미확보,건조,맑음,단일로 - 기타,승용,남,41세,상해없음,승용,여,59세,경상
2018060400100651,2018년 6월 4일 23시,월요일,인천광역시 남동구 논현동,경상사고,0,0,2,0,차대차 - 추돌,안전운전불이행,건조,맑음,단일로 - 기타,승용,남,31세,상해없음,승용,남,28세,경상
2018060500100033,2018년 6월 5일 02시,화요일,인천광역시 서구 심곡동,경상사고,0,0,7,0,차대차 - 측면충돌,안전운전불이행,건조,맑음,단일로 - 기타,승용,남,58세,상해없음,승합,남,49세,경상
2018060500100050,2018년 6월 5일 04시,화요일,인천광역시 서구 신현동,중상사고,0,1,0,0,차대차 - 정면충돌,신호위반,건조,맑음,교차로 - 교차로안,화물,남,43세,상해없음,승용,여,59세,중상
2018060500100100,2018년 6월 5일 07시,화요일,인천광역시 서구 오류동,경상사고,0,0,1,0,차대차 - 측면충돌,안전운전불이행,건조,맑음,교차로 - 교차로부근,건설기계,남,44세,상해없음,승용,남,28세,경상
2018060500100134,2018년 6월 5일 08시,화요일,인천광역시 동구 송림동,경상사고,0,0,1,0,차대차 - 측면충돌,교차로운행방법위반,건조,맑음,교차로 - 교차로안,승용,남,50세,상해없음,승용,남,33세,경상
2018060500100135,2018년 6월 5일 08시,화요일,인천광역시 미추홀구 숭의동,중상사고,0,1,0,0,차대사람 - 차도통행중,안전운전불이행,건조,맑음,단일로 - 기타,승용,여,50세,상해없음,보행자,여,81세,중상
2018060500100136,2018년 6월 5일 08시,화요일,인천광역시 미추홀구 용현동,경상사고,0,0,1,0,차대차 - 추돌,안전운전불이행,건조,맑음,단일로 - 기타,승용,남,56세,기타불명,승용,남,73세,경상
2018060500100182,2018년 6월 5일 09시,화요일,인천광역시 서구 마전동,경상사고,0,0,1,0,차대차 - 측면충돌,안전운전불이행,건조,맑음,교차로 - 교차로안,승용,남,27세,상해없음,승용,여,50세,경상
2018060500100183,2018년 6월 5일 09시,화요일,인천광역시 서구 심곡동,경상사고,0,0,1,0,차대사람 - 길가장자리구역통행중,안전운전불이행,건조,맑음,기타 - 기타,이륜,남,28세,상해없음,보행자,여,41세,경상
2018060500100216,2018년 6월 5일 10시,화요일,인천광역시 미추홀구 용현동,부상신고사고,0,0,0,2,차대차 - 추돌,안전운전불이행,건조,맑음,교차로 - 교차로부근,특수,남,37세,상해없음,승용,남,34세,부상신고
2018060500100217,2018년 6월 5일 10시,화요일,인천광역시 서구 금곡동,중상사고,0,2,1,0,차대차 - 측면충돌,안전운전불이행,건조,맑음,교차로 - 교차로안,화물,남,71세,상해없음,승용,여,47세,경상
2018060500100218,2018년 6월 5일 10시,화요일,인천광역시 부평구 일신동,경상사고,0,0,1,0,차대차 - 추돌,안전운전불이행,건조,맑음,단일로 - 기타,승용,남,31세,상해없음,승용,남,46세,경상
2018060500100264,2018년 6월 5일 12시,화요일,인천광역시 부평구 부평동,경상사고,0,0,1,0,차대차 - 기타,안전운전불이행,건조,맑음,기타 - 기타,승용,여,60세,상해없음,승용,여,60세,경상
2018060500100292,2018년 6월 5일 13시,화요일,인천광역시 부평구 부평동,중상사고,0,1,0,0,차대차 - 기타,안전운전불이행,건조,맑음,단일로 - 기타,승용,여,45세,상해없음,승용,여,47세,중상
2018060500100293,2018년 6월 5일 13시,화요일,인천광역시 부평구 부개동,경상사고,0,0,2,0,차대차 - 추돌,안전운전불이행,건조,맑음,교차로 - 교차로부근,승용,여,45세,상해없음,승용,여,24세,경상
2018060500100374,2018년 6월 5일 15시,화요일,인천광역시 남동구 간석동,경상사고,0,0,1,0,차대차 - 추돌,안전운전불이행,건조,맑음,단일로 - 기타,승용,남,27세,경상,화물,남,37세,상해없음
2018060500100375,2018년 6월 5일 15시,화요일,인천광역시 서구 가좌동,중상사고,0,1,0,0,차대사람 - 횡단중,보행자보호의무위반,건조,맑음,단일로 - 기타,승용,남,44세,상해없음,보행자,여,46세,중상
2018060500100376,2018년 6월 5일 15시,화요일,인천광역시 계양구 서운동,중상사고,0,1,0,0,차대사람 - 횡단중,안전운전불이행,건조,맑음,교차로 - 교차로부근,승용,여,49세,상해없음,보행자,여,10세,중상
2018060500100377,2018년 6월 5일 15시,화요일,인천광역시 부평구 구산동,경상사고,0,0,1,0,차대차 - 기타,안전운전불이행,건조,맑음,단일로 - 기타,승용,남,28세,상해없음,승용,남,49세,경상
2018060500100413,2018년 6월 5일 16시,화요일,인천광역시 동구 송림동,중상사고,0,1,0,0,차대사람 - 횡단중,신호위반,건조,맑음,교차로 - 교차로횡단보도내,이륜,남,30세,상해없음,보행자,여,47세,중상
2018060500100414,2018년 6월 5일 16시,화요일,인천광역시 연수구 송도동,중상사고,0,2,0,0,차대차 - 측면충돌,신호위반,건조,맑음,교차로 - 교차로안,이륜,남,42세,상해없음,승용,여,44세,중상
2018060500100466,2018년 6월 5일 17시,화요일,인천광역시 미추홀구 학익동,경상사고,0,0,1,0,차대차 - 측면충돌,안전운전불이행,건조,맑음,단일로 - 기타,승합,남,56세,상해없음,승용,남,39세,경상
2018060500100467,2018년 6월 5일 17시,화요일,인천광역시 부평구 산곡동,경상사고,0,0,1,0,차대차 - 추돌,안전운전불이행,건조,맑음,단일로 - 기타,승용,여,47세,상해없음,승용,여,48세,경상
2018060500100468,2018년 6월 5일 17시,화요일,인천광역시 남동구 간석동,중상사고,0,1,0,0,차대차 - 측면충돌,안전거리미확보,건조,맑음,단일로 - 기타,화물,남,56세,상해없음,승용,여,37세,중상
2018060500100469,2018년 6월 5일 17시,화요일,인천광역시 남동구 간석동,경상사고,0,0,1,0,차대사람 - 차도통행중,안전운전불이행,건조,맑음,기타 - 기타,화물,남,43세,상해없음,보행자,여,87세,경상
2018060500100470,2018년 6월 5일 17시,화요일,인천광역시 남동구 논현동,경상사고,0,0,1,0,차대차 - 측면충돌,안전거리미확보,건조,맑음,단일로 - 기타,기타불명,기타불명,미분류,기타불명,승용,남,57세,경상
2018060500100525,2018년 6월 5일 18시,화요일,인천광역시 서구 가좌동,경상사고,0,0,4,0,차대차 - 추돌,안전운전불이행,건조,맑음,단일로 - 고가도로위,화물,남,60세,상해없음,승용,남,35세,상해없음
2018060500100526,2018년 6월 5일 18시,화요일,인천광역시 연수구 송도동,경상사고,0,0,1,0,차대차 - 측면충돌,신호위반,건조,맑음,교차로 - 교차로안,승용,남,49세,기타불명,이륜,남,30세,경상
2018060500100616,2018년 6월 5일 21시,화요일,인천광역시 남동구 구월동,경상사고,0,0,1,0,차대차 - 기타,안전운전불이행,건조,맑음,기타 - 기타,승합,남,44세,상해없음,승용,남,60세,경상
2018060500100617,2018년 6월 5일 21시,화요일,인천광역시 서구 가정동,경상사고,0,0,1,0,차대차 - 기타,안전운전불이행,건조,맑음,단일로 - 기타,승용,남,27세,상해없음,이륜,남,24세,경상
2018060500100618,2018년 6월 5일 21시,화요일,인천광역시 부평구 삼산동,경상사고,0,0,1,0,차대사람 - 길가장자리구역통행중,안전운전불이행,건조,맑음,기타 - 기타,기타불명,기타불명,미분류,기타불명,보행자,여,68세,경상
2018060500100674,2018년 6월 5일 23시,화요일,인천광역시 중구 항동7가,중상사고,0,3,0,0,차대차 - 측면충돌,중앙선침범,건조,맑음,단일로 - 기타,화물,남,53세,중상,화물,남,44세,상해없음
2018060500100675,2018년 6월 5일 23시,화요일,인천광역시 부평구 부개동,경상사고,0,0,1,0,차대사람 - 길가장자리구역통행중,기타,건조,맑음,주차장 - 주차장,승용,남,47세,상해없음,보행자,여,22세,경상
2018060600100036,2018년 6월 6일 01시,수요일,인천광역시 남동구 간석동,중상사고,0,1,0,0,차대사람 - 기타,안전운전불이행,건조,맑음,단일로 - 기타,승용,남,36세,상해없음,보행자,남,46세,중상
2018060600100037,2018년 6월 6일 01시,수요일,인천광역시 서구 불로동,경상사고,0,0,1,0,차대차 - 측면충돌,안전운전불이행,건조,맑음,단일로 - 기타,승용,남,48세,상해없음,승용,남,25세,경상
2018060600100051,2018년 6월 6일 02시,수요일,인천광역시 계양구 작전동,중상사고,0,3,2,0,차대차 - 측면충돌,신호위반,건조,맑음,교차로 - 교차로안,이륜,남,15세,중상,승용,남,26세,경상
2018060600100063,2018년 6월 6일 03시,수요일,인천광역시 중구 을왕동,경상사고,0,0,1,0,차대사람 - 길가장자리구역통행중,안전운전불이행,기타,흐림,단일로 - 기타,승용,남,30세,상해없음,보행자,남,26세,경상
2018060600100064,2018년 6월 6일 03시,수요일,인천광역시 서구 가정동,중상사고,0,1,0,0,차대사람 - 기타,안전운전불이행,건조,맑음,교차로 - 교차로부근,승용,여,59세,상해없음,보행자,남,59세,중상
2018060600100065,2018년 6월 6일 03시,수요일,인천광역시 남동구 서창동,경상사고,0,0,2,0,차대차 - 측면충돌,신호위반,건조,맑음,교차로 - 교차로안,승용,남,19세,상해없음,승용,남,63세,경상
2018060600100080,2018년 6월 6일 04시,수요일,인천광역시 남동구 간석동,경상사고,0,0,1,0,차대차 - 추돌,안전운전불이행,건조,맑음,교차로 - 교차로부근,승용,남,21세,상해없음,승용,남,55세,상해없음
2018060600100106,2018년 6월 6일 06시,수요일,인천광역시 미추홀구 주안동,경상사고,0,0,2,0,차대차 - 측면충돌,안전운전불이행,건조,맑음,단일로 - 기타,화물,남,62세,상해없음,화물,남,62세,경상
2018060600100107,2018년 6월 6일 06시,수요일,인천광역시 연수구 청학동,부상신고사고,0,0,0,1,차량단독 - 공작물충돌,기타,건조,맑음,단일로 - 기타,이륜,남,16세,부상신고,,,,
2018060600100139,2018년 6월 6일 08시,수요일,인천광역시 계양구 계산동,경상사고,0,0,1,0,차대차 - 측면충돌,기타,건조,맑음,단일로 - 기타,승용,남,60세,상해없음,승용,여,55세,경상
2018060600100157,2018년 6월 6일 09시,수요일,인천광역시 계양구 계산동,중상사고,0,1,0,0,차량단독 - 기타,안전운전불이행,건조,맑음,단일로 - 기타,승합,남,52세,상해없음,,,,
2018060600100158,2018년 6월 6일 09시,수요일,인천광역시 부평구 구산동,중상사고,0,1,0,0,차대차 - 기타,안전운전불이행,건조,맑음,단일로 - 기타,승합,남,52세,상해없음,승용,남,40세,중상
2018060600100207,2018년 6월 6일 11시,수요일,인천광역시 계양구 작전동,중상사고,0,1,2,0,차대차 - 측면충돌,신호위반,건조,맑음,교차로 - 교차로안,승용,여,43세,상해없음,승용,남,42세,경상
2018060600100248,2018년 6월 6일 12시,수요일,인천광역시 서구 왕길동,경상사고,0,0,1,0,차대차 - 측면충돌,안전운전불이행,건조,맑음,단일로 - 기타,자전거,남,12세,경상,승용,여,48세,상해없음
2018060600100275,2018년 6월 6일 13시,수요일,인천광역시 중구 을왕동,경상사고,0,0,3,0,차대차 - 측면충돌,안전운전불이행,건조,맑음,단일로 - 기타,승용,여,53세,경상,화물,남,65세,상해없음
2018060600100276,2018년 6월 6일 13시,수요일,인천광역시 미추홀구 도화동,중상사고,0,1,0,0,차대차 - 정면충돌,중앙선침범,건조,맑음,교차로 - 교차로부근,승용,남,58세,상해없음,화물,남,47세,중상
2018060600100277,2018년 6월 6일 13시,수요일,인천광역시 미추홀구 도화동,경상사고,0,0,1,0,차대차 - 측면충돌,안전운전불이행,건조,맑음,교차로 - 교차로안,승용,여,66세,상해없음,승용,남,61세,경상
2018060600100278,2018년 6월 6일 13시,수요일,인천광역시 남동구 구월동,중상사고,0,1,1,0,차대차 - 기타,안전운전불이행,건조,맑음,기타 - 기타,이륜,남,52세,중상,승용,여,57세,상해없음
2018060600100320,2018년 6월 6일 14시,수요일,인천광역시 중구 을왕동,중상사고,0,1,0,0,차대차 - 기타,중앙선침범,건조,맑음,교차로 - 교차로안,승용,남,32세,상해없음,이륜,남,35세,중상
2018060600100321,2018년 6월 6일 14시,수요일,인천광역시 서구 오류동,경상사고,0,0,1,0,차대차 - 후진중충돌,안전운전불이행,건조,맑음,기타 - 기타,화물,남,61세,상해없음,화물,남,41세,경상
2018060600100363,2018년 6월 6일 15시,수요일,인천광역시 미추홀구 주안동,경상사고,0,0,1,0,차대차 - 측면충돌,신호위반,건조,맑음,단일로 - 기타,승용,여,44세,상해없음,승용,남,61세,경상
2018060600100398,2018년 6월 6일 16시,수요일,인천광역시 미추홀구 문학동,중상사고,0,1,0,0,차대차 - 측면충돌,안전운전불이행,건조,맑음,단일로 - 기타,이륜,남,36세,중상,승용,남,60세,상해없음