사고번호,사고일시,요일,시군구,사고내용,사망자수,중상자수,경상자수,부상신고자수,사고유형,법규위반,노면상태,기상상태,도로형태,가해운전자 차종,가해운전자 성별,가해운전자 연령,가해운전자 상해정도,피해운전자 차종,피해운전자 성별,피해운전자 연령,피해운전자 상해정도
2018060600100430,2018년 6월 6일 17시,수요일,인천광역시 서구 불로동,중상사고,0,1,0,0,차대사람 - 횡단중,안전운전불이행,건조,맑음,단일로 - 기타,승용,여,35세,상해없음,보행자,여,66세,중상
2018060600100464,2018년 6월 6일 18시,수요일,인천광역시 계양구 계산동,중상사고,0,1,0,0,차대차 - 기타,안전운전불이행,건조,맑음,단일로 - 기타,이륜,남,20세,상해없음,이륜,남,18세,중상
2018060600100465,2018년 6월 6일 18시,수요일,인천광역시 부평구 부평동,경상사고,0,0,4,0,차대차 - 기타,교차로운행방법위반,건조,맑음,교차로 - 교차로안,승용,남,36세,상해없음,승용,남,36세,경상
2018060600100541,2018년 6월 6일 21시,수요일,인천광역시 동구 송림동,부상신고사고,0,0,0,1,차대사람 - 횡단중,안전운전불이행,건조,맑음,교차로 - 교차로횡단보도내,승용,남,21세,상해없음,보행자,여,3세,부상신고
2018060600100569,2018년 6월 6일 22시,수요일,인천광역시 계양구 임학동,경상사고,0,0,1,0,차대차 - 측면충돌,안전거리미확보,건조,맑음,단일로 - 기타,승용,남,22세,상해없음,이륜,남,26세,경상
2018060700100159,2018년 6월 7일 09시,목요일,인천광역시 남동구 고잔동,중상사고,0,1,0,0,차대사람 - 횡단중,보행자보호의무위반,건조,맑음,교차로 - 교차로안,화물,남,30세,상해없음,보행자,남,71세,중상
2018060700100223,2018년 6월 7일 11시,목요일,인천광역시 연수구 송도동,중상사고,0,1,0,0,차대차 - 측면충돌,안전거리미확보,건조,맑음,단일로 - 기타,화물,남,59세,상해없음,이륜,남,38세,중상
2018060700100250,2018년 6월 7일 12시,목요일,인천광역시 미추홀구 주안동,경상사고,0,0,2,0,차대차 - 측면충돌,차로위반,건조,맑음,단일로 - 기타,승용,여,59세,상해없음,승용,여,28세,경상
2018060700100284,2018년 6월 7일 13시,목요일,인천광역시 미추홀구 주안동,경상사고,0,0,1,0,차대차 - 측면충돌,안전운전불이행,건조,맑음,단일로 - 기타,승용,남,71세,상해없음,승용,남,29세,경상
2018060700100310,2018년 6월 7일 14시,목요일,인천광역시 연수구 송도동,중상사고,0,1,0,0,차대차 - 측면충돌,안전운전불이행,건조,맑음,교차로 - 교차로안,승용,여,26세,상해없음,이륜,남,28세,중상
2018060700100311,2018년 6월 7일 14시,목요일,인천광역시 남동구 장수동,경상사고,0,0,1,0,차대차 - 측면충돌,안전거리미확보,건조,맑음,단일로 - 기타,승용,남,44세,상해없음,건설기계,남,50세,경상
2018060700100382,2018년 6월 7일 16시,목요일,인천광역시 부평구 삼산동,중상사고,0,1,1,0,차대차 - 추돌,안전거리미확보,건조,맑음,단일로 - 교량,화물,남,56세,상해없음,화물,남,47세,중상
2018060700100414,2018년 6월 7일 17시,목요일,인천광역시 동구 송림동,경상사고,0,0,1,0,차대사람 - 기타,안전운전불이행,건조,맑음,단일로 - 기타,기타불명,기타불명,미분류,기타불명,보행자,남,16세,경상
2018060700100415,2018년 6월 7일 17시,목요일,인천광역시 연수구 송도동,중상사고,0,1,1,0,차대차 - 측면충돌,신호위반,건조,맑음,교차로 - 교차로안,승용,남,40세,상해없음,승용,남,65세,중상
2018060700100461,2018년 6월 7일 18시,목요일,인천광역시 부평구 부평동,경상사고,0,0,1,0,차대사람 - 기타,보행자보호의무위반,건조,맑음,교차로 - 교차로부근,승용,남,52세,상해없음,보행자,남,9세,경상
2018060700100491,2018년 6월 7일 19시,목요일,인천광역시 동구 만석동,경상사고,0,0,1,0,차대사람 - 횡단중,신호위반,건조,맑음,교차로 - 교차로횡단보도내,승용,여,47세,상해없음,보행자,여,7세,경상
2018060700100492,2018년 6월 7일 19시,목요일,인천광역시 미추홀구 학익동,중상사고,0,2,1,0,차대차 - 정면충돌,안전운전불이행,건조,맑음,단일로 - 기타,승용,남,38세,상해없음,화물,남,65세,상해없음
2018060700100524,2018년 6월 7일 20시,목요일,인천광역시 서구 신현동,중상사고,0,1,0,0,차대사람 - 기타,기타,건조,맑음,교차로 - 교차로부근,승용,남,76세,상해없음,보행자,남,50세,중상
2018060700100525,2018년 6월 7일 20시,목요일,인천광역시 서구 검암동,중상사고,0,1,0,0,차대사람 - 보도통행중,보행자보호의무위반,건조,맑음,교차로 - 교차로횡단보도내,승용,남,38세,상해없음,보행자,여,43세,중상
2018060700100559,2018년 6월 7일 21시,목요일,인천광역시 서구 경서동,경상사고,0,0,2,0,차대차 - 측면충돌,안전운전불이행,건조,맑음,단일로 - 기타,승용,여,20세,경상,승용,여,47세,경상
2018060700100600,2018년 6월 7일 23시,목요일,인천광역시 계양구 서운동,경상사고,0,0,1,0,차대차 - 측면충돌,안전거리미확보,건조,맑음,단일로 - 교량,기타불명,기타불명,미분류,기타불명,승용,남,55세,경상
2018060800100049,2018년 6월 8일 04시,금요일,인천광역시 서구 마전동,중상사고,0,1,0,0,차대사람 - 기타,안전운전불이행,건조,맑음,단일로 - 기타,승용,남,38세,상해없음,보행자,남,33세,중상
2018060800100067,2018년 6월 8일 05시,금요일,인천광역시 계양구 계산동,경상사고,0,0,2,0,차대사람 - 기타,안전운전불이행,건조,맑음,주차장 - 주차장,승합,남,46세,상해없음,보행자,남,17세,경상
2018060800100083,2018년 6월 8일 06시,금요일,인천광역시 연수구 선학동,중상사고,0,1,0,0,차대차 - 측면충돌,안전운전불이행,건조,맑음,교차로 - 교차로횡단보도내,승용,남,61세,상해없음,자전거,남,70세,중상
2018060800100219,2018년 6월 8일 10시,금요일,인천광역시 동구 송현동,중상사고,0,1,0,0,차대차 - 측면충돌,차로위반,건조,맑음,단일로 - 교량,화물,남,63세,상해없음,승용,여,54세,중상
2018060800100255,2018년 6월 8일 11시,금요일,인천광역시 연수구 청학동,중상사고,0,4,1,0,차대차 - 측면충돌,안전운전불이행,건조,맑음,교차로 - 교차로안,승합,남,27세,상해없음,승용,남,48세,경상
2018060800100315,2018년 6월 8일 13시,금요일,인천광역시 남동구 간석동,경상사고,0,0,1,0,차대차 - 기타,신호위반,건조,맑음,교차로 - 교차로안,승용,여,36세,상해없음,승용,남,60세,경상
2018060800100357,2018년 6월 8일 14시,금요일,인천광역시 미추홀구 주안동,부상신고사고,0,0,0,1,차대사람 - 기타,기타,건조,맑음,단일로 - 기타,기타불명,기타불명,미분류,기타불명,보행자,남,25세,부상신고
2018060800100429,2018년 6월 8일 16시,금요일,인천광역시 동구 송림동,중상사고,0,1,0,0,차대사람 - 차도통행중,안전운전불이행,건조,맑음,단일로 - 기타,승용,남,40세,상해없음,보행자,여,69세,중상
2018060800100430,2018년 6월 8일 16시,금요일,인천광역시 남동구 남촌동,부상신고사고,0,0,0,1,차대차 - 측면충돌,안전거리미확보,건조,맑음,교차로 - 교차로부근,화물,남,52세,상해없음,승용,남,26세,부상신고
2018060800100495,2018년 6월 8일 17시,금요일,인천광역시 남동구 구월동,경상사고,0,0,1,0,차대차 - 후진중충돌,안전운전불이행,건조,맑음,단일로 - 기타,승용,여,62세,상해없음,이륜,남,38세,경상
2018060800100543,2018년 6월 8일 18시,금요일,인천광역시 계양구 계산동,중상사고,0,1,0,0,차대사람 - 횡단중,보행자보호의무위반,건조,맑음,교차로 - 교차로횡단보도내,화물,남,51세,상해없음,보행자,남,58세,중상
2018060800100579,2018년 6월 8일 19시,금요일,인천광역시 남동구 구월동,경상사고,0,0,1,0,차대차 - 측면충돌,안전운전불이행,건조,맑음,교차로 - 교차로부근,승용,남,43세,상해없음,승용,남,41세,경상
2018060800100580,2018년 6월 8일 19시,금요일,인천광역시 서구 석남동,경상사고,0,0,1,0,차대사람 - 기타,안전운전불이행,건조,맑음,교차로 - 교차로부근,기타불명,남,55세,상해없음,보행자,남,24세,경상
2018060800100616,2018년 6월 8일 20시,금요일,인천광역시 서구 연희동,경상사고,0,0,1,0,차대차 - 추돌,안전운전불이행,건조,맑음,단일로 - 기타,승용,남,61세,상해없음,승용,남,45세,경상
2018060800100618,2018년 6월 8일 20시,금요일,인천광역시 연수구 송도동,중상사고,0,1,0,0,차대사람 - 횡단중,보행자보호의무위반,건조,맑음,교차로 - 교차로횡단보도내,승용,여,68세,상해없음,보행자,여,38세,중상
2018060800100651,2018년 6월 8일 21시,금요일,인천광역시 부평구 삼산동,중상사고,0,1,0,0,차대차 - 기타,안전운전불이행,건조,맑음,단일로 - 기타,승용,남,44세,상해없음,자전거,여,58세,중상
2018060900100018,2018년 6월 9일 00시,토요일,인천광역시 부평구 삼산동,중상사고,0,1,0,0,차대사람 - 기타,안전운전불이행,건조,맑음,단일로 - 기타,화물,남,72세,상해없음,보행자,남,26세,중상
2018060900100019,2018년 6월 9일 00시,토요일,인천광역시 부평구 부평동,경상사고,0,0,1,0,차대사람 - 차도통행중,안전운전불이행,건조,맑음,교차로 - 교차로부근,승용,여,39세,상해없음,보행자,여,19세,경상
2018060900100043,2018년 6월 9일 02시,토요일,인천광역시 계양구 작전동,중상사고,0,1,4,0,차대차 - 측면충돌,신호위반,건조,맑음,교차로 - 교차로안,승합,남,56세,상해없음,승용,남,56세,경상
2018060900100106,2018년 6월 9일 07시,토요일,인천광역시 부평구 청천동,중상사고,0,1,1,0,차대차 - 측면충돌,신호위반,건조,맑음,교차로 - 교차로안,승용,남,57세,기타불명,승용,남,57세,경상
2018060900100152,2018년 6월 9일 09시,토요일,인천광역시 남동구 간석동,경상사고,0,0,1,0,차대차 - 측면충돌,중앙선침범,건조,맑음,단일로 - 기타,승용,남,58세,상해없음,이륜,남,39세,경상
2018060900100153,2018년 6월 9일 09시,토요일,인천광역시 남동구 서창동,중상사고,0,1,2,0,차대차 - 측면충돌,중앙선침범,건조,맑음,단일로 - 기타,승용,여,62세,중상,승용,남,50세,경상
2018060900100188,2018년 6월 9일 10시,토요일,인천광역시 부평구 산곡동,중상사고,0,1,0,0,차대사람 - 기타,안전운전불이행,건조,맑음,기타 - 기타,승용,여,31세,상해없음,보행자,남,61세,중상
2018060900100189,2018년 6월 9일 10시,토요일,인천광역시 남동구 구월동,경상사고,0,0,2,0,차대차 - 측면충돌,안전운전불이행,건조,맑음,교차로 - 교차로부근,승용,여,30세,경상,승용,남,62세,경상
2018060900100302,2018년 6월 9일 13시,토요일,인천광역시 남동구 만수동,경상사고,0,0,2,0,차대차 - 정면충돌,중앙선침범,건조,맑음,단일로 - 기타,승용,남,24세,상해없음,승용,여,53세,경상
2018060900100337,2018년 6월 9일 14시,토요일,인천광역시 연수구 송도동,경상사고,0,0,1,0,차대차 - 추돌,안전거리미확보,건조,맑음,교차로 - 교차로안,승용,남,49세,상해없음,승용,남,31세,경상
2018060900100476,2018년 6월 9일 18시,토요일,인천광역시 서구 마전동,경상사고,0,0,1,0,차대차 - 기타,신호위반,건조,맑음,단일로 - 기타,승용,남,58세,상해없음,이륜,남,34세,경상
2018060900100516,2018년 6월 9일 19시,토요일,인천광역시 미추홀구 주안동,경상사고,0,0,1,0,차대차 - 측면충돌,신호위반,젖음/습기,비,단일로 - 기타,화물,남,57세,상해없음,원동기,남,54세,경상
2018060900100517,2018년 6월 9일 19시,토요일,인천광역시 남동구 간석동,경상사고,0,0,2,0,차대차 - 기타,안전운전불이행,젖음/습기,비,단일로 - 기타,승용,남,48세,상해없음,승용,남,50세,경상
2018060900100554,2018년 6월 9일 20시,토요일,인천광역시 남동구 논현동,경상사고,0,0,1,0,차대사람 - 차도통행중,안전운전불이행,젖음/습기,비,단일로 - 기타,승용,남,39세,상해없음,보행자,남,42세,경상
2018060900100612,2018년 6월 9일 22시,토요일,인천광역시 남동구 만수동,경상사고,0,0,1,0,차대차 - 기타,신호위반,건조,맑음,교차로 - 교차로부근,승용,여,30세,상해없음,이륜,남,25세,경상
2018060900100635,2018년 6월 9일 23시,토요일,인천광역시 남동구 간석동,사망사고,1,1,0,0,차량단독 - 공작물충돌,안전운전불이행,젖음/습기,비,단일로 - 지하차도(도로)내,원동기,남,25세,사망,,,,
2018060900100636,2018년 6월 9일 23시,토요일,인천광역시 서구 가정동,부상신고사고,0,0,0,1,차대차 - 측면충돌,안전운전불이행,건조,맑음,교차로 - 교차로안,승용,남,48세,상해없음,승용,남,65세,부상신고
2018060900100637,2018년 6월 9일 23시,토요일,인천광역시 서구 원당동,경상사고,0,0,1,0,차대차 - 추돌,안전운전불이행,젖음/습기,흐림,교차로 - 교차로부근,화물,남,48세,상해없음,승용,남,43세,경상
2018061000100020,2018년 6월 10일 00시,일요일,인천광역시 미추홀구 관교동,중상사고,0,1,0,0,차대사람 - 횡단중,과속,젖음/습기,비,단일로 - 기타,승용,남,54세,상해없음,보행자,여,20세,중상
2018061000100038,2018년 6월 10일 01시,일요일,인천광역시 부평구 부평동,중상사고,0,1,1,0,차대사람 - 기타,안전운전불이행,젖음/습기,비,단일로 - 기타,승용,남,70세,상해없음,보행자,남,29세,중상
2018061000100054,2018년 6월 10일 02시,일요일,인천광역시 남동구 구월동,중상사고,0,1,0,0,차대사람 - 기타,안전운전불이행,건조,맑음,교차로 - 교차로부근,승용,남,65세,상해없음,보행자,여,24세,중상
2018061000100056,2018년 6월 10일 02시,일요일,인천광역시 서구 가정동,경상사고,0,0,1,0,차량단독 - 공작물충돌,안전운전불이행,젖음/습기,비,단일로 - 기타,승용,남,48세,상해없음,,,,
2018061000100057,2018년 6월 10일 02시,일요일,인천광역시 중구 운서동,중상사고,0,1,0,0,차량단독 - 공작물충돌,안전운전불이행,젖음/습기,비,단일로 - 기타,승용,남,34세,상해없음,,,,
2018061000100077,2018년 6월 10일 04시,일요일,인천광역시 미추홀구 주안동,경상사고,0,0,3,0,차대차 - 후진중충돌,안전운전불이행,젖음/습기,흐림,교차로 - 교차로부근,승합,남,33세,상해없음,승용,남,58세,경상
2018061000100084,2018년 6월 10일 05시,일요일,인천광역시 서구 연희동,경상사고,0,0,2,0,차대차 - 측면충돌,과속,건조,맑음,교차로 - 교차로안,승용,여,60세,상해없음,승용,남,63세,상해없음
2018061000100115,2018년 6월 10일 08시,일요일,인천광역시 연수구 선학동,중상사고,0,1,0,0,차대차 - 측면충돌,안전운전불이행,건조,맑음,단일로 - 기타,승용,남,47세,상해없음,자전거,남,75세,중상
2018061000100164,2018년 6월 10일 10시,일요일,인천광역시 중구 중산동,경상사고,0,0,1,0,차대차 - 기타,신호위반,건조,맑음,교차로 - 교차로안,승용,남,71세,상해없음,승용,여,57세,경상
2018061000100165,2018년 6월 10일 10시,일요일,인천광역시 서구 석남동,경상사고,0,0,3,0,차대차 - 추돌,안전운전불이행,건조,맑음,교차로 - 교차로안,승용,남,49세,상해없음,승용,남,50세,경상
2018061000100166,2018년 6월 10일 10시,일요일,인천광역시 강화군 선원면,중상사고,0,1,2,0,차대차 - 측면충돌,안전운전불이행,건조,맑음,교차로 - 교차로안,승용,남,62세,상해없음,승용,여,51세,중상
2018061000100228,2018년 6월 10일 13시,일요일,인천광역시 부평구 부평동,경상사고,0,0,1,0,차대사람 - 기타,안전운전불이행,건조,맑음,단일로 - 기타,승용,남,30세,상해없음,보행자,여,22세,경상
2018061000100286,2018년 6월 10일 15시,일요일,인천광역시 서구 석남동,경상사고,0,0,3,0,차대차 - 추돌,안전운전불이행,건조,맑음,단일로 - 기타,승용,남,47세,상해없음,승용,남,46세,경상
2018061000100320,2018년 6월 10일 16시,일요일,인천광역시 부평구 청천동,경상사고,0,0,1,0,차대차 - 측면충돌,안전운전불이행,건조,맑음,단일로 - 기타,승용,남,54세,상해없음,원동기,여,26세,경상
2018061000100321,2018년 6월 10일 16시,일요일,인천광역시 서구 당하동,중상사고,0,1,0,0,차대차 - 기타,안전운전불이행,건조,맑음,기타 - 기타,이륜,남,40세,상해없음,이륜,남,37세,중상
2018061000100379,2018년 6월 10일 18시,일요일,인천광역시 미추홀구 주안동,부상신고사고,0,0,0,1,차대차 - 측면충돌,안전운전불이행,건조,맑음,단일로 - 기타,승용,남,44세,상해없음,이륜,남,21세,부상신고
2018061000100397,2018년 6월 10일 19시,일요일,인천광역시 남동구 간석동,중상사고,0,1,1,0,차대사람 - 횡단중,신호위반,건조,맑음,교차로 - 교차로횡단보도내,자전거,남,16세,중상,보행자,남,16세,경상
2018061000100430,2018년 6월 10일 20시,일요일,인천광역시 미추홀구 주안동,경상사고,0,0,1,0,차대차 - 정면충돌,안전운전불이행,기타,기타,교차로 - 교차로안,승용,남,31세,상해없음,승용,남,22세,경상
2018061000100431,2018년 6월 10일 20시,일요일,인천광역시 남동구 논현동,경상사고,0,0,2,0,차대차 - 측면충돌,신호위반,건조,맑음,단일로 - 기타,승용,남,42세,상해없음,승용,남,25세,경상
2018061000100451,2018년 6월 10일 21시,일요일,인천광역시 미추홀구 주안동,부상신고사고,0,0,0,1,차대차 - 기타,안전운전불이행,건조,맑음,교차로 - 교차로부근,기타불명,기타불명,미분류,기타불명,이륜,남,24세,부상신고
2018061000100486,2018년 6월 10일 23시,일요일,인천광역시 남동구 만수동,경상사고,0,0,2,0,차대차 - 기타,안전운전불이행,건조,맑음,교차로 - 교차로부근,승합,남,50세,상해없음,승용,남,55세,경상
2018061100100015,2018년 6월 11일 00시,월요일,인천광역시 연수구 연수동,중상사고,0,1,0,0,차대차 - 측면충돌,안전거리미확보,건조,맑음,단일로 - 기타,승용,남,35세,상해없음,이륜,남,28세,중상
2018061100100022,2018년 6월 11일 01시,월요일,인천광역시 연수구 선학동,중상사고,0,1,0,0,차대차 - 기타,안전운전불이행,건조,맑음,단일로 - 고가도로위,기타불명,기타불명,미분류,기타불명,이륜,남,35세,중상
2018061100100077,2018년 6월 11일 07시,월요일,인천광역시 동구 송림동,중상사고,0,1,0,0,차대차 - 측면충돌,안전운전불이행,건조,맑음,교차로 - 교차로부근,승용,여,63세,상해없음,이륜,남,77세,중상
2018061100100151,2018년 6월 11일 09시,월요일,인천광역시 남동구 구월동,경상사고,0,0,2,0,차대차 - 기타,신호위반,건조,맑음,교차로 - 교차로부근,승용,남,68세,상해없음,승용,남,33세,경상
2018061100100185,2018년 6월 11일 10시,월요일,인천광역시 남동구 구월동,중상사고,0,1,0,0,차대차 - 측면충돌,신호위반,건조,맑음,교차로 - 교차로안,화물,남,33세,상해없음,이륜,남,59세,중상
2018061100100216,2018년 6월 11일 11시,월요일,인천광역시 계양구 계산동,중상사고,0,1,0,0,차대사람 - 횡단중,안전운전불이행,건조,맑음,단일로 - 기타,승용,남,33세,상해없음,보행자,여,56세,중상
2018061100100251,2018년 6월 11일 12시,월요일,인천광역시 중구 신흥동3가,경상사고,0,0,1,0,차대차 - 측면충돌,안전운전불이행,건조,맑음,단일로 - 기타,승용,남,49세,상해없음,승용,남,51세,경상
2018061100100252,2018년 6월 11일 12시,월요일,인천광역시 미추홀구 학익동,경상사고,0,0,1,0,차대차 - 추돌,안전운전불이행,건조,맑음,교차로 - 교차로안,승용,남,26세,상해없음,승용,여,41세,경상
2018061100100317,2018년 6월 11일 14시,월요일,인천광역시 남동구 고잔동,중상사고,0,1,0,0,차대사람 - 횡단중,안전운전불이행,건조,맑음,기타 - 기타,이륜,남,33세,상해없음,보행자,여,62세,중상
2018061100100390,2018년 6월 11일 16시,월요일,인천광역시 서구 석남동,경상사고,0,0,1,0,차대차 - 기타,안전운전불이행,건조,맑음,교차로 - 교차로안,화물,남,33세,기타불명,이륜,남,34세,경상
2018061100100391,2018년 6월 11일 16시,월요일,인천광역시 서구 심곡동,중상사고,0,1,0,0,차대차 - 추돌,안전운전불이행,젖음/습기,비,기타 - 기타,이륜,남,17세,중상,승용,남,35세,상해없음
2018061100100392,2018년 6월 11일 16시,월요일,인천광역시 계양구 계산동,경상사고,0,0,1,0,차대차 - 추돌,안전운전불이행,젖음/습기,비,교차로 - 교차로부근,승합,남,48세,상해없음,승용,여,58세,경상
2018061100100393,2018년 6월 11일 16시,월요일,인천광역시 남동구 논현동,경상사고,0,0,1,0,차대차 - 측면충돌,안전운전불이행,젖음/습기,흐림,단일로 - 기타,화물,남,52세,상해없음,승용,여,41세,경상
2018061100100425,2018년 6월 11일 17시,월요일,인천광역시 부평구 부평동,경상사고,0,0,3,0,차대차 - 기타,안전운전불이행,젖음/습기,흐림,교차로 - 교차로부근,승합,남,65세,상해없음,승용,남,52세,경상
2018061100100426,2018년 6월 11일 17시,월요일,인천광역시 서구 가좌동,중상사고,0,1,1,0,차대차 - 측면충돌,안전운전불이행,젖음/습기,비,단일로 - 기타,승용,남,58세,상해없음,승용,남,26세,상해없음
2018061100100427,2018년 6월 11일 17시,월요일,인천광역시 계양구 병방동,중상사고,0,1,0,0,차대사람 - 기타,안전운전불이행,건조,맑음,기타 - 기타,승합,여,45세,상해없음,보행자,여,56세,중상
2018061100100428,2018년 6월 11일 17시,월요일,인천광역시 강화군 화도면,중상사고,0,1,0,0,차대차 - 측면충돌,중앙선침범,건조,맑음,단일로 - 기타,승용,남,56세,상해없음,승용,여,62세,중상
2018061100100460,2018년 6월 11일 18시,월요일,인천광역시 남동구 남촌동,경상사고,0,0,1,0,차대차 - 측면충돌,안전거리미확보,건조,맑음,단일로 - 기타,승용,여,68세,상해없음,승용,여,31세,경상
2018061100100531,2018년 6월 11일 20시,월요일,인천광역시 미추홀구 숭의동,경상사고,0,0,1,0,차대차 - 측면충돌,중앙선침범,건조,맑음,단일로 - 기타,승용,남,35세,상해없음,승합,남,63세,경상
2018061100100532,2018년 6월 11일 20시,월요일,인천광역시 서구 불로동,중상사고,0,1,0,0,차대사람 - 보도통행중,보행자보호의무위반,건조,맑음,교차로 - 교차로안,승용,남,61세,상해없음,보행자,여,70세,중상
2018061100100561,2018년 6월 11일 21시,월요일,인천광역시 미추홀구 주안동,경상사고,0,0,1,0,차대차 - 측면충돌,안전운전불이행,건조,맑음,단일로 - 기타,승합,남,51세,상해없음,이륜,남,49세,경상
2018061100100562,2018년 6월 11일 21시,월요일,인천광역시 남동구 구월동,경상사고,0,0,1,0,차대차 - 기타,안전운전불이행,젖음/습기,기타,교차로 - 교차로부근,승합,남,37세,상해없음,이륜,남,39세,경상
2018061100100591,2018년 6월 11일 22시,월요일,인천광역시 서구 당하동,경상사고,0,0,2,0,차대차 - 추돌,안전운전불이행,건조,맑음,단일로 - 기타,화물,남,54세,상해없음,승용,여,44세,경상
2018061100100592,2018년 6월 11일 22시,월요일,인천광역시 계양구 병방동,경상사고,0,0,1,0,차대차 - 추돌,안전운전불이행,젖음/습기,비,단일로 - 기타,승용,남,52세,상해없음,승용,남,55세,경상
2018061100100593,2018년 6월 11일 22시,월요일,인천광역시 부평구 부평동,경상사고,0,0,1,0,차대사람 - 횡단중,신호위반,젖음/습기,비,교차로 - 교차로횡단보도내,이륜,남,16세,상해없음,보행자,남,43세,경상
2018061100100594,2018년 6월 11일 22시,월요일,인천광역시 부평구 삼산동,중상사고,0,1,0,0,차대사람 - 횡단중,신호위반,젖음/습기,비,단일로 - 기타,승용,여,36세,상해없음,보행자,여,23세,중상
2018061100100622,2018년 6월 11일 23시,월요일,인천광역시 미추홀구 학익동,중상사고,0,1,2,1,차대차 - 추돌,안전운전불이행,건조,맑음,교차로 - 교차로부근,승용,남,41세,상해없음,승용,남,44세,경상
2018061100100623,2018년 6월 11일 23시,월요일,인천광역시 미추홀구 주안동,경상사고,0,0,1,0,차대사람 - 길가장자리구역통행중,안전운전불이행,건조,맑음,기타 - 기타,승용,여,24세,상해없음,보행자,여,57세,경상
2018061200100015,2018년 6월 12일 00시,화요일,인천광역시 남동구 만수동,경상사고,0,0,1,0,차대사람 - 기타,안전운전불이행,건조,맑음,교차로 - 교차로부근,승용,남,26세,상해없음,보행자,남,66세,경상
2018061200100056,2018년 6월 12일 06시,화요일,인천광역시 남동구 서창동,중상사고,0,1,0,0,차대사람 - 횡단중,안전운전불이행,건조,맑음,교차로 - 교차로안,승용,남,41세,상해없음,보행자,여,45세,중상
2018061200100082,2018년 6월 12일 07시,화요일,인천광역시 계양구 계산동,중상사고,0,1,0,0,차대사람 - 차도통행중,기타,건조,맑음,단일로 - 기타,승합,남,58세,상해없음,보행자,여,31세,중상
2018061200100162,2018년 6월 12일 09시,화요일,인천광역시 남동구 수산동,경상사고,0,0,1,0,차대차 - 측면충돌,신호위반,건조,맑음,교차로 - 교차로안,승용,여,48세,상해없음,승용,남,38세,경상
2018061200100204,2018년 6월 12일 10시,화요일,인천광역시 미추홀구 용현동,경상사고,0,0,2,0,차대차 - 측면충돌,안전운전불이행,건조,맑음,단일로 - 기타,승합,남,45세,상해없음,승용,남,38세,경상
2018061200100205,2018년 6월 12일 10시,화요일,인천광역시 남동구 도림동,경상사고,0,0,1,0,차대차 - 기타,안전운전불이행,건조,맑음,단일로 - 기타,기타불명,기타불명,미분류,기타불명,승용,여,34세,경상
2018061200100329,2018년 6월 12일 14시,화요일,인천광역시 미추홀구 주안동,부상신고사고,0,0,0,1,차대차 - 추돌,차로위반,건조,맑음,교차로 - 교차로안,승용,여,40세,기타불명,승용,남,44세,부상신고
2018061200100330,2018년 6월 12일 14시,화요일,인천광역시 부평구 일신동,경상사고,0,0,2,0,차대차 - 측면충돌,차로위반,건조,맑음,기타 - 기타,승용,여,47세,기타불명,승용,남,33세,경상
2018061200100362,2018년 6월 12일 15시,화요일,인천광역시 서구 마전동,경상사고,0,0,1,0,차대사람 - 횡단중,신호위반,건조,맑음,교차로 - 교차로부근,승용,여,44세,상해없음,보행자,여,73세,경상
2018061200100363,2018년 6월 12일 15시,화요일,인천광역시 남동구 고잔동,경상사고,0,0,1,0,차대차 - 측면충돌,교차로운행방법위반,건조,맑음,교차로 - 교차로안,승용,여,39세,상해없음,승용,남,61세,경상
2018061200100394,2018년 6월 12일 16시,화요일,인천광역시 남동구 고잔동,경상사고,0,0,2,0,차대차 - 추돌,안전운전불이행,건조,맑음,단일로 - 기타,승용,남,38세,상해없음,승용,남,31세,경상
2018061200100449,2018년 6월 12일 17시,화요일,인천광역시 남동구 간석동,경상사고,0,0,1,0,차대사람 - 기타,안전운전불이행,건조,맑음,단일로 - 기타,승용,남,57세,상해없음,보행자,남,63세,경상
2018061200100450,2018년 6월 12일 17시,화요일,인천광역시 서구 경서동,중상사고,0,1,0,0,차대차 - 측면충돌,신호위반,건조,맑음,교차로 - 교차로안,승용,여,33세,상해없음,승용,남,26세,중상
2018061200100612,2018년 6월 12일 21시,화요일,인천광역시 남동구 만수동,중상사고,0,1,0,0,차대사람 - 기타,보행자보호의무위반,건조,맑음,교차로 - 교차로부근,승용,남,31세,상해없음,보행자,남,8세,중상
2018061200100613,2018년 6월 12일 21시,화요일,인천광역시 서구 가정동,중상사고,0,1,0,0,차대사람 - 횡단중,신호위반,건조,맑음,교차로 - 교차로부근,승용,여,22세,상해없음,보행자,남,60세,중상
2018061200100614,2018년 6월 12일 21시,화요일,인천광역시 남동구 만수동,경상사고,0,0,1,0,차대차 - 측면충돌,안전운전불이행,건조,맑음,단일로 - 기타,승용,남,59세,상해없음,승용,남,64세,경상
2018061200100615,2018년 6월 12일 21시,화요일,인천광역시 남동구 고잔동,경상사고,0,0,2,0,차대차 - 추돌,안전운전불이행,건조,맑음,교차로 - 교차로부근,승용,남,45세,상해없음,승용,남,31세,경상
2018061300100016,2018년 6월 13일 00시,수요일,인천광역시 미추홀구 학익동,경상사고,0,0,1,0,차량단독 - 기타,안전거리미확보,건조,맑음,단일로 - 기타,승합,남,56세,상해없음,,,,
2018061300100034,2018년 6월 13일 01시,수요일,인천광역시 계양구 작전동,경상사고,0,0,1,0,차대차 - 측면충돌,안전운전불이행,건조,맑음,단일로 - 기타,승용,남,26세,상해없음,승용,남,64세,경상