사고번호,사고일시,요일,시군구,사고내용,사망자수,중상자수,경상자수,부상신고자수,사고유형,법규위반,노면상태,기상상태,도로형태,가해운전자 차종,가해운전자 성별,가해운전자 연령,가해운전자 상해정도,피해운전자 차종,피해운전자 성별,피해운전자 연령,피해운전자 상해정도
2018061300100125,2018년 6월 13일 07시,수요일,인천광역시 부평구 일신동,경상사고,0,0,1,0,차대차 - 측면충돌,안전운전불이행,건조,맑음,교차로 - 교차로부근,승용,남,26세,상해없음,승용,남,29세,경상
2018061300100143,2018년 6월 13일 08시,수요일,인천광역시 서구 원당동,경상사고,0,0,1,0,차대차 - 측면충돌,교차로운행방법위반,건조,맑음,교차로 - 교차로안,승용,여,57세,상해없음,승용,남,49세,경상
2018061300100251,2018년 6월 13일 12시,수요일,인천광역시 중구 운남동,중상사고,0,1,0,0,차대차 - 측면충돌,신호위반,건조,맑음,교차로 - 교차로안,승용,남,49세,상해없음,자전거,남,41세,중상
2018061300100252,2018년 6월 13일 12시,수요일,인천광역시 서구 경서동,경상사고,0,0,1,0,차대차 - 측면충돌,안전운전불이행,건조,맑음,기타 - 기타,승용,여,45세,상해없음,자전거,여,26세,경상
2018061300100253,2018년 6월 13일 12시,수요일,인천광역시 연수구 송도동,경상사고,0,0,2,0,차대차 - 측면충돌,차로위반,건조,맑음,교차로 - 교차로부근,승용,여,37세,상해없음,승용,여,31세,경상
2018061300100278,2018년 6월 13일 13시,수요일,인천광역시 중구 항동7가,경상사고,0,0,2,0,차대차 - 측면충돌,교차로운행방법위반,건조,맑음,교차로 - 교차로부근,화물,남,48세,상해없음,승용,남,49세,경상
2018061300100279,2018년 6월 13일 13시,수요일,인천광역시 강화군 하점면,중상사고,0,1,0,0,차대차 - 측면충돌,교차로운행방법위반,건조,맑음,교차로 - 교차로안,원동기,남,77세,중상,승합,남,24세,상해없음
2018061300100344,2018년 6월 13일 15시,수요일,인천광역시 남동구 서창동,경상사고,0,0,1,0,차대차 - 기타,안전운전불이행,건조,맑음,단일로 - 기타,특수,남,58세,상해없음,승용,여,45세,상해없음
2018061300100386,2018년 6월 13일 16시,수요일,인천광역시 남동구 장수동,경상사고,0,0,3,1,차대차 - 측면충돌,신호위반,건조,맑음,교차로 - 교차로안,승용,남,56세,상해없음,승용,남,34세,경상
2018061300100414,2018년 6월 13일 17시,수요일,인천광역시 옹진군 영흥면,중상사고,0,2,0,0,차대차 - 측면충돌,중앙선침범,젖음/습기,흐림,단일로 - 기타,화물,여,58세,상해없음,화물,남,36세,중상
2018061300100415,2018년 6월 13일 17시,수요일,인천광역시 중구 신흥동2가,경상사고,0,0,1,0,차대차 - 추돌,안전거리미확보,건조,흐림,교차로 - 교차로부근,승용,여,30세,상해없음,승용,남,50세,경상
2018061300100416,2018년 6월 13일 17시,수요일,인천광역시 서구 연희동,경상사고,0,0,1,0,차대차 - 측면충돌,안전운전불이행,건조,맑음,교차로 - 교차로부근,승용,여,44세,상해없음,이륜,남,40세,경상
2018061300100417,2018년 6월 13일 17시,수요일,인천광역시 서구 당하동,중상사고,0,1,0,0,차대사람 - 횡단중,안전운전불이행,건조,맑음,단일로 - 기타,승용,남,52세,상해없음,보행자,여,75세,중상
2018061300100418,2018년 6월 13일 17시,수요일,인천광역시 계양구 계산동,경상사고,0,0,1,0,차량단독 - 기타,기타,건조,맑음,단일로 - 기타,승합,남,40세,상해없음,,,,
2018061300100454,2018년 6월 13일 18시,수요일,인천광역시 서구 가좌동,경상사고,0,0,1,0,차대차 - 추돌,안전운전불이행,건조,맑음,단일로 - 기타,기타불명,기타불명,미분류,기타불명,승용,남,40세,경상
2018061300100535,2018년 6월 13일 21시,수요일,인천광역시 부평구 부평동,경상사고,0,0,2,0,차대차 - 측면충돌,안전운전불이행,건조,맑음,단일로 - 기타,승용,남,62세,기타불명,승용,남,33세,경상
2018061300100558,2018년 6월 13일 22시,수요일,인천광역시 남동구 간석동,경상사고,0,0,1,0,차대사람 - 기타,안전운전불이행,건조,맑음,단일로 - 기타,승용,남,48세,상해없음,보행자,여,46세,경상
2018061300100559,2018년 6월 13일 22시,수요일,인천광역시 계양구 계산동,경상사고,0,0,1,0,차대차 - 측면충돌,차로위반,건조,맑음,단일로 - 기타,승용,여,32세,상해없음,승용,남,57세,경상
2018061400100004,2018년 6월 14일 00시,목요일,인천광역시 남동구 논현동,경상사고,0,0,1,0,차대차 - 추돌,안전거리미확보,건조,맑음,교차로 - 교차로부근,원동기,남,17세,상해없음,승용,남,60세,경상
2018061400100017,2018년 6월 14일 01시,목요일,인천광역시 부평구 부개동,중상사고,0,3,0,0,차대차 - 정면충돌,신호위반,건조,맑음,교차로 - 교차로안,승용,남,26세,상해없음,승용,남,64세,중상
2018061400100044,2018년 6월 14일 05시,목요일,인천광역시 미추홀구 학익동,부상신고사고,0,0,0,1,차대사람 - 기타,안전운전불이행,젖음/습기,맑음,단일로 - 기타,이륜,남,17세,상해없음,보행자,남,75세,부상신고
2018061400100076,2018년 6월 14일 07시,목요일,인천광역시 남동구 간석동,경상사고,0,0,1,0,차대차 - 기타,안전운전불이행,건조,맑음,기타 - 기타,승용,여,54세,기타불명,승용,남,36세,경상
2018061400100126,2018년 6월 14일 08시,목요일,인천광역시 부평구 십정동,경상사고,0,0,1,0,차대차 - 기타,안전운전불이행,젖음/습기,비,교차로 - 교차로부근,승용,여,41세,상해없음,승용,여,34세,경상
2018061400100127,2018년 6월 14일 08시,목요일,인천광역시 남동구 구월동,경상사고,0,0,3,0,차대차 - 측면충돌,신호위반,젖음/습기,비,교차로 - 교차로안,승용,여,40세,상해없음,화물,남,62세,경상
2018061400100183,2018년 6월 14일 10시,목요일,인천광역시 계양구 상야동,경상사고,0,0,2,0,차대차 - 추돌,안전거리미확보,건조,맑음,단일로 - 기타,건설기계,남,56세,상해없음,승용,남,53세,경상
2018061400100218,2018년 6월 14일 11시,목요일,인천광역시 서구 마전동,중상사고,0,1,0,0,차대차 - 기타,안전운전불이행,건조,맑음,교차로 - 교차로부근,승합,남,41세,상해없음,이륜,남,37세,중상
2018061400100219,2018년 6월 14일 11시,목요일,인천광역시 계양구 계산동,중상사고,0,1,0,0,차대차 - 추돌,안전운전불이행,건조,맑음,교차로 - 교차로안,승용,여,29세,상해없음,이륜,남,44세,중상
2018061400100348,2018년 6월 14일 15시,목요일,인천광역시 중구 경동,경상사고,0,0,1,0,차량단독 - 기타,안전운전불이행,젖음/습기,흐림,교차로 - 교차로부근,승용,남,55세,상해없음,,,,
2018061400100389,2018년 6월 14일 16시,목요일,인천광역시 계양구 귤현동,중상사고,0,1,1,0,차대차 - 측면충돌,기타,건조,맑음,교차로 - 교차로안,승용,여,49세,경상,승용,남,25세,중상
2018061400100448,2018년 6월 14일 17시,목요일,인천광역시 중구 운서동,중상사고,0,1,0,0,차대사람 - 기타,안전운전불이행,건조,맑음,교차로 - 교차로안,승용,여,39세,상해없음,보행자,남,13세,중상
2018061400100449,2018년 6월 14일 17시,목요일,인천광역시 연수구 송도동,경상사고,0,0,2,0,차대차 - 측면충돌,신호위반,건조,맑음,교차로 - 교차로안,화물,남,64세,상해없음,승용,남,45세,경상
2018061400100495,2018년 6월 14일 18시,목요일,인천광역시 강화군 양도면,경상사고,0,0,2,0,차대차 - 측면충돌,중앙선침범,건조,맑음,단일로 - 기타,승용,남,46세,상해없음,승용,여,35세,경상
2018061400100533,2018년 6월 14일 19시,목요일,인천광역시 동구 송림동,경상사고,0,0,1,0,차대사람 - 기타,안전운전불이행,건조,맑음,단일로 - 기타,승합,남,52세,상해없음,보행자,여,69세,경상
2018061400100569,2018년 6월 14일 20시,목요일,인천광역시 남동구 간석동,경상사고,0,0,1,0,차대사람 - 기타,안전운전불이행,건조,맑음,기타 - 기타,승합,남,66세,상해없음,보행자,남,71세,경상
2018061400100595,2018년 6월 14일 21시,목요일,인천광역시 미추홀구 주안동,경상사고,0,0,1,0,차대차 - 추돌,안전운전불이행,건조,맑음,단일로 - 기타,승용,남,60세,상해없음,승용,남,60세,경상
2018061500100011,2018년 6월 15일 00시,금요일,인천광역시 중구 을왕동,경상사고,0,0,2,0,차대차 - 추돌,안전운전불이행,젖음/습기,비,기타 - 기타,승용,남,19세,상해없음,승용,남,54세,경상
2018061500100012,2018년 6월 15일 00시,금요일,인천광역시 연수구 동춘동,중상사고,0,1,1,0,차대차 - 추돌,안전운전불이행,건조,맑음,교차로 - 교차로부근,승용,여,24세,상해없음,화물,남,37세,중상
2018061500100053,2018년 6월 15일 05시,금요일,인천광역시 부평구 부평동,경상사고,0,0,2,0,차대차 - 측면충돌,안전운전불이행,건조,맑음,단일로 - 기타,승합,남,64세,상해없음,승용,남,40세,경상
2018061500100062,2018년 6월 15일 06시,금요일,인천광역시 미추홀구 숭의동,중상사고,0,1,0,0,차대사람 - 횡단중,안전운전불이행,건조,맑음,교차로 - 교차로부근,승용,남,54세,상해없음,보행자,여,78세,중상
2018061500100208,2018년 6월 15일 11시,금요일,인천광역시 서구 검암동,중상사고,0,1,0,0,차대사람 - 횡단중,보행자보호의무위반,건조,맑음,교차로 - 교차로안,승용,여,60세,상해없음,보행자,남,77세,중상
2018061500100209,2018년 6월 15일 11시,금요일,인천광역시 서구 경서동,경상사고,0,0,1,0,차대차 - 측면충돌,안전운전불이행,건조,맑음,교차로 - 교차로부근,승용,남,33세,상해없음,화물,남,61세,경상
2018061500100210,2018년 6월 15일 11시,금요일,인천광역시 부평구 일신동,경상사고,0,0,1,0,차대차 - 측면충돌,안전운전불이행,건조,맑음,단일로 - 기타,기타불명,기타불명,미분류,기타불명,화물,남,41세,경상
2018061500100304,2018년 6월 15일 14시,금요일,인천광역시 남동구 간석동,경상사고,0,0,1,0,차대차 - 기타,안전운전불이행,건조,맑음,단일로 - 기타,승용,여,44세,상해없음,승용,남,55세,경상
2018061500100347,2018년 6월 15일 15시,금요일,인천광역시 계양구 계산동,경상사고,0,0,1,0,차대차 - 후진중충돌,안전운전불이행,건조,맑음,단일로 - 기타,승용,여,55세,상해없음,승용,남,58세,경상
2018061500100402,2018년 6월 15일 16시,금요일,인천광역시 부평구 십정동,중상사고,0,1,0,0,차대사람 - 기타,안전운전불이행,건조,맑음,교차로 - 교차로부근,승용,남,36세,상해없음,보행자,여,70세,중상
2018061500100403,2018년 6월 15일 16시,금요일,인천광역시 부평구 부개동,중상사고,0,1,0,0,차대사람 - 기타,안전운전불이행,건조,맑음,교차로 - 교차로안,승용,남,70세,상해없음,보행자,여,78세,중상
2018061500100454,2018년 6월 15일 17시,금요일,인천광역시 남동구 구월동,중상사고,0,1,4,0,차대차 - 기타,안전거리미확보,건조,맑음,기타 - 기타,승용,남,56세,상해없음,승용,남,27세,경상
2018061500100455,2018년 6월 15일 17시,금요일,인천광역시 서구 신현동,중상사고,0,1,0,0,차대차 - 기타,중앙선침범,건조,맑음,단일로 - 기타,승합,남,71세,상해없음,이륜,남,37세,중상
2018061500100544,2018년 6월 15일 19시,금요일,인천광역시 미추홀구 주안동,경상사고,0,0,1,0,차대사람 - 기타,보행자보호의무위반,건조,맑음,교차로 - 교차로안,승용,남,44세,상해없음,보행자,남,4세,경상
2018061500100585,2018년 6월 15일 20시,금요일,인천광역시 미추홀구 주안동,경상사고,0,0,1,0,차대사람 - 길가장자리구역통행중,기타,건조,맑음,단일로 - 기타,이륜,남,30세,상해없음,보행자,남,14세,경상
2018061500100655,2018년 6월 15일 22시,금요일,인천광역시 서구 연희동,경상사고,0,0,1,0,차대차 - 측면충돌,신호위반,건조,맑음,교차로 - 교차로안,이륜,남,16세,상해없음,이륜,남,41세,경상
2018061600100029,2018년 6월 16일 01시,토요일,인천광역시 미추홀구 주안동,경상사고,0,0,1,0,차대사람 - 횡단중,보행자보호의무위반,건조,맑음,교차로 - 교차로횡단보도내,승용,남,64세,상해없음,보행자,남,24세,경상
2018061600100045,2018년 6월 16일 02시,토요일,인천광역시 남동구 간석동,중상사고,0,1,0,0,차대차 - 기타,신호위반,건조,맑음,교차로 - 교차로안,기타불명,기타불명,미분류,기타불명,승용,남,54세,상해없음
2018061600100064,2018년 6월 16일 04시,토요일,인천광역시 계양구 하야동,경상사고,0,0,2,0,차대차 - 측면충돌,중앙선침범,건조,맑음,단일로 - 기타,승용,남,28세,상해없음,특수,남,62세,경상
2018061600100105,2018년 6월 16일 07시,토요일,인천광역시 남동구 만수동,중상사고,0,1,1,0,차대사람 - 횡단중,신호위반,건조,맑음,교차로 - 교차로안,화물,남,65세,상해없음,보행자,여,72세,경상
2018061600100144,2018년 6월 16일 09시,토요일,인천광역시 연수구 청학동,경상사고,0,0,1,0,차대사람 - 횡단중,안전운전불이행,건조,맑음,단일로 - 기타,승용,남,30세,상해없음,보행자,남,9세,경상
2018061600100161,2018년 6월 16일 10시,토요일,인천광역시 남동구 고잔동,중상사고,0,1,2,0,차대차 - 추돌,안전운전불이행,건조,맑음,단일로 - 기타,화물,남,49세,상해없음,승용,남,48세,중상
2018061600100197,2018년 6월 16일 11시,토요일,인천광역시 계양구 병방동,경상사고,0,0,1,0,차대사람 - 보도통행중,기타,건조,맑음,기타 - 기타,자전거,남,12세,상해없음,보행자,여,58세,경상
2018061600100198,2018년 6월 16일 11시,토요일,인천광역시 남동구 논현동,경상사고,0,0,1,0,차대차 - 추돌,안전운전불이행,건조,맑음,단일로 - 기타,화물,남,37세,상해없음,화물,남,54세,경상
2018061600100230,2018년 6월 16일 12시,토요일,인천광역시 서구 가좌동,경상사고,0,0,1,0,차대차 - 측면충돌,안전운전불이행,건조,맑음,교차로 - 교차로부근,승용,남,53세,상해없음,승용,남,29세,상해없음
2018061600100308,2018년 6월 16일 14시,토요일,인천광역시 남동구 구월동,중상사고,0,2,0,0,차대차 - 기타,차로위반,건조,맑음,단일로 - 기타,승용,남,24세,상해없음,이륜,남,79세,중상
2018061600100432,2018년 6월 16일 17시,토요일,인천광역시 서구 마전동,경상사고,0,0,1,0,차대차 - 기타,신호위반,건조,맑음,교차로 - 교차로횡단보도내,승용,여,52세,상해없음,이륜,남,46세,경상
2018061600100474,2018년 6월 16일 18시,토요일,인천광역시 중구 운서동,중상사고,0,1,0,0,차대차 - 측면충돌,신호위반,건조,맑음,교차로 - 교차로안,승용,남,21세,상해없음,승용,여,36세,중상
2018061600100475,2018년 6월 16일 18시,토요일,인천광역시 서구 심곡동,중상사고,0,1,0,0,차대차 - 측면충돌,안전운전불이행,건조,맑음,교차로 - 교차로부근,승용,남,37세,상해없음,이륜,남,29세,중상
2018061600100476,2018년 6월 16일 18시,토요일,인천광역시 서구 가좌동,경상사고,0,0,1,0,차대사람 - 기타,안전운전불이행,건조,맑음,교차로 - 교차로부근,승합,남,40세,기타불명,보행자,남,23세,경상
2018061600100477,2018년 6월 16일 18시,토요일,인천광역시 서구 마전동,경상사고,0,0,1,0,차대차 - 측면충돌,안전거리미확보,건조,맑음,단일로 - 기타,승용,남,57세,상해없음,승용,남,28세,경상
2018061600100538,2018년 6월 16일 20시,토요일,인천광역시 부평구 구산동,경상사고,0,0,1,0,차대차 - 추돌,안전운전불이행,건조,맑음,교차로 - 교차로안,승용,남,63세,상해없음,승용,남,39세,경상
2018061600100599,2018년 6월 16일 22시,토요일,인천광역시 남동구 구월동,경상사고,0,0,2,0,차대차 - 기타,안전운전불이행,건조,기타,기타 - 기타,기타불명,기타불명,미분류,기타불명,승용,남,50세,상해없음
2018061600100626,2018년 6월 16일 23시,토요일,인천광역시 미추홀구 주안동,경상사고,0,0,1,0,차대차 - 측면충돌,안전운전불이행,건조,흐림,단일로 - 기타,승용,남,42세,상해없음,승용,여,34세,경상
2018061700100015,2018년 6월 17일 00시,일요일,인천광역시 동구 송림동,경상사고,0,0,4,0,차대차 - 측면충돌,신호위반,건조,맑음,교차로 - 교차로안,승용,남,40세,경상,승용,남,46세,경상
2018061700100031,2018년 6월 17일 01시,일요일,인천광역시 미추홀구 도화동,중상사고,0,1,0,0,차량단독 - 기타,안전운전불이행,건조,맑음,교차로 - 교차로안,이륜,남,23세,상해없음,,,,
2018061700100032,2018년 6월 17일 01시,일요일,인천광역시 서구 마전동,중상사고,0,1,0,0,차대사람 - 횡단중,안전운전불이행,건조,맑음,기타 - 기타,승합,남,49세,상해없음,보행자,남,53세,중상
2018061700100061,2018년 6월 17일 03시,일요일,인천광역시 미추홀구 주안동,경상사고,0,0,2,0,차대차 - 측면충돌,신호위반,건조,맑음,교차로 - 교차로안,승용,여,53세,상해없음,승용,남,24세,경상
2018061700100079,2018년 6월 17일 05시,일요일,인천광역시 중구 운서동,중상사고,0,2,0,1,차량단독 - 공작물충돌,안전운전불이행,건조,맑음,단일로 - 기타,승용,남,15세,상해없음,,,,
2018061700100080,2018년 6월 17일 05시,일요일,인천광역시 서구 연희동,경상사고,0,0,1,1,차대차 - 측면충돌,신호위반,건조,맑음,교차로 - 교차로안,화물,남,62세,상해없음,승용,남,52세,경상
2018061700100093,2018년 6월 17일 06시,일요일,인천광역시 미추홀구 문학동,경상사고,0,0,3,0,차대차 - 추돌,안전운전불이행,건조,맑음,교차로 - 교차로부근,승용,남,65세,기타불명,승용,남,57세,경상
2018061700100103,2018년 6월 17일 07시,일요일,인천광역시 서구 가정동,경상사고,0,0,1,0,차대차 - 추돌,안전운전불이행,건조,맑음,단일로 - 터널,승용,남,20세,상해없음,승용,남,41세,경상
2018061700100188,2018년 6월 17일 12시,일요일,인천광역시 계양구 작전동,경상사고,0,0,2,0,차대차 - 측면충돌,안전운전불이행,건조,맑음,주차장 - 주차장,승용,남,32세,상해없음,승용,남,38세,경상
2018061700100216,2018년 6월 17일 13시,일요일,인천광역시 중구 을왕동,중상사고,0,1,0,0,차대차 - 기타,차로위반,건조,맑음,교차로 - 교차로안,승용,여,59세,상해없음,자전거,남,47세,중상
2018061700100217,2018년 6월 17일 13시,일요일,인천광역시 서구 가좌동,경상사고,0,0,3,0,차대차 - 추돌,안전운전불이행,건조,맑음,단일로 - 기타,승용,남,42세,상해없음,승용,남,39세,경상
2018061700100330,2018년 6월 17일 17시,일요일,인천광역시 계양구 작전동,부상신고사고,0,0,0,1,차대차 - 기타,안전운전불이행,건조,맑음,단일로 - 기타,기타불명,기타불명,미분류,기타불명,승용,남,19세,상해없음
2018061700100360,2018년 6월 17일 18시,일요일,인천광역시 중구 운서동,경상사고,0,0,5,1,차대차 - 측면충돌,중앙선침범,건조,맑음,교차로 - 교차로부근,승용,남,35세,상해없음,승용,남,66세,경상
2018061700100362,2018년 6월 17일 18시,일요일,인천광역시 계양구 효성동,경상사고,0,0,1,0,차대차 - 측면충돌,교차로운행방법위반,건조,맑음,교차로 - 교차로안,자전거,남,11세,경상,승용,남,65세,상해없음
2018061700100363,2018년 6월 17일 18시,일요일,인천광역시 계양구 계산동,경상사고,0,0,1,0,차대차 - 추돌,안전거리미확보,건조,맑음,단일로 - 기타,승용,남,22세,상해없음,승용,남,49세,경상
2018061700100389,2018년 6월 17일 19시,일요일,인천광역시 남동구 만수동,경상사고,0,0,1,0,차량단독 - 공작물충돌,안전운전불이행,건조,맑음,교차로 - 교차로부근,승용,남,48세,경상,,,,
2018061700100411,2018년 6월 17일 20시,일요일,인천광역시 남동구 장수동,경상사고,0,0,1,0,차대차 - 측면충돌,신호위반,건조,맑음,교차로 - 교차로안,승용,남,40세,상해없음,이륜,남,31세,경상
2018061700100432,2018년 6월 17일 21시,일요일,인천광역시 중구 운서동,중상사고,0,1,0,0,차대사람 - 기타,안전운전불이행,건조,맑음,단일로 - 고가도로위,승용,남,67세,상해없음,보행자,남,45세,중상
2018061700100456,2018년 6월 17일 22시,일요일,인천광역시 미추홀구 주안동,부상신고사고,0,0,0,1,차대사람 - 기타,안전운전불이행,기타,기타,단일로 - 기타,기타불명,기타불명,미분류,기타불명,보행자,남,23세,부상신고
2018061700100470,2018년 6월 17일 23시,일요일,인천광역시 강화군 강화읍,중상사고,0,1,0,0,차대사람 - 횡단중,직진우회전진행방해,건조,맑음,단일로 - 기타,승용,여,49세,상해없음,보행자,여,71세,중상
2018061800100015,2018년 6월 18일 01시,월요일,인천광역시 미추홀구 도화동,중상사고,0,1,1,0,차대차 - 추돌,안전운전불이행,건조,맑음,단일로 - 기타,승용,남,25세,상해없음,승용,남,50세,중상
2018061800100021,2018년 6월 18일 03시,월요일,인천광역시 미추홀구 주안동,중상사고,0,1,0,1,차대차 - 측면충돌,중앙선침범,건조,맑음,교차로 - 교차로부근,승용,남,22세,상해없음,승용,남,61세,중상
2018061800100068,2018년 6월 18일 07시,월요일,인천광역시 미추홀구 주안동,경상사고,0,0,1,0,차대차 - 측면충돌,안전운전불이행,건조,맑음,교차로 - 교차로부근,승용,남,63세,상해없음,승용,남,52세,경상
2018061800100069,2018년 6월 18일 07시,월요일,인천광역시 서구 오류동,경상사고,0,0,1,0,차대차 - 추돌,안전운전불이행,건조,맑음,단일로 - 기타,승용,남,37세,상해없음,화물,남,43세,경상
2018061800100070,2018년 6월 18일 07시,월요일,인천광역시 부평구 부평동,중상사고,0,1,0,0,차대차 - 기타,안전운전불이행,건조,맑음,기타 - 기타,화물,남,62세,상해없음,자전거,남,20세,중상
2018061800100071,2018년 6월 18일 07시,월요일,인천광역시 남동구 도림동,중상사고,0,2,2,0,차대차 - 추돌,안전운전불이행,건조,맑음,단일로 - 기타,화물,남,41세,중상,화물,남,35세,경상
2018061800100134,2018년 6월 18일 08시,월요일,인천광역시 부평구 청천동,경상사고,0,0,1,0,차대차 - 추돌,안전운전불이행,건조,맑음,단일로 - 고가도로위,기타불명,기타불명,미분류,기타불명,승용,남,64세,상해없음
2018061800100169,2018년 6월 18일 09시,월요일,인천광역시 부평구 부평동,중상사고,0,1,0,0,차대사람 - 보도통행중,기타,건조,맑음,기타 - 기타,화물,남,64세,상해없음,보행자,여,75세,중상
2018061800100170,2018년 6월 18일 09시,월요일,인천광역시 계양구 계산동,경상사고,0,0,1,0,차대사람 - 차도통행중,안전운전불이행,건조,맑음,교차로 - 교차로안,승용,여,45세,상해없음,보행자,여,81세,경상
2018061800100208,2018년 6월 18일 10시,월요일,인천광역시 강화군 삼산면,중상사고,0,1,1,0,차대차 - 정면충돌,안전운전불이행,건조,맑음,단일로 - 기타,화물,남,61세,상해없음,승용,남,69세,중상
2018061800100306,2018년 6월 18일 13시,월요일,인천광역시 미추홀구 도화동,경상사고,0,0,1,0,차대차 - 기타,안전거리미확보,건조,맑음,단일로 - 기타,승용,남,51세,기타불명,승용,여,49세,경상
2018061800100307,2018년 6월 18일 13시,월요일,인천광역시 미추홀구 용현동,중상사고,0,1,0,0,차대사람 - 기타,안전운전불이행,건조,맑음,교차로 - 교차로부근,승합,남,65세,상해없음,보행자,여,68세,중상
2018061800100373,2018년 6월 18일 15시,월요일,인천광역시 미추홀구 학익동,중상사고,0,1,0,0,차대사람 - 횡단중,안전운전불이행,건조,맑음,교차로 - 교차로부근,승용,여,55세,상해없음,보행자,남,14세,중상
2018061800100374,2018년 6월 18일 15시,월요일,인천광역시 부평구 부평동,경상사고,0,0,1,0,차대차 - 기타,안전운전불이행,건조,맑음,기타 - 기타,승용,여,37세,상해없음,승용,여,44세,경상
2018061800100418,2018년 6월 18일 16시,월요일,인천광역시 미추홀구 학익동,경상사고,0,0,2,0,차대차 - 측면충돌,안전운전불이행,건조,맑음,교차로 - 교차로부근,승용,여,54세,상해없음,승용,여,34세,경상
2018061800100468,2018년 6월 18일 17시,월요일,인천광역시 부평구 청천동,중상사고,0,1,0,0,차대차 - 측면충돌,신호위반,건조,맑음,단일로 - 기타,승용,남,42세,상해없음,자전거,남,56세,중상
2018061800100469,2018년 6월 18일 17시,월요일,인천광역시 연수구 선학동,경상사고,0,0,1,0,차대사람 - 차도통행중,안전운전불이행,건조,맑음,단일로 - 기타,화물,남,47세,상해없음,보행자,남,26세,경상
2018061800100470,2018년 6월 18일 17시,월요일,인천광역시 남동구 남촌동,경상사고,0,0,1,0,차대차 - 기타,안전운전불이행,건조,맑음,기타 - 기타,승용,남,32세,상해없음,승용,여,56세,경상
2018061800100531,2018년 6월 18일 18시,월요일,인천광역시 남동구 간석동,경상사고,0,0,1,0,차대차 - 측면충돌,신호위반,건조,맑음,교차로 - 교차로안,자전거,남,13세,상해없음,승용,남,23세,경상
2018061800100532,2018년 6월 18일 18시,월요일,인천광역시 서구 가좌동,경상사고,0,0,1,0,차대차 - 추돌,안전운전불이행,건조,맑음,교차로 - 교차로안,이륜,남,59세,경상,승용,남,36세,상해없음
2018061800100566,2018년 6월 18일 19시,월요일,인천광역시 서구 연희동,경상사고,0,0,1,0,차대사람 - 보도통행중,기타,건조,맑음,기타 - 기타,이륜,남,37세,상해없음,보행자,남,7세,경상
2018061800100604,2018년 6월 18일 20시,월요일,인천광역시 동구 금곡동,중상사고,0,1,0,0,차대사람 - 횡단중,보행자보호의무위반,건조,맑음,교차로 - 교차로횡단보도내,승합,남,60세,상해없음,보행자,여,50세,중상
2018061800100605,2018년 6월 18일 20시,월요일,인천광역시 남동구 간석동,경상사고,0,0,1,0,차대차 - 기타,안전운전불이행,건조,맑음,교차로 - 교차로안,승용,남,58세,상해없음,승용,남,29세,경상
2018061800100606,2018년 6월 18일 20시,월요일,인천광역시 서구 석남동,경상사고,0,0,1,0,차대사람 - 기타,안전운전불이행,건조,맑음,단일로 - 기타,승합,여,57세,상해없음,보행자,여,62세,경상
2018061800100648,2018년 6월 18일 21시,월요일,인천광역시 남동구 구월동,경상사고,0,0,1,0,차대차 - 측면충돌,안전운전불이행,건조,맑음,기타 - 기타,승합,남,39세,상해없음,승용,남,59세,경상
2018061900100035,2018년 6월 19일 04시,화요일,인천광역시 남동구 구월동,중상사고,0,1,1,0,차대차 - 측면충돌,안전운전불이행,건조,맑음,교차로 - 교차로안,승용,남,26세,상해없음,승용,여,60세,중상
2018061900100152,2018년 6월 19일 09시,화요일,인천광역시 연수구 청학동,중상사고,0,1,0,0,차대차 - 추돌,안전운전불이행,건조,맑음,단일로 - 기타,승용,남,35세,상해없음,승용,여,44세,중상
2018061900100191,2018년 6월 19일 10시,화요일,인천광역시 미추홀구 주안동,경상사고,0,0,1,0,차대차 - 후진중충돌,안전운전불이행,건조,맑음,단일로 - 기타,화물,남,39세,상해없음,승용,여,53세,경상
2018061900100217,2018년 6월 19일 11시,화요일,인천광역시 남동구 서창동,중상사고,0,1,0,0,차대사람 - 기타,안전운전불이행,건조,맑음,단일로 - 기타,화물,남,59세,상해없음,보행자,남,64세,중상
2018061900100287,2018년 6월 19일 13시,화요일,인천광역시 중구 신흥동3가,부상신고사고,0,0,0,1,차대차 - 기타,안전거리미확보,건조,맑음,교차로 - 교차로안,이륜,남,60세,부상신고,화물,남,57세,상해없음
2018061900100288,2018년 6월 19일 13시,화요일,인천광역시 중구 인현동,경상사고,0,0,1,0,차대사람 - 기타,기타,건조,맑음,단일로 - 기타,승합,남,41세,상해없음,보행자,여,75세,경상
2018061900100289,2018년 6월 19일 13시,화요일,인천광역시 남동구 구월동,중상사고,0,2,1,0,차대차 - 기타,신호위반,건조,맑음,교차로 - 교차로안,승용,남,62세,상해없음,승용,여,51세,경상
2018061900100290,2018년 6월 19일 13시,화요일,인천광역시 남동구 구월동,경상사고,0,0,1,0,차대차 - 기타,안전운전불이행,건조,맑음,기타 - 기타,승용,남,34세,상해없음,승용,남,32세,경상
2018061900100314,2018년 6월 19일 14시,화요일,인천광역시 부평구 십정동,경상사고,0,0,1,0,차대차 - 측면충돌,안전운전불이행,건조,맑음,교차로 - 교차로부근,승용,남,77세,상해없음,승용,여,40세,경상
2018061900100340,2018년 6월 19일 15시,화요일,인천광역시 남동구 고잔동,경상사고,0,0,1,0,차대차 - 기타,안전운전불이행,건조,맑음,교차로 - 교차로부근,화물,남,61세,상해없음,승합,남,59세,경상