사고번호,사고일시,요일,시군구,사고내용,사망자수,중상자수,경상자수,부상신고자수,사고유형,법규위반,노면상태,기상상태,도로형태,가해운전자 차종,가해운전자 성별,가해운전자 연령,가해운전자 상해정도,피해운전자 차종,피해운전자 성별,피해운전자 연령,피해운전자 상해정도
2018062500100423,2018년 6월 25일 15시,월요일,인천광역시 미추홀구 용현동,경상사고,0,0,1,0,차대사람 - 길가장자리구역통행중,안전운전불이행,건조,맑음,기타 - 기타,승용,여,59세,상해없음,보행자,여,10세,경상
2018062500100424,2018년 6월 25일 15시,월요일,인천광역시 남동구 구월동,경상사고,0,0,2,0,차대차 - 기타,안전운전불이행,건조,맑음,교차로 - 교차로부근,승용,남,30세,상해없음,승용,남,55세,상해없음
2018062500100425,2018년 6월 25일 15시,월요일,인천광역시 남동구 남촌동,경상사고,0,0,1,0,차대차 - 기타,안전운전불이행,건조,맑음,기타 - 기타,화물,남,26세,상해없음,이륜,남,39세,경상
2018062500100510,2018년 6월 25일 17시,월요일,인천광역시 남동구 구월동,경상사고,0,0,1,0,차대차 - 추돌,안전운전불이행,건조,맑음,교차로 - 교차로부근,승용,여,44세,상해없음,승용,여,38세,경상
2018062500100556,2018년 6월 25일 18시,월요일,인천광역시 미추홀구 주안동,경상사고,0,0,1,0,차대차 - 추돌,안전운전불이행,건조,맑음,교차로 - 교차로부근,승용,남,74세,상해없음,승용,남,55세,상해없음
2018062500100590,2018년 6월 25일 19시,월요일,인천광역시 중구 신흥동3가,경상사고,0,0,1,0,차대차 - 측면충돌,안전운전불이행,건조,맑음,교차로 - 교차로안,승용,남,24세,상해없음,승합,남,37세,경상
2018062500100591,2018년 6월 25일 19시,월요일,인천광역시 부평구 산곡동,경상사고,0,0,1,0,차대차 - 추돌,안전운전불이행,건조,맑음,단일로 - 기타,승용,남,25세,상해없음,승용,남,48세,경상
2018062500100592,2018년 6월 25일 19시,월요일,인천광역시 서구 가좌동,경상사고,0,0,1,0,차대차 - 측면충돌,신호위반,건조,맑음,교차로 - 교차로안,승용,남,20세,상해없음,승용,남,50세,경상
2018062500100648,2018년 6월 25일 21시,월요일,인천광역시 중구 운서동,경상사고,0,0,1,0,차대차 - 측면충돌,중앙선침범,건조,맑음,교차로 - 교차로안,승용,남,72세,상해없음,이륜,남,60세,경상
2018062500100649,2018년 6월 25일 21시,월요일,인천광역시 미추홀구 용현동,부상신고사고,0,0,0,1,차대사람 - 길가장자리구역통행중,안전운전불이행,건조,맑음,기타 - 기타,기타불명,기타불명,미분류,기타불명,보행자,남,38세,부상신고
2018062500100679,2018년 6월 25일 22시,월요일,인천광역시 남동구 구월동,중상사고,0,1,1,0,차대차 - 기타,안전운전불이행,건조,맑음,기타 - 기타,승용,남,55세,경상,승용,여,73세,중상
2018062600100015,2018년 6월 26일 00시,화요일,인천광역시 남동구 고잔동,중상사고,0,1,3,0,차대차 - 추돌,안전운전불이행,건조,맑음,교차로 - 교차로부근,승용,여,28세,상해없음,승용,남,24세,중상
2018062600100033,2018년 6월 26일 02시,화요일,인천광역시 남동구 구월동,경상사고,0,0,1,0,차대사람 - 기타,안전운전불이행,건조,맑음,기타 - 기타,승용,남,65세,상해없음,보행자,여,29세,경상
2018062600100034,2018년 6월 26일 02시,화요일,인천광역시 연수구 선학동,경상사고,0,0,1,0,차대차 - 측면충돌,신호위반,건조,맑음,교차로 - 교차로안,승용,여,57세,상해없음,승용,여,54세,경상
2018062600100051,2018년 6월 26일 04시,화요일,인천광역시 서구 가좌동,중상사고,0,1,0,0,차대차 - 측면충돌,교차로운행방법위반,젖음/습기,비,교차로 - 교차로부근,화물,남,58세,상해없음,승용,남,51세,중상
2018062600100080,2018년 6월 26일 06시,화요일,인천광역시 계양구 계산동,경상사고,0,0,1,0,차대차 - 추돌,교차로운행방법위반,건조,맑음,교차로 - 교차로부근,승용,남,51세,상해없음,화물,남,56세,경상
2018062600100081,2018년 6월 26일 06시,화요일,인천광역시 서구 경서동,경상사고,0,0,3,0,차대차 - 측면충돌,안전운전불이행,젖음/습기,비,단일로 - 기타,승용,남,50세,상해없음,승합,남,58세,상해없음
2018062600100108,2018년 6월 26일 07시,화요일,인천광역시 남동구 간석동,경상사고,0,0,1,0,차대차 - 기타,차로위반,건조,맑음,단일로 - 기타,화물,남,52세,상해없음,승용,남,50세,경상
2018062600100155,2018년 6월 26일 08시,화요일,인천광역시 부평구 십정동,경상사고,0,0,1,0,차대차 - 측면충돌,안전거리미확보,건조,맑음,단일로 - 기타,화물,남,45세,상해없음,승용,남,58세,경상
2018062600100230,2018년 6월 26일 10시,화요일,인천광역시 부평구 청천동,중상사고,0,1,0,0,차대차 - 측면충돌,안전운전불이행,젖음/습기,비,교차로 - 교차로안,승용,남,49세,상해없음,승용,남,27세,중상
2018062600100378,2018년 6월 26일 15시,화요일,인천광역시 동구 화평동,경상사고,0,0,2,0,차대차 - 추돌,교차로운행방법위반,젖음/습기,비,단일로 - 기타,승용,남,44세,경상,화물,남,33세,상해없음
2018062600100379,2018년 6월 26일 15시,화요일,인천광역시 부평구 삼산동,경상사고,0,0,1,0,차대사람 - 횡단중,신호위반,젖음/습기,비,교차로 - 교차로횡단보도내,승용,여,34세,상해없음,보행자,남,11세,경상
2018062600100455,2018년 6월 26일 17시,화요일,인천광역시 서구 원창동,경상사고,0,0,1,0,차대차 - 측면충돌,안전운전불이행,젖음/습기,비,단일로 - 기타,승용,남,39세,상해없음,승용,여,35세,경상
2018062600100456,2018년 6월 26일 17시,화요일,인천광역시 서구 연희동,경상사고,0,0,1,0,차대사람 - 길가장자리구역통행중,안전운전불이행,건조,맑음,단일로 - 기타,승합,남,65세,상해없음,보행자,남,17세,경상
2018062600100523,2018년 6월 26일 19시,화요일,인천광역시 연수구 동춘동,경상사고,0,0,3,0,차대차 - 측면충돌,안전거리미확보,젖음/습기,비,단일로 - 기타,화물,남,53세,상해없음,승용,남,58세,경상
2018062600100524,2018년 6월 26일 19시,화요일,인천광역시 연수구 선학동,경상사고,0,0,1,0,차대차 - 측면충돌,신호위반,젖음/습기,비,교차로 - 교차로안,승용,남,60세,상해없음,승용,여,49세,경상
2018062600100598,2018년 6월 26일 21시,화요일,인천광역시 미추홀구 주안동,경상사고,0,0,1,0,차대사람 - 기타,기타,건조,맑음,기타 - 기타,승용,남,45세,상해없음,보행자,여,30세,경상
2018062700100012,2018년 6월 27일 00시,수요일,인천광역시 연수구 동춘동,경상사고,0,0,2,0,차대차 - 추돌,안전운전불이행,젖음/습기,비,교차로 - 교차로부근,승용,여,35세,상해없음,승용,여,51세,경상
2018062700100043,2018년 6월 27일 03시,수요일,인천광역시 남동구 논현동,경상사고,0,0,3,0,차대차 - 측면충돌,안전거리미확보,젖음/습기,비,단일로 - 기타,승용,남,30세,상해없음,승용,남,61세,경상
2018062700100068,2018년 6월 27일 06시,수요일,인천광역시 계양구 계산동,경상사고,0,0,1,0,차대차 - 기타,안전운전불이행,건조,맑음,단일로 - 기타,승용,남,65세,상해없음,승용,남,46세,경상
2018062700100246,2018년 6월 27일 13시,수요일,인천광역시 서구 연희동,경상사고,0,0,1,0,차대차 - 기타,안전운전불이행,건조,맑음,교차로 - 교차로안,승용,여,52세,상해없음,화물,남,44세,경상
2018062700100272,2018년 6월 27일 14시,수요일,인천광역시 중구 운서동,경상사고,0,0,1,0,차대사람 - 횡단중,신호위반,건조,흐림,단일로 - 기타,승용,남,54세,상해없음,보행자,남,59세,경상
2018062700100273,2018년 6월 27일 14시,수요일,인천광역시 남동구 간석동,중상사고,0,1,0,0,차대사람 - 기타,기타,건조,맑음,교차로 - 교차로안,승용,여,57세,상해없음,보행자,여,7세,중상
2018062700100302,2018년 6월 27일 15시,수요일,인천광역시 남동구 만수동,경상사고,0,0,1,0,차대차 - 측면충돌,교차로운행방법위반,건조,맑음,교차로 - 교차로안,승용,남,78세,상해없음,승용,여,76세,경상
2018062700100393,2018년 6월 27일 17시,수요일,인천광역시 연수구 연수동,경상사고,0,0,1,0,차대차 - 측면충돌,불법유턴,건조,맑음,단일로 - 기타,승용,남,39세,상해없음,승용,여,45세,경상
2018062700100426,2018년 6월 27일 18시,수요일,인천광역시 미추홀구 학익동,경상사고,0,0,1,0,차대차 - 추돌,안전운전불이행,건조,맑음,교차로 - 교차로부근,화물,남,59세,상해없음,화물,남,58세,상해없음
2018062700100427,2018년 6월 27일 18시,수요일,인천광역시 계양구 효성동,중상사고,0,1,0,0,차대차 - 측면충돌,안전운전불이행,건조,맑음,교차로 - 교차로안,화물,남,62세,상해없음,승용,남,57세,중상
2018062700100455,2018년 6월 27일 19시,수요일,인천광역시 서구 검암동,경상사고,0,0,1,0,차대차 - 기타,안전운전불이행,건조,맑음,단일로 - 고가도로위,승용,남,68세,기타불명,승용,남,31세,경상
2018062700100481,2018년 6월 27일 20시,수요일,인천광역시 남동구 간석동,중상사고,0,1,1,0,차대차 - 추돌,안전거리미확보,건조,맑음,교차로 - 교차로부근,승용,남,63세,경상,승용,여,28세,중상
2018062700100482,2018년 6월 27일 20시,수요일,인천광역시 서구 원창동,경상사고,0,0,1,0,차대차 - 측면충돌,안전거리미확보,건조,맑음,단일로 - 기타,화물,남,59세,상해없음,화물,남,59세,경상
2018062700100513,2018년 6월 27일 21시,수요일,인천광역시 부평구 부평동,경상사고,0,0,2,0,차대차 - 정면충돌,신호위반,건조,맑음,교차로 - 교차로안,원동기,남,50세,상해없음,승용,여,53세,경상
2018062700100544,2018년 6월 27일 22시,수요일,인천광역시 남동구 간석동,경상사고,0,0,1,0,차대차 - 측면충돌,안전운전불이행,건조,맑음,교차로 - 교차로안,승용,남,69세,상해없음,승용,남,32세,경상
2018062700100545,2018년 6월 27일 22시,수요일,인천광역시 남동구 간석동,경상사고,0,0,1,0,차대차 - 측면충돌,안전운전불이행,건조,맑음,단일로 - 기타,승용,남,57세,상해없음,승용,남,70세,경상
2018062700100570,2018년 6월 27일 23시,수요일,인천광역시 중구 을왕동,경상사고,0,0,3,0,차대차 - 추돌,안전운전불이행,건조,흐림,교차로 - 교차로부근,화물,남,62세,상해없음,승용,남,26세,경상
2018062800100026,2018년 6월 28일 01시,목요일,인천광역시 남동구 만수동,경상사고,0,0,1,0,차대차 - 추돌,안전운전불이행,젖음/습기,비,교차로 - 교차로안,승용,남,28세,상해없음,승용,여,44세,경상
2018062800100065,2018년 6월 28일 05시,목요일,인천광역시 계양구 계산동,경상사고,0,0,1,0,차대차 - 측면충돌,안전운전불이행,건조,맑음,단일로 - 기타,기타불명,기타불명,미분류,기타불명,자전거,남,80세,경상
2018062800100170,2018년 6월 28일 09시,목요일,인천광역시 동구 송림동,경상사고,0,0,1,0,차대차 - 정면충돌,교차로운행방법위반,건조,맑음,교차로 - 교차로안,승합,남,58세,상해없음,화물,남,58세,경상
2018062800100171,2018년 6월 28일 09시,목요일,인천광역시 서구 연희동,경상사고,0,0,1,0,차대차 - 추돌,안전운전불이행,건조,맑음,교차로 - 교차로안,승용,남,36세,상해없음,화물,남,63세,경상
2018062800100172,2018년 6월 28일 09시,목요일,인천광역시 계양구 방축동,중상사고,0,1,0,0,차대차 - 측면충돌,안전운전불이행,건조,맑음,교차로 - 교차로안,승용,남,53세,상해없음,이륜,남,63세,중상
2018062800100173,2018년 6월 28일 09시,목요일,인천광역시 부평구 부개동,경상사고,0,0,1,0,차대차 - 기타,안전운전불이행,젖음/습기,흐림,교차로 - 교차로안,승용,남,47세,경상,승용,남,37세,상해없음
2018062800100207,2018년 6월 28일 10시,목요일,인천광역시 서구 석남동,경상사고,0,0,1,0,차대사람 - 길가장자리구역통행중,안전운전불이행,건조,맑음,단일로 - 기타,승용,남,76세,상해없음,보행자,남,78세,경상
2018062800100251,2018년 6월 28일 12시,목요일,인천광역시 남동구 구월동,경상사고,0,0,1,0,차대사람 - 기타,보행자보호의무위반,건조,맑음,기타 - 기타,승용,남,21세,상해없음,보행자,여,35세,경상
2018062800100252,2018년 6월 28일 12시,목요일,인천광역시 서구 청라동,경상사고,0,0,2,0,차대차 - 기타,신호위반,건조,맑음,교차로 - 교차로안,승용,남,24세,상해없음,승용,여,34세,경상
2018062800100325,2018년 6월 28일 15시,목요일,인천광역시 서구 연희동,경상사고,0,0,1,0,차대사람 - 기타,안전운전불이행,건조,맑음,단일로 - 기타,승합,남,60세,상해없음,보행자,여,30세,경상
2018062800100362,2018년 6월 28일 16시,목요일,인천광역시 미추홀구 용현동,경상사고,0,0,1,0,차대차 - 기타,교차로운행방법위반,젖음/습기,비,교차로 - 교차로안,승용,남,46세,상해없음,자전거,남,12세,경상
2018062800100363,2018년 6월 28일 16시,목요일,인천광역시 남동구 구월동,경상사고,0,0,1,0,차대차 - 기타,안전운전불이행,건조,맑음,교차로 - 교차로부근,승용,남,28세,상해없음,승용,남,26세,경상
2018062800100364,2018년 6월 28일 16시,목요일,인천광역시 계양구 작전동,중상사고,0,1,0,0,차대사람 - 횡단중,보행자보호의무위반,젖음/습기,비,교차로 - 교차로안,승용,여,69세,상해없음,보행자,여,18세,중상
2018062800100406,2018년 6월 28일 17시,목요일,인천광역시 남동구 만수동,경상사고,0,0,1,0,차대사람 - 보도통행중,안전운전불이행,젖음/습기,비,교차로 - 교차로부근,기타불명,기타불명,미분류,기타불명,보행자,여,20세,경상
2018062800100407,2018년 6월 28일 17시,목요일,인천광역시 남동구 남촌동,중상사고,0,1,0,0,차대사람 - 차도통행중,안전운전불이행,젖음/습기,맑음,교차로 - 교차로안,화물,남,67세,상해없음,보행자,여,62세,중상
2018062800100447,2018년 6월 28일 18시,목요일,인천광역시 중구 신흥동3가,중상사고,0,1,1,0,차대차 - 측면충돌,교차로운행방법위반,젖음/습기,맑음,교차로 - 교차로안,특수,남,52세,경상,승용,여,41세,중상
2018062800100448,2018년 6월 28일 18시,목요일,인천광역시 서구 가좌동,경상사고,0,0,1,0,차대차 - 측면충돌,안전운전불이행,건조,흐림,단일로 - 기타,이륜,남,29세,경상,승용,여,57세,상해없음
2018062800100542,2018년 6월 28일 21시,목요일,인천광역시 미추홀구 주안동,중상사고,0,1,0,0,차대사람 - 횡단중,과속,젖음/습기,비,단일로 - 기타,승용,남,58세,상해없음,보행자,남,37세,중상
2018062800100543,2018년 6월 28일 21시,목요일,인천광역시 부평구 청천동,경상사고,0,0,1,0,차대차 - 추돌,안전운전불이행,건조,맑음,교차로 - 교차로부근,승용,남,39세,상해없음,화물,남,29세,경상
2018062800100544,2018년 6월 28일 21시,목요일,인천광역시 남동구 구월동,경상사고,0,0,1,0,차대사람 - 횡단중,안전운전불이행,젖음/습기,비,기타 - 기타,승용,여,64세,상해없음,보행자,남,24세,경상
2018062800100545,2018년 6월 28일 21시,목요일,인천광역시 서구 가좌동,경상사고,0,0,2,0,차대차 - 측면충돌,신호위반,건조,흐림,교차로 - 교차로부근,승합,남,57세,경상,승용,여,39세,경상
2018062800100546,2018년 6월 28일 21시,목요일,인천광역시 연수구 청학동,중상사고,0,1,0,0,차대차 - 측면충돌,신호위반,젖음/습기,비,단일로 - 기타,승용,남,55세,상해없음,이륜,남,38세,중상
2018062800100547,2018년 6월 28일 21시,목요일,인천광역시 부평구 부평동,경상사고,0,0,2,0,차대차 - 측면충돌,교차로운행방법위반,건조,맑음,단일로 - 기타,승용,여,52세,상해없음,승용,남,22세,상해없음
2018062800100571,2018년 6월 28일 22시,목요일,인천광역시 미추홀구 용현동,경상사고,0,0,1,0,차대사람 - 횡단중,안전운전불이행,건조,맑음,단일로 - 기타,기타불명,기타불명,미분류,기타불명,보행자,여,41세,경상
2018062800100572,2018년 6월 28일 22시,목요일,인천광역시 남동구 구월동,경상사고,0,0,1,0,차대사람 - 횡단중,보행자보호의무위반,젖음/습기,비,교차로 - 교차로횡단보도내,승용,남,72세,상해없음,보행자,남,42세,경상
2018062800100598,2018년 6월 28일 23시,목요일,인천광역시 서구 원창동,중상사고,0,1,0,0,차대차 - 추돌,안전운전불이행,건조,맑음,단일로 - 기타,화물,남,28세,기타불명,승용,여,28세,중상
2018062900100083,2018년 6월 29일 07시,금요일,인천광역시 남동구 간석동,경상사고,0,0,2,0,차대차 - 정면충돌,안전운전불이행,건조,맑음,교차로 - 교차로안,승용,남,23세,상해없음,승용,남,47세,경상
2018062900100134,2018년 6월 29일 08시,금요일,인천광역시 중구 운서동,중상사고,0,2,2,5,차대차 - 측면충돌,교차로운행방법위반,건조,맑음,교차로 - 교차로안,화물,남,56세,중상,승합,남,52세,상해없음
2018062900100135,2018년 6월 29일 08시,금요일,인천광역시 서구 경서동,경상사고,0,0,1,0,차량단독 - 기타,안전운전불이행,건조,맑음,단일로 - 기타,승합,남,49세,상해없음,,,,
2018062900100136,2018년 6월 29일 08시,금요일,인천광역시 남동구 만수동,경상사고,0,0,1,0,차대사람 - 횡단중,안전운전불이행,건조,맑음,단일로 - 기타,승용,여,26세,상해없음,보행자,여,37세,경상
2018062900100159,2018년 6월 29일 09시,금요일,인천광역시 연수구 연수동,중상사고,0,1,1,0,차대차 - 측면충돌,신호위반,건조,기타,교차로 - 교차로안,승합,남,63세,상해없음,승용,남,76세,중상
2018062900100243,2018년 6월 29일 12시,금요일,인천광역시 중구 운서동,중상사고,0,1,0,0,차대차 - 측면충돌,안전거리미확보,건조,맑음,단일로 - 기타,승용,남,47세,상해없음,이륜,남,44세,중상
2018062900100244,2018년 6월 29일 12시,금요일,인천광역시 남동구 만수동,중상사고,0,1,0,0,차대차 - 측면충돌,교차로운행방법위반,건조,맑음,교차로 - 교차로안,승용,남,55세,상해없음,이륜,남,51세,중상
2018062900100276,2018년 6월 29일 13시,금요일,인천광역시 미추홀구 주안동,경상사고,0,0,1,0,차대차 - 측면충돌,안전운전불이행,건조,맑음,단일로 - 기타,승용,남,49세,상해없음,승용,여,50세,상해없음
2018062900100277,2018년 6월 29일 13시,금요일,인천광역시 부평구 삼산동,경상사고,0,0,3,0,차대차 - 추돌,안전운전불이행,건조,맑음,단일로 - 교량,승용,남,67세,상해없음,승용,여,39세,경상
2018062900100310,2018년 6월 29일 14시,금요일,인천광역시 미추홀구 용현동,경상사고,0,0,2,0,차대차 - 추돌,안전운전불이행,건조,맑음,단일로 - 기타,승용,남,79세,상해없음,승용,남,40세,경상
2018062900100351,2018년 6월 29일 15시,금요일,인천광역시 부평구 부평동,경상사고,0,0,3,0,차대차 - 추돌,안전운전불이행,건조,맑음,교차로 - 교차로부근,승용,남,55세,상해없음,승용,남,33세,경상
2018062900100391,2018년 6월 29일 16시,금요일,인천광역시 남동구 구월동,경상사고,0,0,1,0,차대사람 - 횡단중,보행자보호의무위반,건조,맑음,교차로 - 교차로안,이륜,남,21세,상해없음,보행자,여,27세,경상
2018062900100392,2018년 6월 29일 16시,금요일,인천광역시 남동구 구월동,중상사고,0,1,0,0,차대사람 - 기타,안전운전불이행,건조,맑음,교차로 - 교차로안,화물,남,45세,상해없음,보행자,여,75세,중상
2018062900100438,2018년 6월 29일 17시,금요일,인천광역시 서구 왕길동,경상사고,0,0,1,0,차대차 - 측면충돌,신호위반,건조,맑음,교차로 - 교차로안,원동기,남,17세,상해없음,원동기,남,26세,경상
2018062900100485,2018년 6월 29일 18시,금요일,인천광역시 서구 당하동,경상사고,0,0,1,0,차대차 - 추돌,안전운전불이행,건조,맑음,교차로 - 교차로부근,원동기,남,16세,경상,화물,남,48세,상해없음
2018062900100486,2018년 6월 29일 18시,금요일,인천광역시 계양구 계산동,경상사고,0,0,2,0,차대차 - 측면충돌,안전운전불이행,건조,맑음,교차로 - 교차로안,화물,남,57세,상해없음,승용,여,40세,경상
2018062900100619,2018년 6월 29일 22시,금요일,인천광역시 부평구 부평동,경상사고,0,0,1,0,차대차 - 측면충돌,교차로운행방법위반,건조,맑음,교차로 - 교차로안,승용,남,29세,상해없음,승용,여,55세,경상
2018062900100620,2018년 6월 29일 22시,금요일,인천광역시 남동구 구월동,경상사고,0,0,1,0,차대사람 - 기타,안전운전불이행,건조,맑음,기타 - 기타,승용,남,54세,상해없음,보행자,남,60세,경상
2018063000100018,2018년 6월 30일 00시,토요일,인천광역시 계양구 작전동,부상신고사고,0,0,0,1,차대차 - 측면충돌,안전운전불이행,건조,맑음,교차로 - 교차로부근,이륜,남,21세,부상신고,승용,남,57세,상해없음
2018063000100041,2018년 6월 30일 01시,토요일,인천광역시 부평구 구산동,중상사고,0,1,0,0,차대차 - 기타,안전운전불이행,건조,맑음,단일로 - 기타,승용,남,36세,상해없음,승용,남,36세,상해없음
2018063000100054,2018년 6월 30일 02시,토요일,인천광역시 남동구 간석동,경상사고,0,0,1,0,차대사람 - 기타,안전운전불이행,건조,맑음,단일로 - 기타,승용,남,44세,상해없음,보행자,남,36세,경상
2018063000100065,2018년 6월 30일 03시,토요일,인천광역시 남동구 간석동,경상사고,0,0,1,0,차대사람 - 길가장자리구역통행중,안전운전불이행,건조,맑음,단일로 - 기타,승용,남,36세,상해없음,보행자,남,41세,경상
2018063000100066,2018년 6월 30일 03시,토요일,인천광역시 남동구 도림동,경상사고,0,0,1,0,차량단독 - 기타,안전운전불이행,건조,맑음,단일로 - 기타,이륜,남,22세,경상,,,,
2018063000100076,2018년 6월 30일 04시,토요일,인천광역시 서구 연희동,중상사고,0,3,1,0,차대차 - 추돌,안전거리미확보,건조,맑음,단일로 - 기타,승용,남,38세,기타불명,승용,여,47세,중상
2018063000100091,2018년 6월 30일 06시,토요일,인천광역시 강화군 송해면,부상신고사고,0,0,0,1,차대사람 - 길가장자리구역통행중,안전운전불이행,건조,맑음,단일로 - 기타,화물,남,51세,상해없음,보행자,남,23세,부상신고
2018063000100266,2018년 6월 30일 13시,토요일,인천광역시 중구 신생동,경상사고,0,0,2,0,차대차 - 측면충돌,안전거리미확보,건조,맑음,교차로 - 교차로부근,승용,남,63세,경상,승용,여,54세,경상
2018063000100267,2018년 6월 30일 13시,토요일,인천광역시 강화군 강화읍,중상사고,0,1,0,0,차대차 - 측면충돌,안전운전불이행,건조,맑음,교차로 - 교차로안,승용,남,24세,상해없음,원동기,남,49세,중상
2018063000100357,2018년 6월 30일 16시,토요일,인천광역시 미추홀구 주안동,경상사고,0,0,1,0,차대차 - 기타,안전운전불이행,건조,맑음,교차로 - 교차로횡단보도내,승용,남,27세,상해없음,자전거,여,76세,경상
2018063000100524,2018년 6월 30일 22시,토요일,인천광역시 미추홀구 용현동,경상사고,0,0,2,0,차대차 - 추돌,안전운전불이행,건조,맑음,교차로 - 교차로부근,승용,남,28세,상해없음,승용,여,51세,경상
2018070100100017,2018년 7월 1일 00시,일요일,인천광역시 계양구 계산동,중상사고,0,2,0,0,차대사람 - 횡단중,안전운전불이행,건조,맑음,단일로 - 기타,승용,남,58세,상해없음,보행자,남,57세,중상
2018070100100033,2018년 7월 1일 01시,일요일,인천광역시 서구 가좌동,경상사고,0,0,1,0,차대차 - 기타,안전운전불이행,건조,맑음,단일로 - 기타,기타불명,기타불명,미분류,기타불명,승용,남,60세,경상
2018070100100045,2018년 7월 1일 02시,일요일,인천광역시 남동구 구월동,중상사고,0,1,0,0,차대차 - 추돌,안전운전불이행,건조,맑음,교차로 - 교차로부근,이륜,남,19세,중상,이륜,남,22세,상해없음
2018070100100059,2018년 7월 1일 03시,일요일,인천광역시 동구 화평동,경상사고,0,0,1,0,차대차 - 추돌,안전거리미확보,건조,맑음,단일로 - 기타,승용,남,57세,상해없음,승용,남,68세,경상
2018070100100060,2018년 7월 1일 03시,일요일,인천광역시 부평구 청천동,경상사고,0,0,1,0,차대차 - 기타,안전운전불이행,건조,맑음,단일로 - 기타,기타불명,기타불명,미분류,기타불명,승용,남,58세,상해없음
2018070100100061,2018년 7월 1일 03시,일요일,인천광역시 서구 석남동,경상사고,0,0,2,0,차대차 - 측면충돌,안전운전불이행,건조,맑음,단일로 - 기타,승용,남,29세,상해없음,승용,남,53세,경상
2018070100100069,2018년 7월 1일 04시,일요일,인천광역시 부평구 십정동,부상신고사고,0,0,0,1,차대사람 - 기타,안전운전불이행,건조,맑음,단일로 - 기타,기타불명,기타불명,미분류,기타불명,보행자,남,33세,부상신고
2018070100100079,2018년 7월 1일 05시,일요일,인천광역시 부평구 갈산동,중상사고,0,1,0,0,차대차 - 기타,중앙선침범,젖음/습기,비,단일로 - 고가도로위,승용,남,48세,상해없음,승용,남,49세,중상
2018070100100080,2018년 7월 1일 05시,일요일,인천광역시 부평구 일신동,경상사고,0,0,3,0,차대차 - 측면충돌,교차로운행방법위반,젖음/습기,비,교차로 - 교차로안,승용,남,30세,상해없음,승용,남,24세,경상
2018070100100099,2018년 7월 1일 07시,일요일,인천광역시 부평구 부개동,경상사고,0,0,1,0,차대차 - 추돌,안전운전불이행,젖음/습기,비,단일로 - 기타,승용,남,28세,상해없음,승용,남,48세,경상
2018070100100117,2018년 7월 1일 09시,일요일,인천광역시 부평구 십정동,중상사고,0,1,2,0,차량단독 - 공작물충돌,안전운전불이행,젖음/습기,비,교차로 - 교차로안,승용,남,75세,상해없음,,,,
2018070100100118,2018년 7월 1일 09시,일요일,인천광역시 강화군 길상면,중상사고,0,3,0,0,차대차 - 정면충돌,안전운전불이행,젖음/습기,비,교차로 - 교차로안,승용,남,22세,상해없음,승용,여,57세,중상
2018070100100132,2018년 7월 1일 10시,일요일,인천광역시 미추홀구 도화동,경상사고,0,0,3,0,차대차 - 추돌,안전운전불이행,젖음/습기,비,교차로 - 교차로부근,승합,남,62세,상해없음,승용,남,43세,경상
2018070100100166,2018년 7월 1일 12시,일요일,인천광역시 강화군 강화읍,경상사고,0,0,4,0,차대차 - 기타,안전운전불이행,젖음/습기,비,교차로 - 교차로부근,화물,남,67세,상해없음,승용,남,31세,경상
2018070100100183,2018년 7월 1일 13시,일요일,인천광역시 강화군 강화읍,경상사고,0,0,1,0,차대차 - 측면충돌,안전운전불이행,젖음/습기,흐림,교차로 - 교차로부근,승용,여,59세,상해없음,승용,여,79세,경상
2018070100100184,2018년 7월 1일 13시,일요일,인천광역시 부평구 부개동,경상사고,0,0,1,0,차대차 - 추돌,안전거리미확보,젖음/습기,비,단일로 - 기타,승용,남,66세,상해없음,승용,남,29세,경상
2018070100100261,2018년 7월 1일 16시,일요일,인천광역시 계양구 임학동,부상신고사고,0,0,0,1,차대차 - 측면충돌,안전운전불이행,젖음/습기,비,단일로 - 기타,승용,여,32세,상해없음,이륜,남,16세,부상신고
2018070100100288,2018년 7월 1일 17시,일요일,인천광역시 옹진군 영흥면,경상사고,0,0,2,0,차대차 - 정면충돌,중앙선침범,젖음/습기,비,단일로 - 기타,승용,남,49세,상해없음,승용,남,51세,경상
2018070100100289,2018년 7월 1일 17시,일요일,인천광역시 계양구 효성동,경상사고,0,0,1,0,차대차 - 측면충돌,안전운전불이행,젖음/습기,비,교차로 - 교차로부근,승용,여,41세,상해없음,승용,남,63세,경상
2018070100100313,2018년 7월 1일 18시,일요일,인천광역시 부평구 삼산동,경상사고,0,0,1,0,차대차 - 추돌,안전운전불이행,건조,맑음,단일로 - 기타,승용,남,53세,상해없음,승용,남,38세,경상
2018070100100348,2018년 7월 1일 19시,일요일,인천광역시 미추홀구 숭의동,경상사고,0,0,1,0,차대차 - 측면충돌,안전운전불이행,젖음/습기,비,교차로 - 교차로안,승용,남,61세,상해없음,승용,여,42세,경상
2018070100100349,2018년 7월 1일 19시,일요일,인천광역시 남동구 간석동,경상사고,0,0,3,0,차대차 - 측면충돌,안전운전불이행,젖음/습기,비,단일로 - 기타,승용,남,45세,상해없음,승용,남,36세,경상
2018070100100351,2018년 7월 1일 19시,일요일,인천광역시 연수구 송도동,부상신고사고,0,0,0,1,차량단독 - 전도전복 - 전도,신호위반,젖음/습기,비,교차로 - 교차로안,이륜,남,19세,부상신고,미분류,미분류,미분류,미분류