사고번호,사고일시,요일,시군구,사고내용,사망자수,중상자수,경상자수,부상신고자수,사고유형,법규위반,노면상태,기상상태,도로형태,가해운전자 차종,가해운전자 성별,가해운전자 연령,가해운전자 상해정도,피해운전자 차종,피해운전자 성별,피해운전자 연령,피해운전자 상해정도
2018070700100205,2018년 7월 7일 10시,토요일,인천광역시 서구 경서동,부상신고사고,0,0,0,1,차대차 - 측면충돌,안전운전불이행,건조,맑음,교차로 - 교차로안,승용,남,53세,부상신고,건설기계,남,61세,상해없음
2018070700100230,2018년 7월 7일 11시,토요일,인천광역시 중구 신흥동3가,중상사고,0,1,0,0,차대차 - 측면충돌,안전운전불이행,건조,맑음,기타 - 기타,건설기계,남,43세,상해없음,자전거,남,50세,중상
2018070700100277,2018년 7월 7일 12시,토요일,인천광역시 부평구 삼산동,경상사고,0,0,1,0,차대차 - 기타,안전운전불이행,건조,맑음,기타 - 기타,승용,남,43세,경상,승용,여,51세,상해없음
2018070700100310,2018년 7월 7일 13시,토요일,인천광역시 중구 항동1가,중상사고,0,1,0,0,차대차 - 측면충돌,안전운전불이행,건조,맑음,교차로 - 교차로안,승용,남,21세,상해없음,자전거,남,54세,중상
2018070700100350,2018년 7월 7일 14시,토요일,인천광역시 연수구 연수동,경상사고,0,0,1,0,차대차 - 후진중충돌,안전운전불이행,건조,맑음,교차로 - 교차로부근,화물,남,69세,상해없음,승용,여,31세,경상
2018070700100383,2018년 7월 7일 15시,토요일,인천광역시 미추홀구 용현동,경상사고,0,0,1,0,차대차 - 측면충돌,차로위반,건조,맑음,교차로 - 교차로안,승용,남,27세,상해없음,승용,남,52세,경상
2018070700100384,2018년 7월 7일 15시,토요일,인천광역시 남동구 간석동,경상사고,0,0,2,0,차대차 - 기타,차로위반,건조,맑음,단일로 - 기타,화물,남,67세,상해없음,승용,여,27세,경상
2018070700100385,2018년 7월 7일 15시,토요일,인천광역시 남동구 구월동,경상사고,0,0,1,0,차대사람 - 기타,안전운전불이행,건조,맑음,기타 - 기타,승용,남,65세,상해없음,보행자,남,43세,경상
2018070700100386,2018년 7월 7일 15시,토요일,인천광역시 연수구 동춘동,중상사고,0,1,1,0,차대차 - 추돌,안전운전불이행,건조,맑음,기타 - 기타,승용,여,24세,상해없음,승용,남,25세,경상
2018070700100414,2018년 7월 7일 16시,토요일,인천광역시 서구 시천동,중상사고,0,1,0,0,차대차 - 정면충돌,안전운전불이행,건조,맑음,단일로 - 기타,자전거,남,60세,상해없음,자전거,남,43세,중상
2018070700100415,2018년 7월 7일 16시,토요일,인천광역시 강화군 하점면,중상사고,0,1,0,0,차대차 - 측면충돌,교차로운행방법위반,건조,맑음,교차로 - 교차로안,승용,남,57세,상해없음,원동기,남,70세,중상
2018070700100455,2018년 7월 7일 17시,토요일,인천광역시 계양구 작전동,경상사고,0,0,1,0,차대사람 - 횡단중,안전운전불이행,건조,맑음,교차로 - 교차로안,기타불명,기타불명,미분류,기타불명,보행자,남,10세,경상
2018070700100567,2018년 7월 7일 20시,토요일,인천광역시 미추홀구 용현동,경상사고,0,0,1,0,차대차 - 추돌,안전운전불이행,건조,맑음,단일로 - 기타,승용,남,67세,상해없음,승용,남,25세,상해없음
2018070700100568,2018년 7월 7일 20시,토요일,인천광역시 계양구 작전동,경상사고,0,0,1,0,차대차 - 측면충돌,차로위반,건조,맑음,교차로 - 교차로부근,이륜,여,22세,경상,승용,여,48세,상해없음
2018070700100596,2018년 7월 7일 21시,토요일,인천광역시 남동구 서창동,경상사고,0,0,1,0,차대차 - 기타,기타,건조,맑음,교차로 - 교차로부근,승용,남,58세,상해없음,이륜,남,34세,경상
2018070700100644,2018년 7월 7일 23시,토요일,인천광역시 연수구 옥련동,중상사고,0,1,1,0,차대차 - 측면충돌,안전거리미확보,건조,맑음,교차로 - 교차로부근,승용,남,33세,상해없음,승용,남,61세,중상
2018070800100014,2018년 7월 8일 00시,일요일,인천광역시 미추홀구 주안동,경상사고,0,0,1,0,차대차 - 기타,안전운전불이행,건조,맑음,단일로 - 기타,승용,남,54세,상해없음,승용,남,54세,기타불명
2018070800100053,2018년 7월 8일 05시,일요일,인천광역시 서구 석남동,중상사고,0,1,5,0,차대차 - 측면충돌,안전운전불이행,건조,맑음,교차로 - 교차로안,승용,남,35세,상해없음,승합,남,47세,상해없음
2018070800100060,2018년 7월 8일 06시,일요일,인천광역시 부평구 청천동,경상사고,0,0,1,0,차대차 - 기타,신호위반,건조,맑음,교차로 - 교차로횡단보도내,승용,남,57세,상해없음,자전거,남,84세,경상
2018070800100061,2018년 7월 8일 06시,일요일,인천광역시 강화군 강화읍,중상사고,0,1,0,0,차대차 - 측면충돌,교차로운행방법위반,건조,맑음,교차로 - 교차로안,자전거,남,69세,중상,승합,남,50세,상해없음
2018070800100072,2018년 7월 8일 07시,일요일,인천광역시 남동구 간석동,경상사고,0,0,1,0,차대차 - 측면충돌,안전운전불이행,건조,맑음,단일로 - 기타,승용,남,24세,상해없음,승용,남,74세,경상
2018070800100073,2018년 7월 8일 07시,일요일,인천광역시 서구 경서동,중상사고,0,1,0,0,차대차 - 추돌,안전운전불이행,건조,맑음,단일로 - 기타,승용,여,28세,상해없음,승용,남,42세,중상
2018070800100081,2018년 7월 8일 08시,일요일,인천광역시 남동구 구월동,중상사고,0,1,0,0,차대차 - 기타,신호위반,건조,맑음,교차로 - 교차로안,승용,여,46세,상해없음,승용,남,57세,중상
2018070800100082,2018년 7월 8일 08시,일요일,인천광역시 서구 신현동,중상사고,0,1,0,0,차대사람 - 횡단중,안전운전불이행,건조,맑음,교차로 - 교차로안,승용,남,47세,상해없음,보행자,여,83세,중상
2018070800100109,2018년 7월 8일 10시,일요일,인천광역시 부평구 산곡동,경상사고,0,0,1,0,차대차 - 기타,안전운전불이행,건조,맑음,기타 - 기타,승용,여,61세,상해없음,승용,남,56세,경상
2018070800100133,2018년 7월 8일 11시,일요일,인천광역시 계양구 작전동,경상사고,0,0,1,0,차대사람 - 횡단중,신호위반,건조,맑음,교차로 - 교차로횡단보도내,승용,남,48세,상해없음,보행자,여,38세,경상
2018070800100214,2018년 7월 8일 14시,일요일,인천광역시 미추홀구 주안동,경상사고,0,0,1,0,차대사람 - 길가장자리구역통행중,안전운전불이행,건조,맑음,단일로 - 기타,승용,여,57세,상해없음,보행자,여,16세,경상
2018070800100215,2018년 7월 8일 14시,일요일,인천광역시 부평구 부평동,중상사고,0,1,0,0,차대차 - 기타,신호위반,건조,맑음,단일로 - 기타,승용,남,38세,상해없음,자전거,남,38세,중상
2018070800100243,2018년 7월 8일 15시,일요일,인천광역시 계양구 작전동,중상사고,0,1,0,0,차대차 - 측면충돌,안전운전불이행,건조,맑음,단일로 - 기타,화물,남,60세,상해없음,승합,남,61세,상해없음
2018070800100283,2018년 7월 8일 16시,일요일,인천광역시 중구 을왕동,경상사고,0,0,1,0,차대차 - 후진중충돌,안전운전불이행,건조,맑음,단일로 - 기타,승용,여,53세,상해없음,승용,남,45세,경상
2018070800100420,2018년 7월 8일 21시,일요일,인천광역시 서구 석남동,경상사고,0,0,1,0,차대차 - 추돌,안전운전불이행,건조,맑음,교차로 - 교차로안,승용,남,59세,상해없음,승용,남,26세,경상
2018070900100013,2018년 7월 9일 00시,월요일,인천광역시 남동구 간석동,경상사고,0,0,1,0,차대차 - 측면충돌,안전운전불이행,젖음/습기,비,단일로 - 기타,승용,여,23세,상해없음,승용,여,49세,상해없음
2018070900100034,2018년 7월 9일 04시,월요일,인천광역시 미추홀구 주안동,부상신고사고,0,0,0,1,차대사람 - 기타,안전운전불이행,건조,맑음,단일로 - 기타,기타불명,기타불명,미분류,기타불명,보행자,남,30세,부상신고
2018070900100049,2018년 7월 9일 06시,월요일,인천광역시 부평구 십정동,경상사고,0,0,1,0,차대차 - 기타,교차로운행방법위반,건조,맑음,교차로 - 교차로안,승용,남,31세,상해없음,승용,여,47세,경상
2018070900100098,2018년 7월 9일 08시,월요일,인천광역시 미추홀구 도화동,경상사고,0,0,1,0,차대차 - 추돌,안전운전불이행,기타,흐림,교차로 - 교차로안,승합,남,48세,상해없음,승용,남,34세,경상
2018070900100099,2018년 7월 9일 08시,월요일,인천광역시 동구 송현동,경상사고,0,0,3,0,차대차 - 기타,안전거리미확보,건조,맑음,단일로 - 터널,특수,남,52세,상해없음,승합,남,34세,경상
2018070900100127,2018년 7월 9일 09시,월요일,인천광역시 서구 오류동,중상사고,0,1,0,0,차대사람 - 기타,안전운전불이행,건조,맑음,단일로 - 기타,승용,남,24세,상해없음,보행자,남,56세,중상
2018070900100128,2018년 7월 9일 09시,월요일,인천광역시 동구 송현동,경상사고,0,0,1,0,차대차 - 추돌,안전운전불이행,건조,맑음,단일로 - 기타,승용,남,29세,상해없음,승용,남,32세,경상
2018070900100146,2018년 7월 9일 10시,월요일,인천광역시 부평구 부평동,경상사고,0,0,1,0,차대차 - 측면충돌,안전운전불이행,건조,맑음,교차로 - 교차로안,승용,남,50세,상해없음,승용,남,38세,경상
2018070900100199,2018년 7월 9일 12시,월요일,인천광역시 서구 마전동,경상사고,0,0,1,0,차대차 - 기타,안전운전불이행,젖음/습기,비,교차로 - 교차로안,승용,여,46세,상해없음,승용,남,40세,경상
2018070900100229,2018년 7월 9일 13시,월요일,인천광역시 서구 왕길동,중상사고,0,1,0,0,차대사람 - 기타,안전운전불이행,건조,맑음,단일로 - 기타,승용,남,22세,상해없음,보행자,여,58세,중상
2018070900100281,2018년 7월 9일 15시,월요일,인천광역시 미추홀구 용현동,경상사고,0,0,1,0,차대차 - 측면충돌,안전운전불이행,젖음/습기,비,교차로 - 교차로안,승합,남,56세,상해없음,이륜,남,44세,경상
2018070900100315,2018년 7월 9일 16시,월요일,인천광역시 계양구 계산동,중상사고,0,1,0,0,차대사람 - 횡단중,신호위반,젖음/습기,비,단일로 - 기타,이륜,남,18세,상해없음,보행자,여,52세,중상
2018070900100354,2018년 7월 9일 17시,월요일,인천광역시 서구 가좌동,경상사고,0,0,1,0,차대차 - 측면충돌,신호위반,젖음/습기,맑음,교차로 - 교차로안,화물,남,56세,상해없음,이륜,남,46세,경상
2018070900100400,2018년 7월 9일 18시,월요일,인천광역시 계양구 서운동,경상사고,0,0,1,0,차대차 - 기타,안전거리미확보,젖음/습기,비,교차로 - 교차로안,승합,남,44세,상해없음,승용,남,60세,상해없음
2018070900100401,2018년 7월 9일 18시,월요일,인천광역시 남동구 만수동,경상사고,0,0,1,0,차대차 - 추돌,안전운전불이행,젖음/습기,비,단일로 - 기타,화물,남,49세,상해없음,승용,남,63세,경상
2018070900100427,2018년 7월 9일 19시,월요일,인천광역시 부평구 삼산동,경상사고,0,0,1,0,차대차 - 측면충돌,차로위반,젖음/습기,비,단일로 - 교량,화물,남,72세,상해없음,승용,여,65세,경상
2018070900100460,2018년 7월 9일 20시,월요일,인천광역시 남동구 서창동,경상사고,0,0,2,0,차대차 - 기타,안전운전불이행,젖음/습기,비,교차로 - 교차로부근,승용,남,53세,상해없음,승용,남,59세,경상
2018070900100494,2018년 7월 9일 21시,월요일,인천광역시 중구 도원동,중상사고,0,1,0,0,차대차 - 기타,신호위반,젖음/습기,비,교차로 - 교차로안,승용,남,55세,상해없음,이륜,남,38세,중상
2018070900100495,2018년 7월 9일 21시,월요일,인천광역시 중구 운서동,경상사고,0,0,1,0,차대사람 - 횡단중,신호위반,젖음/습기,비,교차로 - 교차로횡단보도내,승용,여,44세,상해없음,보행자,여,30세,경상
2018070900100496,2018년 7월 9일 21시,월요일,인천광역시 중구 운서동,경상사고,0,0,1,0,차대사람 - 횡단중,신호위반,젖음/습기,비,단일로 - 기타,승용,남,46세,상해없음,보행자,여,19세,경상
2018070900100520,2018년 7월 9일 22시,월요일,인천광역시 미추홀구 용현동,경상사고,0,0,1,0,차대차 - 정면충돌,중앙선침범,건조,맑음,단일로 - 기타,승용,여,55세,상해없음,승용,남,26세,경상
2018071000100020,2018년 7월 10일 00시,화요일,인천광역시 미추홀구 주안동,부상신고사고,0,0,0,1,차대차 - 추돌,안전운전불이행,젖음/습기,비,교차로 - 교차로부근,기타불명,기타불명,미분류,기타불명,승용,남,26세,부상신고
2018071000100021,2018년 7월 10일 00시,화요일,인천광역시 남동구 구월동,경상사고,0,0,3,0,차대차 - 추돌,안전운전불이행,젖음/습기,비,단일로 - 기타,승용,남,29세,상해없음,승용,남,51세,경상
2018071000100022,2018년 7월 10일 00시,화요일,인천광역시 연수구 동춘동,경상사고,0,0,3,0,차대차 - 추돌,안전운전불이행,젖음/습기,비,단일로 - 기타,승용,남,47세,상해없음,승용,남,36세,경상
2018071000100023,2018년 7월 10일 00시,화요일,인천광역시 남동구 서창동,경상사고,0,0,1,0,차대사람 - 기타,신호위반,젖음/습기,비,교차로 - 교차로안,승용,남,45세,상해없음,보행자,여,28세,경상
2018071000100032,2018년 7월 10일 01시,화요일,인천광역시 중구 인현동,경상사고,0,0,1,0,차대사람 - 차도통행중,안전운전불이행,젖음/습기,비,기타 - 기타,승합,남,32세,상해없음,보행자,남,52세,경상
2018071000100033,2018년 7월 10일 01시,화요일,인천광역시 부평구 산곡동,경상사고,0,0,4,0,차대차 - 추돌,안전운전불이행,젖음/습기,흐림,단일로 - 기타,승용,남,45세,상해없음,승용,남,19세,경상
2018071000100061,2018년 7월 10일 05시,화요일,인천광역시 남동구 간석동,부상신고사고,0,0,0,1,차대사람 - 길가장자리구역통행중,안전운전불이행,건조,맑음,기타 - 기타,기타불명,기타불명,미분류,기타불명,보행자,남,48세,부상신고
2018071000100080,2018년 7월 10일 06시,화요일,인천광역시 미추홀구 학익동,경상사고,0,0,1,0,차대차 - 추돌,안전운전불이행,건조,맑음,교차로 - 교차로부근,승용,남,27세,상해없음,승용,남,56세,경상
2018071000100101,2018년 7월 10일 07시,화요일,인천광역시 서구 원창동,중상사고,0,1,0,0,차대차 - 측면충돌,신호위반,건조,맑음,교차로 - 교차로안,승용,남,38세,상해없음,승용,남,71세,중상
2018071000100150,2018년 7월 10일 09시,화요일,인천광역시 중구 유동,경상사고,0,0,2,0,차대차 - 측면충돌,직진우회전진행방해,건조,맑음,교차로 - 교차로안,이륜,남,70세,상해없음,승용,여,49세,경상
2018071000100151,2018년 7월 10일 09시,화요일,인천광역시 미추홀구 학익동,중상사고,0,1,2,0,차대차 - 측면충돌,안전거리미확보,젖음/습기,흐림,단일로 - 기타,화물,남,53세,상해없음,승용,여,41세,경상
2018071000100182,2018년 7월 10일 10시,화요일,인천광역시 미추홀구 학익동,사망사고,1,2,3,0,차대차 - 추돌,안전거리미확보,건조,흐림,단일로 - 기타,화물,남,47세,경상,승합,남,53세,중상
2018071000100213,2018년 7월 10일 11시,화요일,인천광역시 강화군 길상면,중상사고,0,1,0,0,차대차 - 측면충돌,신호위반,건조,맑음,교차로 - 교차로부근,승용,남,19세,상해없음,이륜,남,78세,중상
2018071000100231,2018년 7월 10일 12시,화요일,인천광역시 남동구 간석동,중상사고,0,1,0,0,차대차 - 기타,차로위반,건조,맑음,기타 - 기타,승용,남,26세,상해없음,이륜,남,60세,중상
2018071000100263,2018년 7월 10일 13시,화요일,인천광역시 연수구 송도동,경상사고,0,0,1,0,차대사람 - 보도통행중,안전운전불이행,젖음/습기,흐림,단일로 - 기타,승용,여,38세,상해없음,보행자,남,38세,경상
2018071000100300,2018년 7월 10일 14시,화요일,인천광역시 중구 운서동,중상사고,0,1,0,0,차대사람 - 횡단중,보행자보호의무위반,건조,맑음,교차로 - 교차로횡단보도내,승용,여,56세,상해없음,보행자,남,80세,중상
2018071000100338,2018년 7월 10일 15시,화요일,인천광역시 계양구 병방동,사망사고,1,0,0,0,차대차 - 추돌,안전운전불이행,건조,흐림,단일로 - 기타,화물,남,53세,사망,화물,남,70세,상해없음
2018071000100368,2018년 7월 10일 16시,화요일,인천광역시 중구 운서동,경상사고,0,0,1,0,차대차 - 측면충돌,안전운전불이행,건조,맑음,단일로 - 기타,승용,남,30세,상해없음,자전거,남,9세,경상
2018071000100369,2018년 7월 10일 16시,화요일,인천광역시 남동구 만수동,경상사고,0,0,2,0,차대차 - 측면충돌,안전운전불이행,건조,맑음,교차로 - 교차로부근,화물,남,52세,상해없음,승용,여,40세,경상
2018071000100408,2018년 7월 10일 17시,화요일,인천광역시 남동구 만수동,경상사고,0,0,1,0,차대차 - 정면충돌,안전운전불이행,건조,맑음,단일로 - 기타,승용,남,66세,상해없음,승용,남,54세,경상
2018071000100447,2018년 7월 10일 18시,화요일,인천광역시 중구 신흥동3가,중상사고,0,1,1,0,차대차 - 정면충돌,신호위반,젖음/습기,흐림,교차로 - 교차로안,승용,남,46세,상해없음,승용,남,47세,경상
2018071000100448,2018년 7월 10일 18시,화요일,인천광역시 연수구 동춘동,중상사고,0,1,0,0,차대차 - 측면충돌,안전운전불이행,젖음/습기,맑음,교차로 - 교차로부근,승용,남,24세,상해없음,승용,여,44세,중상
2018071000100538,2018년 7월 10일 21시,화요일,인천광역시 부평구 부평동,경상사고,0,0,2,0,차대차 - 기타,안전운전불이행,젖음/습기,맑음,교차로 - 교차로안,승합,남,61세,상해없음,승용,남,20세,경상
2018071000100578,2018년 7월 10일 22시,화요일,인천광역시 서구 가정동,경상사고,0,0,1,0,차대차 - 추돌,안전거리미확보,건조,맑음,교차로 - 교차로부근,승용,남,35세,상해없음,승용,남,54세,경상
2018071000100579,2018년 7월 10일 22시,화요일,인천광역시 부평구 구산동,경상사고,0,0,2,0,차대차 - 측면충돌,안전운전불이행,건조,맑음,교차로 - 교차로안,승용,남,60세,상해없음,승용,남,33세,경상
2018071100100012,2018년 7월 11일 00시,수요일,인천광역시 중구 사동,경상사고,0,0,2,0,차대차 - 추돌,안전운전불이행,젖음/습기,비,교차로 - 교차로부근,승합,남,26세,상해없음,승용,남,61세,경상
2018071100100013,2018년 7월 11일 00시,수요일,인천광역시 남동구 구월동,경상사고,0,0,1,0,차대차 - 기타,안전운전불이행,젖음/습기,비,단일로 - 기타,승용,남,57세,상해없음,승용,남,63세,상해없음
2018071100100037,2018년 7월 11일 02시,수요일,인천광역시 계양구 병방동,중상사고,0,1,0,0,차량단독 - 공작물충돌,안전운전불이행,젖음/습기,비,단일로 - 교량,승용,남,62세,상해없음,,,,
2018071100100050,2018년 7월 11일 04시,수요일,인천광역시 서구 신현동,경상사고,0,0,2,0,차대사람 - 횡단중,보행자보호의무위반,젖음/습기,비,교차로 - 교차로안,승용,남,53세,상해없음,보행자,여,24세,경상
2018071100100054,2018년 7월 11일 05시,수요일,인천광역시 동구 송림동,경상사고,0,0,1,0,차대차 - 측면충돌,신호위반,젖음/습기,비,교차로 - 교차로안,기타불명,기타불명,미분류,기타불명,승용,남,43세,경상
2018071100100055,2018년 7월 11일 05시,수요일,인천광역시 연수구 송도동,중상사고,0,1,0,0,차대차 - 측면충돌,신호위반,젖음/습기,비,교차로 - 교차로안,승용,여,54세,상해없음,승용,남,32세,중상
2018071100100089,2018년 7월 11일 07시,수요일,인천광역시 서구 석남동,중상사고,0,1,0,0,차대사람 - 횡단중,신호위반,젖음/습기,비,단일로 - 기타,승용,남,62세,상해없음,보행자,여,12세,중상
2018071100100130,2018년 7월 11일 08시,수요일,인천광역시 중구 운서동,경상사고,0,0,1,0,차대차 - 측면충돌,신호위반,건조,맑음,교차로 - 교차로안,승용,여,52세,상해없음,승용,여,48세,경상
2018071100100131,2018년 7월 11일 08시,수요일,인천광역시 미추홀구 도화동,경상사고,0,0,1,0,차대차 - 측면충돌,안전운전불이행,건조,맑음,단일로 - 기타,승용,남,47세,상해없음,승용,남,42세,경상
2018071100100132,2018년 7월 11일 08시,수요일,인천광역시 연수구 연수동,중상사고,0,1,0,0,차대차 - 측면충돌,안전운전불이행,젖음/습기,흐림,교차로 - 교차로안,승용,여,63세,상해없음,이륜,남,40세,중상
2018071100100178,2018년 7월 11일 09시,수요일,인천광역시 중구 인현동,경상사고,0,0,1,0,차대차 - 측면충돌,신호위반,건조,맑음,교차로 - 교차로안,화물,남,70세,상해없음,이륜,남,64세,경상
2018071100100206,2018년 7월 11일 10시,수요일,인천광역시 남동구 구월동,경상사고,0,0,1,0,차대차 - 측면충돌,교차로운행방법위반,건조,맑음,단일로 - 기타,승용,여,57세,상해없음,이륜,남,59세,경상
2018071100100231,2018년 7월 11일 11시,수요일,인천광역시 남동구 만수동,경상사고,0,0,1,0,차대차 - 측면충돌,안전운전불이행,건조,맑음,단일로 - 기타,승용,여,76세,상해없음,승용,남,33세,경상
2018071100100257,2018년 7월 11일 12시,수요일,인천광역시 남동구 고잔동,경상사고,0,0,1,0,차대차 - 측면충돌,안전운전불이행,건조,맑음,교차로 - 교차로안,승용,남,47세,상해없음,승용,여,37세,경상
2018071100100334,2018년 7월 11일 14시,수요일,인천광역시 부평구 부평동,경상사고,0,0,2,0,차대차 - 기타,안전운전불이행,건조,맑음,단일로 - 기타,승용,남,23세,상해없음,승합,남,55세,경상
2018071100100335,2018년 7월 11일 14시,수요일,인천광역시 강화군 길상면,중상사고,0,1,0,0,차대차 - 기타,안전운전불이행,건조,맑음,교차로 - 교차로부근,화물,남,46세,상해없음,화물,남,53세,상해없음
2018071100100429,2018년 7월 11일 17시,수요일,인천광역시 중구 운서동,경상사고,0,0,1,0,차대차 - 측면충돌,신호위반,건조,맑음,교차로 - 교차로안,승용,남,76세,상해없음,승용,여,44세,경상
2018071100100430,2018년 7월 11일 17시,수요일,인천광역시 연수구 동춘동,부상신고사고,0,0,0,1,차량단독 - 공작물충돌,안전운전불이행,건조,맑음,단일로 - 기타,특수,남,61세,부상신고,,,,
2018071100100482,2018년 7월 11일 18시,수요일,인천광역시 서구 청라동,경상사고,0,0,1,0,차대차 - 추돌,안전운전불이행,건조,맑음,단일로 - 기타,화물,남,58세,상해없음,승용,남,64세,경상
2018071100100555,2018년 7월 11일 20시,수요일,인천광역시 부평구 부평동,경상사고,0,0,1,0,차대사람 - 기타,안전운전불이행,건조,맑음,단일로 - 기타,승용,여,52세,상해없음,보행자,남,41세,경상
2018071100100605,2018년 7월 11일 22시,수요일,인천광역시 미추홀구 주안동,경상사고,0,0,1,0,차대차 - 측면충돌,신호위반,건조,맑음,교차로 - 교차로안,승용,여,28세,상해없음,승용,남,61세,경상
2018071100100606,2018년 7월 11일 22시,수요일,인천광역시 부평구 부평동,경상사고,0,0,1,0,차대사람 - 기타,안전운전불이행,건조,맑음,단일로 - 기타,승용,남,54세,상해없음,보행자,여,24세,경상
2018071100100607,2018년 7월 11일 22시,수요일,인천광역시 남동구 논현동,부상신고사고,0,0,0,1,차대차 - 측면충돌,안전거리미확보,건조,맑음,교차로 - 교차로부근,자전거,남,48세,부상신고,승용,남,25세,상해없음
2018071100100635,2018년 7월 11일 23시,수요일,인천광역시 미추홀구 주안동,중상사고,0,1,0,0,차대사람 - 횡단중,신호위반,건조,맑음,단일로 - 기타,승용,여,58세,상해없음,보행자,여,33세,중상
2018071100100636,2018년 7월 11일 23시,수요일,인천광역시 미추홀구 주안동,중상사고,0,2,0,0,차대차 - 추돌,안전운전불이행,건조,맑음,단일로 - 기타,승용,남,26세,상해없음,승용,남,28세,중상
2018071200100096,2018년 7월 12일 07시,목요일,인천광역시 부평구 십정동,중상사고,0,1,0,0,차대사람 - 차도통행중,보행자보호의무위반,건조,맑음,단일로 - 기타,특수,남,38세,상해없음,보행자,여,30세,중상
2018071200100097,2018년 7월 12일 07시,목요일,인천광역시 서구 신현동,중상사고,0,1,0,0,차대차 - 측면충돌,안전운전불이행,건조,맑음,교차로 - 교차로안,승용,남,61세,상해없음,이륜,남,41세,중상
2018071200100132,2018년 7월 12일 08시,목요일,인천광역시 부평구 삼산동,중상사고,0,1,0,0,차대차 - 측면충돌,안전운전불이행,건조,맑음,교차로 - 교차로안,승용,여,56세,상해없음,승용,남,45세,중상
2018071200100133,2018년 7월 12일 08시,목요일,인천광역시 남동구 논현동,경상사고,0,0,1,0,차대사람 - 횡단중,보행자보호의무위반,건조,맑음,교차로 - 교차로안,승용,여,47세,상해없음,보행자,여,21세,경상
2018071200100190,2018년 7월 12일 10시,목요일,인천광역시 미추홀구 주안동,중상사고,0,1,1,0,차대차 - 기타,안전운전불이행,건조,맑음,교차로 - 교차로안,승용,남,37세,상해없음,승용,남,47세,중상
2018071200100281,2018년 7월 12일 13시,목요일,인천광역시 부평구 부평동,경상사고,0,0,1,0,차대사람 - 기타,안전운전불이행,건조,맑음,기타 - 기타,기타불명,기타불명,미분류,기타불명,보행자,여,75세,경상
2018071200100389,2018년 7월 12일 16시,목요일,인천광역시 미추홀구 주안동,경상사고,0,0,1,0,차대차 - 추돌,안전운전불이행,건조,맑음,교차로 - 교차로안,승용,남,29세,상해없음,승용,남,35세,경상
2018071200100429,2018년 7월 12일 17시,목요일,인천광역시 동구 송림동,경상사고,0,0,1,0,차대차 - 후진중충돌,안전운전불이행,건조,맑음,교차로 - 교차로부근,승용,남,55세,상해없음,화물,남,61세,경상
2018071200100430,2018년 7월 12일 17시,목요일,인천광역시 동구 송현동,경상사고,0,0,1,0,차대사람 - 기타,안전운전불이행,건조,맑음,단일로 - 기타,승용,남,63세,상해없음,보행자,남,30세,경상
2018071200100477,2018년 7월 12일 18시,목요일,인천광역시 연수구 송도동,중상사고,0,1,1,0,차대차 - 측면충돌,신호위반,건조,맑음,교차로 - 교차로안,승용,여,36세,상해없음,승용,남,27세,경상
2018071200100563,2018년 7월 12일 21시,목요일,인천광역시 미추홀구 용현동,경상사고,0,0,4,0,차대차 - 추돌,안전운전불이행,건조,맑음,교차로 - 교차로안,승용,남,20세,상해없음,승용,여,40세,경상
2018071200100564,2018년 7월 12일 21시,목요일,인천광역시 계양구 계산동,경상사고,0,0,1,0,차대사람 - 기타,안전운전불이행,건조,맑음,교차로 - 교차로안,승용,남,65세,기타불명,보행자,남,16세,경상
2018071300100053,2018년 7월 13일 05시,금요일,인천광역시 동구 송림동,중상사고,0,1,0,0,차대차 - 측면충돌,교차로운행방법위반,건조,맑음,교차로 - 교차로안,건설기계,남,52세,상해없음,승용,남,74세,중상
2018071300100054,2018년 7월 13일 05시,금요일,인천광역시 연수구 옥련동,경상사고,0,0,1,0,차대사람 - 횡단중,안전운전불이행,건조,맑음,교차로 - 교차로횡단보도내,화물,남,57세,상해없음,보행자,남,77세,경상
2018071300100068,2018년 7월 13일 06시,금요일,인천광역시 동구 화수동,중상사고,0,1,0,0,차대차 - 측면충돌,차로위반,건조,맑음,단일로 - 기타,화물,남,51세,기타불명,승용,여,57세,중상
2018071300100069,2018년 7월 13일 06시,금요일,인천광역시 남동구 도림동,경상사고,0,0,1,0,차대차 - 측면충돌,안전거리미확보,건조,맑음,단일로 - 기타,승용,여,57세,상해없음,화물,남,58세,경상
2018071300100137,2018년 7월 13일 08시,금요일,인천광역시 남동구 간석동,경상사고,0,0,1,1,차대차 - 측면충돌,안전운전불이행,건조,맑음,기타 - 기타,화물,남,37세,부상신고,승용,남,61세,경상
2018071300100138,2018년 7월 13일 08시,금요일,인천광역시 계양구 계산동,경상사고,0,0,1,0,차대차 - 측면충돌,신호위반,건조,맑음,교차로 - 교차로안,승용,남,23세,상해없음,승용,여,53세,경상
2018071300100237,2018년 7월 13일 11시,금요일,인천광역시 부평구 부개동,경상사고,0,0,1,0,차대차 - 측면충돌,신호위반,건조,맑음,단일로 - 기타,개인형이동수단(PM),남,23세,상해없음,자전거,여,49세,경상
2018071300100311,2018년 7월 13일 14시,금요일,인천광역시 서구 가정동,중상사고,0,1,0,0,차대차 - 측면충돌,교차로운행방법위반,건조,맑음,교차로 - 교차로안,이륜,남,61세,중상,승합,남,60세,상해없음
2018071300100312,2018년 7월 13일 14시,금요일,인천광역시 연수구 송도동,중상사고,0,1,0,0,차대차 - 측면충돌,신호위반,건조,맑음,교차로 - 교차로부근,화물,남,61세,상해없음,자전거,여,73세,중상