사고번호,사고일시,요일,시군구,사고내용,사망자수,중상자수,경상자수,부상신고자수,사고유형,법규위반,노면상태,기상상태,도로형태,가해운전자 차종,가해운전자 성별,가해운전자 연령,가해운전자 상해정도,피해운전자 차종,피해운전자 성별,피해운전자 연령,피해운전자 상해정도
2018082500100271,2018년 8월 25일 12시,토요일,인천광역시 부평구 삼산동,중상사고,0,1,0,0,차대차 - 기타,안전운전불이행,건조,맑음,단일로 - 기타,승용,남,55세,상해없음,자전거,여,81세,중상
2018082500100310,2018년 8월 25일 13시,토요일,인천광역시 서구 왕길동,사망사고,1,0,0,0,차량단독 - 공작물충돌,안전운전불이행,건조,맑음,단일로 - 기타,화물,남,83세,사망,,,,
2018082500100341,2018년 8월 25일 14시,토요일,인천광역시 서구 가정동,경상사고,0,0,3,0,차대차 - 추돌,안전운전불이행,기타,맑음,기타 - 기타,승용,남,58세,상해없음,승용,남,31세,상해없음
2018082500100342,2018년 8월 25일 14시,토요일,인천광역시 부평구 삼산동,경상사고,0,0,1,0,차대차 - 추돌,안전운전불이행,건조,맑음,단일로 - 교량,승용,남,41세,상해없음,승용,여,35세,경상
2018082500100493,2018년 8월 25일 19시,토요일,인천광역시 남동구 간석동,경상사고,0,0,2,0,차대차 - 측면충돌,안전운전불이행,건조,맑음,단일로 - 터널,승용,남,40세,상해없음,승용,남,27세,경상
2018082500100494,2018년 8월 25일 19시,토요일,인천광역시 연수구 청학동,경상사고,0,0,2,0,차대차 - 측면충돌,안전거리미확보,건조,맑음,교차로 - 교차로안,승용,남,57세,상해없음,승용,여,28세,경상
2018082500100495,2018년 8월 25일 19시,토요일,인천광역시 부평구 부평동,중상사고,0,1,0,0,차대사람 - 차도통행중,안전운전불이행,건조,맑음,단일로 - 기타,이륜,남,19세,상해없음,보행자,여,62세,중상
2018082500100527,2018년 8월 25일 20시,토요일,인천광역시 서구 석남동,경상사고,0,0,1,0,차대사람 - 길가장자리구역통행중,안전운전불이행,건조,맑음,단일로 - 기타,승용,남,67세,상해없음,보행자,여,22세,경상
2018082500100528,2018년 8월 25일 20시,토요일,인천광역시 부평구 구산동,경상사고,0,0,1,0,차대차 - 기타,안전운전불이행,건조,맑음,단일로 - 기타,승용,남,61세,상해없음,승용,남,38세,경상
2018082500100553,2018년 8월 25일 21시,토요일,인천광역시 서구 가좌동,경상사고,0,0,1,0,차대차 - 기타,중앙선침범,건조,맑음,단일로 - 기타,이륜,남,32세,상해없음,승용,남,63세,경상
2018082500100596,2018년 8월 25일 23시,토요일,인천광역시 미추홀구 주안동,경상사고,0,0,1,0,차대차 - 추돌,안전운전불이행,건조,맑음,기타 - 기타,승용,남,60세,상해없음,승용,남,63세,경상
2018082600100045,2018년 8월 26일 01시,일요일,인천광역시 계양구 계산동,중상사고,0,1,0,0,차대차 - 측면충돌,과속,건조,맑음,교차로 - 교차로안,승용,남,27세,상해없음,승용,남,53세,중상
2018082600100046,2018년 8월 26일 01시,일요일,인천광역시 남동구 만수동,경상사고,0,0,1,0,차대차 - 추돌,안전운전불이행,건조,맑음,단일로 - 기타,승용,남,53세,상해없음,승용,남,32세,상해없음
2018082600100047,2018년 8월 26일 01시,일요일,인천광역시 부평구 구산동,경상사고,0,0,2,0,차대차 - 측면충돌,안전거리미확보,건조,맑음,단일로 - 교량,승용,남,53세,상해없음,승용,남,56세,경상
2018082600100093,2018년 8월 26일 04시,일요일,인천광역시 미추홀구 주안동,경상사고,0,0,2,0,차대차 - 측면충돌,신호위반,건조,맑음,교차로 - 교차로안,이륜,남,17세,상해없음,승용,남,71세,경상
2018082600100094,2018년 8월 26일 04시,일요일,인천광역시 남동구 도림동,경상사고,0,0,1,0,차대차 - 기타,안전운전불이행,건조,맑음,단일로 - 기타,승용,남,29세,상해없음,승용,남,22세,상해없음
2018082600100139,2018년 8월 26일 08시,일요일,인천광역시 남동구 간석동,경상사고,0,0,1,0,차대사람 - 기타,안전운전불이행,건조,맑음,단일로 - 기타,승용,남,51세,기타불명,보행자,남,19세,경상
2018082600100140,2018년 8월 26일 08시,일요일,인천광역시 계양구 작전동,경상사고,0,0,1,0,차대차 - 측면충돌,안전거리미확보,건조,맑음,단일로 - 기타,승용,여,46세,상해없음,승용,남,58세,경상
2018082600100186,2018년 8월 26일 11시,일요일,인천광역시 서구 당하동,경상사고,0,0,1,0,차대차 - 추돌,안전운전불이행,건조,맑음,교차로 - 교차로안,이륜,남,41세,경상,승용,남,68세,상해없음
2018082600100273,2018년 8월 26일 14시,일요일,인천광역시 부평구 부평동,경상사고,0,0,1,0,차대차 - 측면충돌,차로위반,건조,맑음,단일로 - 기타,승용,남,51세,상해없음,원동기,남,27세,경상
2018082600100299,2018년 8월 26일 15시,일요일,인천광역시 중구 운남동,중상사고,0,1,0,0,차대차 - 측면충돌,안전운전불이행,건조,맑음,단일로 - 기타,승용,남,35세,상해없음,이륜,남,17세,중상
2018082600100300,2018년 8월 26일 15시,일요일,인천광역시 미추홀구 주안동,경상사고,0,0,1,0,차대차 - 추돌,안전운전불이행,젖음/습기,흐림,단일로 - 기타,승용,남,49세,상해없음,승용,남,37세,경상
2018082600100301,2018년 8월 26일 15시,일요일,인천광역시 계양구 둑실동,중상사고,0,1,1,0,차대차 - 측면충돌,신호위반,건조,맑음,교차로 - 교차로안,승용,남,69세,경상,승합,남,31세,중상
2018082600100302,2018년 8월 26일 15시,일요일,인천광역시 계양구 작전동,중상사고,0,1,0,0,차대차 - 기타,중앙선침범,건조,맑음,단일로 - 기타,이륜,남,77세,상해없음,자전거,남,22세,중상
2018082600100303,2018년 8월 26일 15시,일요일,인천광역시 연수구 연수동,경상사고,0,0,1,0,차대차 - 측면충돌,안전거리미확보,건조,맑음,단일로 - 기타,승용,남,70세,상해없음,승용,남,51세,경상
2018082600100386,2018년 8월 26일 18시,일요일,인천광역시 부평구 산곡동,경상사고,0,0,1,0,차대사람 - 기타,안전운전불이행,건조,맑음,단일로 - 기타,승용,남,43세,상해없음,보행자,여,53세,경상
2018082600100411,2018년 8월 26일 19시,일요일,인천광역시 계양구 귤현동,중상사고,0,1,1,0,차대차 - 정면충돌,중앙선침범,건조,맑음,교차로 - 교차로부근,화물,남,63세,상해없음,승용,남,60세,경상
2018082700100024,2018년 8월 27일 01시,월요일,인천광역시 부평구 산곡동,중상사고,0,1,1,0,차대차 - 정면충돌,신호위반,젖음/습기,비,교차로 - 교차로안,승용,남,49세,상해없음,승용,남,61세,경상
2018082700100066,2018년 8월 27일 05시,월요일,인천광역시 중구 사동,중상사고,0,1,0,0,차대사람 - 기타,안전운전불이행,젖음/습기,비,단일로 - 기타,승용,남,75세,상해없음,보행자,여,83세,중상
2018082700100067,2018년 8월 27일 05시,월요일,인천광역시 미추홀구 주안동,사망사고,1,1,2,0,차대차 - 기타,과속,젖음/습기,비,교차로 - 교차로부근,승합,남,48세,중상,승용,남,59세,상해없음
2018082700100158,2018년 8월 27일 08시,월요일,인천광역시 미추홀구 도화동,경상사고,0,0,1,0,차대차 - 기타,안전운전불이행,젖음/습기,비,단일로 - 기타,승용,남,32세,기타불명,승용,남,61세,경상
2018082700100159,2018년 8월 27일 08시,월요일,인천광역시 남동구 구월동,중상사고,0,1,0,0,차대차 - 추돌,안전운전불이행,젖음/습기,비,기타 - 기타,승용,남,38세,상해없음,승용,남,59세,상해없음
2018082700100196,2018년 8월 27일 09시,월요일,인천광역시 서구 금곡동,중상사고,0,2,0,0,차대차 - 측면충돌,안전운전불이행,건조,맑음,교차로 - 교차로안,승용,남,50세,중상,승용,여,47세,중상
2018082700100197,2018년 8월 27일 09시,월요일,인천광역시 강화군 송해면,경상사고,0,0,1,0,차대차 - 측면충돌,중앙선침범,건조,맑음,단일로 - 기타,승용,여,66세,상해없음,승합,남,60세,상해없음
2018082700100239,2018년 8월 27일 10시,월요일,인천광역시 서구 금곡동,경상사고,0,0,1,0,차대차 - 측면충돌,신호위반,건조,맑음,교차로 - 교차로부근,승용,남,32세,상해없음,승용,남,53세,경상
2018082700100240,2018년 8월 27일 10시,월요일,인천광역시 서구 마전동,경상사고,0,0,1,0,차대차 - 기타,안전운전불이행,건조,맑음,단일로 - 기타,승용,남,57세,상해없음,승합,남,40세,상해없음
2018082700100241,2018년 8월 27일 10시,월요일,인천광역시 계양구 서운동,경상사고,0,0,1,0,차대차 - 추돌,안전운전불이행,젖음/습기,비,단일로 - 기타,화물,남,47세,상해없음,승용,남,68세,경상
2018082700100242,2018년 8월 27일 10시,월요일,인천광역시 남동구 서창동,경상사고,0,0,6,0,차대차 - 추돌,안전운전불이행,젖음/습기,비,단일로 - 기타,화물,남,49세,상해없음,화물,남,46세,경상
2018082700100275,2018년 8월 27일 11시,월요일,인천광역시 계양구 병방동,중상사고,0,1,2,0,차대차 - 추돌,중앙선침범,젖음/습기,흐림,교차로 - 교차로부근,특수,남,20세,상해없음,승용,남,21세,경상
2018082700100329,2018년 8월 27일 13시,월요일,인천광역시 계양구 계산동,경상사고,0,0,1,0,차대차 - 측면충돌,교차로운행방법위반,건조,맑음,교차로 - 교차로안,승용,남,54세,상해없음,이륜,남,23세,경상
2018082700100392,2018년 8월 27일 15시,월요일,인천광역시 부평구 십정동,경상사고,0,0,2,0,차대차 - 측면충돌,안전운전불이행,건조,맑음,단일로 - 기타,승용,남,55세,상해없음,승용,남,29세,경상
2018082700100393,2018년 8월 27일 15시,월요일,인천광역시 연수구 옥련동,중상사고,0,1,0,0,차대사람 - 기타,중앙선침범,건조,맑음,단일로 - 기타,승용,여,72세,상해없음,보행자,남,73세,중상
2018082700100394,2018년 8월 27일 15시,월요일,인천광역시 남동구 만수동,부상신고사고,0,0,0,1,차대사람 - 기타,안전운전불이행,건조,맑음,교차로 - 교차로부근,승용,여,57세,상해없음,보행자,남,37세,부상신고
2018082700100427,2018년 8월 27일 16시,월요일,인천광역시 남동구 만수동,경상사고,0,0,3,1,차대차 - 측면충돌,신호위반,건조,맑음,교차로 - 교차로횡단보도내,승용,남,67세,상해없음,승용,여,26세,경상
2018082700100597,2018년 8월 27일 21시,월요일,인천광역시 남동구 논현동,중상사고,0,1,1,0,차대차 - 추돌,안전운전불이행,건조,흐림,교차로 - 교차로안,승용,여,29세,경상,화물,남,50세,중상
2018082800100022,2018년 8월 28일 01시,화요일,인천광역시 미추홀구 도화동,경상사고,0,0,1,0,차량단독 - 기타,기타,건조,맑음,교차로 - 교차로안,기타불명,기타불명,미분류,기타불명,,,,
2018082800100023,2018년 8월 28일 01시,화요일,인천광역시 계양구 작전동,경상사고,0,0,2,0,차대차 - 측면충돌,신호위반,건조,맑음,교차로 - 교차로안,승용,남,24세,상해없음,승용,남,53세,경상
2018082800100043,2018년 8월 28일 04시,화요일,인천광역시 남동구 간석동,경상사고,0,0,1,0,차대차 - 측면충돌,안전거리미확보,건조,맑음,교차로 - 교차로안,승용,남,58세,상해없음,승용,남,50세,경상
2018082800100072,2018년 8월 28일 06시,화요일,인천광역시 미추홀구 숭의동,중상사고,0,1,0,0,차대차 - 추돌,안전운전불이행,건조,맑음,교차로 - 교차로부근,승용,남,36세,상해없음,승용,남,42세,중상
2018082800100118,2018년 8월 28일 08시,화요일,인천광역시 미추홀구 도화동,중상사고,0,1,0,0,차대사람 - 횡단중,안전운전불이행,건조,흐림,단일로 - 기타,승용,남,20세,상해없음,보행자,남,11세,중상
2018082800100119,2018년 8월 28일 08시,화요일,인천광역시 계양구 귤현동,경상사고,0,0,1,0,차대차 - 측면충돌,차로위반,건조,맑음,단일로 - 기타,승용,남,31세,상해없음,특수,남,51세,경상
2018082800100204,2018년 8월 28일 11시,화요일,인천광역시 서구 마전동,중상사고,0,1,0,0,차대차 - 측면충돌,안전운전불이행,젖음/습기,비,교차로 - 교차로안,승용,여,46세,상해없음,자전거,남,67세,중상
2018082800100205,2018년 8월 28일 11시,화요일,인천광역시 서구 석남동,경상사고,0,0,1,0,차대차 - 측면충돌,안전운전불이행,건조,맑음,단일로 - 기타,승용,여,34세,상해없음,이륜,남,50세,경상
2018082800100230,2018년 8월 28일 12시,화요일,인천광역시 강화군 길상면,경상사고,0,0,3,0,차대차 - 후진중충돌,중앙선침범,젖음/습기,비,교차로 - 교차로부근,승용,여,42세,상해없음,승용,남,38세,경상
2018082800100267,2018년 8월 28일 13시,화요일,인천광역시 부평구 부평동,경상사고,0,0,1,0,차대차 - 측면충돌,안전운전불이행,젖음/습기,흐림,단일로 - 기타,승합,남,53세,상해없음,승용,여,50세,경상
2018082800100268,2018년 8월 28일 13시,화요일,인천광역시 남동구 만수동,경상사고,0,0,1,0,차대차 - 측면충돌,안전운전불이행,젖음/습기,맑음,단일로 - 기타,화물,남,65세,상해없음,승용,남,58세,경상
2018082800100295,2018년 8월 28일 14시,화요일,인천광역시 연수구 송도동,경상사고,0,0,1,0,차대사람 - 횡단중,안전운전불이행,젖음/습기,비,교차로 - 교차로부근,승용,여,58세,상해없음,보행자,남,60세,경상
2018082800100296,2018년 8월 28일 14시,화요일,인천광역시 연수구 옥련동,경상사고,0,0,2,0,차대차 - 측면충돌,안전거리미확보,젖음/습기,비,교차로 - 교차로부근,화물,남,51세,상해없음,승용,남,35세,경상
2018082800100328,2018년 8월 28일 15시,화요일,인천광역시 서구 연희동,경상사고,0,0,1,0,차대차 - 기타,안전운전불이행,젖음/습기,비,교차로 - 교차로안,승용,여,29세,상해없음,이륜,남,60세,경상
2018082800100375,2018년 8월 28일 16시,화요일,인천광역시 중구 운서동,경상사고,0,0,2,0,차대차 - 측면충돌,안전운전불이행,건조,맑음,단일로 - 기타,승용,남,48세,상해없음,승용,여,30세,경상
2018082800100417,2018년 8월 28일 17시,화요일,인천광역시 미추홀구 도화동,경상사고,0,0,1,1,차대차 - 기타,안전운전불이행,젖음/습기,흐림,단일로 - 기타,화물,남,36세,부상신고,승용,여,30세,경상
2018082800100419,2018년 8월 28일 17시,화요일,인천광역시 남동구 서창동,경상사고,0,0,1,0,차대차 - 측면충돌,안전운전불이행,건조,맑음,교차로 - 교차로안,승용,여,39세,상해없음,자전거,남,29세,경상
2018082800100461,2018년 8월 28일 18시,화요일,인천광역시 서구 연희동,경상사고,0,0,1,0,차대차 - 추돌,안전운전불이행,젖음/습기,비,교차로 - 교차로부근,승용,남,54세,상해없음,승용,남,42세,경상
2018082800100462,2018년 8월 28일 18시,화요일,인천광역시 연수구 청학동,중상사고,0,1,0,0,차대차 - 측면충돌,교차로운행방법위반,젖음/습기,비,교차로 - 교차로안,승용,여,47세,상해없음,승용,남,46세,중상
2018082800100501,2018년 8월 28일 19시,화요일,인천광역시 중구 운남동,경상사고,0,0,1,0,차대차 - 추돌,안전운전불이행,젖음/습기,비,단일로 - 교량,승용,남,31세,상해없음,승용,남,56세,경상
2018082800100535,2018년 8월 28일 20시,화요일,인천광역시 계양구 작전동,경상사고,0,0,1,0,차량단독 - 기타,안전운전불이행,젖음/습기,비,단일로 - 기타,이륜,남,20세,경상,,,,
2018082800100536,2018년 8월 28일 20시,화요일,인천광역시 남동구 고잔동,경상사고,0,0,3,0,차대차 - 측면충돌,안전운전불이행,젖음/습기,비,교차로 - 교차로안,승용,남,34세,경상,승용,남,29세,경상
2018082800100585,2018년 8월 28일 21시,화요일,인천광역시 부평구 부평동,경상사고,0,0,3,0,차대차 - 기타,교차로운행방법위반,건조,기타,교차로 - 교차로안,승용,남,66세,상해없음,승용,여,31세,경상
2018082800100586,2018년 8월 28일 21시,화요일,인천광역시 남동구 구월동,중상사고,0,1,1,0,차대사람 - 횡단중,신호위반,젖음/습기,비,기타 - 기타,승용,남,53세,상해없음,보행자,남,44세,중상
2018082800100613,2018년 8월 28일 22시,화요일,인천광역시 남동구 고잔동,경상사고,0,0,2,0,차대차 - 측면충돌,신호위반,건조,맑음,교차로 - 교차로안,승용,여,38세,상해없음,승용,여,52세,경상
2018082800100639,2018년 8월 28일 23시,화요일,인천광역시 미추홀구 주안동,경상사고,0,0,1,0,차대차 - 기타,중앙선침범,젖음/습기,비,단일로 - 기타,승용,여,45세,상해없음,승용,남,59세,경상
2018082900100069,2018년 8월 29일 06시,수요일,인천광역시 강화군 화도면,중상사고,0,1,1,0,차대차 - 측면충돌,안전운전불이행,건조,맑음,단일로 - 기타,승용,남,81세,중상,승합,남,54세,경상
2018082900100184,2018년 8월 29일 10시,수요일,인천광역시 남동구 구월동,경상사고,0,0,1,0,차대사람 - 보도통행중,보행자보호의무위반,건조,맑음,교차로 - 교차로부근,승용,여,60세,상해없음,보행자,여,35세,경상
2018082900100185,2018년 8월 29일 10시,수요일,인천광역시 강화군 화도면,중상사고,0,1,0,0,차량단독 - 전도전복 - 전도,안전운전불이행,건조,맑음,기타 - 기타,이륜,남,34세,중상,미분류,미분류,미분류,미분류
2018082900100218,2018년 8월 29일 11시,수요일,인천광역시 서구 석남동,경상사고,0,0,1,0,차대사람 - 기타,안전운전불이행,건조,맑음,단일로 - 기타,승용,남,32세,상해없음,보행자,여,60세,경상
2018082900100240,2018년 8월 29일 12시,수요일,인천광역시 중구 신흥동2가,경상사고,0,0,1,0,차대차 - 측면충돌,안전운전불이행,건조,맑음,교차로 - 교차로부근,승용,남,31세,상해없음,승용,여,48세,경상
2018082900100275,2018년 8월 29일 13시,수요일,인천광역시 남동구 만수동,경상사고,0,0,1,0,차대차 - 측면충돌,교차로운행방법위반,건조,맑음,교차로 - 교차로안,승용,남,54세,상해없음,승용,여,26세,경상
2018082900100327,2018년 8월 29일 15시,수요일,인천광역시 부평구 삼산동,중상사고,0,1,1,0,차대사람 - 횡단중,신호위반,건조,맑음,교차로 - 교차로횡단보도내,승용,여,33세,상해없음,보행자,여,35세,중상
2018082900100362,2018년 8월 29일 16시,수요일,인천광역시 연수구 옥련동,경상사고,0,0,1,0,차대차 - 기타,안전운전불이행,건조,맑음,교차로 - 교차로부근,승용,남,64세,상해없음,승용,여,37세,경상
2018082900100363,2018년 8월 29일 16시,수요일,인천광역시 부평구 삼산동,경상사고,0,0,2,0,차대차 - 추돌,안전운전불이행,젖음/습기,비,교차로 - 교차로부근,승용,남,39세,상해없음,승용,남,58세,경상
2018082900100442,2018년 8월 29일 18시,수요일,인천광역시 서구 석남동,경상사고,0,0,1,0,차대사람 - 보도통행중,기타,젖음/습기,비,기타 - 기타,이륜,남,35세,기타불명,보행자,남,14세,경상
2018082900100492,2018년 8월 29일 19시,수요일,인천광역시 남동구 구월동,경상사고,0,0,3,0,차대차 - 측면충돌,안전거리미확보,젖음/습기,비,단일로 - 기타,승용,남,47세,상해없음,승용,남,36세,경상
2018082900100493,2018년 8월 29일 19시,수요일,인천광역시 서구 연희동,경상사고,0,0,1,0,차대사람 - 횡단중,신호위반,젖음/습기,비,교차로 - 교차로안,이륜,남,36세,상해없음,보행자,여,20세,경상
2018082900100494,2018년 8월 29일 19시,수요일,인천광역시 서구 검암동,경상사고,0,0,1,0,차대차 - 측면충돌,안전운전불이행,젖음/습기,비,교차로 - 교차로부근,승합,남,55세,상해없음,승용,여,40세,경상
2018082900100535,2018년 8월 29일 20시,수요일,인천광역시 남동구 간석동,경상사고,0,0,2,0,차대차 - 기타,안전운전불이행,젖음/습기,비,단일로 - 기타,승용,남,64세,상해없음,승용,여,27세,경상
2018082900100536,2018년 8월 29일 20시,수요일,인천광역시 연수구 선학동,경상사고,0,0,3,0,차대차 - 측면충돌,신호위반,젖음/습기,비,교차로 - 교차로안,승용,여,62세,상해없음,승합,남,59세,경상
2018082900100537,2018년 8월 29일 20시,수요일,인천광역시 연수구 송도동,경상사고,0,0,1,0,차대차 - 후진중충돌,안전운전불이행,젖음/습기,비,교차로 - 교차로부근,승용,여,31세,상해없음,승용,여,25세,경상
2018082900100564,2018년 8월 29일 21시,수요일,인천광역시 미추홀구 주안동,경상사고,0,0,1,0,차대차 - 측면충돌,차로위반,침수,비,단일로 - 고가도로위,승용,남,30세,상해없음,승용,남,47세,경상
2018082900100618,2018년 8월 29일 23시,수요일,인천광역시 계양구 작전동,경상사고,0,0,2,0,차대차 - 측면충돌,안전운전불이행,젖음/습기,비,단일로 - 기타,승용,남,33세,상해없음,승용,남,49세,경상
2018082900100619,2018년 8월 29일 23시,수요일,인천광역시 계양구 서운동,사망사고,1,0,0,0,차대차 - 추돌,안전운전불이행,젖음/습기,비,교차로 - 교차로부근,승용,남,47세,상해없음,이륜,남,56세,사망
2018083000100016,2018년 8월 30일 00시,목요일,인천광역시 남동구 구월동,경상사고,0,0,1,0,차대사람 - 차도통행중,안전운전불이행,젖음/습기,비,단일로 - 기타,이륜,남,23세,상해없음,보행자,남,30세,경상
2018083000100017,2018년 8월 30일 00시,목요일,인천광역시 남동구 간석동,중상사고,0,1,0,0,차대사람 - 차도통행중,안전운전불이행,젖음/습기,비,교차로 - 교차로안,승용,남,49세,상해없음,보행자,남,36세,중상
2018083000100040,2018년 8월 30일 02시,목요일,인천광역시 미추홀구 주안동,경상사고,0,0,1,0,차대차 - 기타,신호위반,젖음/습기,비,교차로 - 교차로안,기타불명,기타불명,미분류,기타불명,이륜,남,17세,경상
2018083000100041,2018년 8월 30일 02시,목요일,인천광역시 미추홀구 주안동,경상사고,0,0,1,0,차대차 - 기타,안전운전불이행,젖음/습기,비,단일로 - 기타,승용,남,58세,상해없음,승용,남,41세,경상
2018083000100056,2018년 8월 30일 05시,목요일,인천광역시 계양구 계산동,경상사고,0,0,2,0,차량단독 - 기타,안전운전불이행,건조,맑음,단일로 - 기타,승용,남,63세,상해없음,,,,
2018083000100088,2018년 8월 30일 07시,목요일,인천광역시 연수구 연수동,경상사고,0,0,3,0,차대차 - 측면충돌,교차로운행방법위반,건조,맑음,교차로 - 교차로안,승용,남,32세,상해없음,승용,여,50세,경상
2018083000100153,2018년 8월 30일 09시,목요일,인천광역시 중구 항동7가,경상사고,0,0,1,0,차대차 - 측면충돌,안전거리미확보,건조,맑음,단일로 - 기타,특수,남,39세,상해없음,승용,여,63세,경상
2018083000100183,2018년 8월 30일 10시,목요일,인천광역시 미추홀구 도화동,경상사고,0,0,1,0,차대차 - 기타,안전운전불이행,건조,맑음,단일로 - 기타,승용,여,60세,상해없음,승용,여,36세,경상
2018083000100184,2018년 8월 30일 10시,목요일,인천광역시 부평구 부평동,경상사고,0,0,1,0,차대차 - 기타,중앙선침범,건조,맑음,단일로 - 기타,승합,남,24세,경상,승용,남,34세,상해없음
2018083000100212,2018년 8월 30일 11시,목요일,인천광역시 중구 운서동,중상사고,0,1,1,0,차대차 - 측면충돌,신호위반,건조,맑음,교차로 - 교차로안,승용,여,29세,경상,승용,남,63세,중상
2018083000100213,2018년 8월 30일 11시,목요일,인천광역시 연수구 옥련동,경상사고,0,0,1,0,차대사람 - 차도통행중,보행자보호의무위반,건조,맑음,단일로 - 기타,승용,남,57세,상해없음,보행자,남,4세,경상
2018083000100237,2018년 8월 30일 12시,목요일,인천광역시 미추홀구 학익동,부상신고사고,0,0,0,2,차대차 - 측면충돌,안전거리미확보,건조,흐림,단일로 - 교량,특수,남,48세,기타불명,승용,여,50세,부상신고
2018083000100262,2018년 8월 30일 13시,목요일,인천광역시 부평구 부평동,경상사고,0,0,1,0,차대차 - 측면충돌,안전거리미확보,건조,맑음,교차로 - 교차로부근,승용,남,26세,상해없음,승용,남,46세,경상
2018083000100295,2018년 8월 30일 14시,목요일,인천광역시 서구 가좌동,경상사고,0,0,1,0,차대사람 - 횡단중,안전운전불이행,건조,맑음,교차로 - 교차로횡단보도내,승합,남,54세,상해없음,보행자,남,68세,경상
2018083000100361,2018년 8월 30일 16시,목요일,인천광역시 부평구 부평동,중상사고,0,1,0,0,차대사람 - 횡단중,안전운전불이행,건조,맑음,단일로 - 기타,승용,여,54세,상해없음,보행자,남,80세,중상
2018083000100362,2018년 8월 30일 16시,목요일,인천광역시 남동구 만수동,경상사고,0,0,1,0,차대사람 - 기타,안전운전불이행,건조,맑음,기타 - 기타,승용,남,63세,상해없음,보행자,여,32세,경상
2018083000100449,2018년 8월 30일 18시,목요일,인천광역시 남동구 도림동,경상사고,0,0,1,0,차량단독 - 기타,안전운전불이행,건조,맑음,단일로 - 기타,승합,남,57세,상해없음,,,,
2018083000100484,2018년 8월 30일 19시,목요일,인천광역시 서구 가좌동,중상사고,0,1,0,0,차대사람 - 기타,안전운전불이행,기타,맑음,단일로 - 기타,화물,남,57세,상해없음,보행자,여,66세,중상
2018083000100524,2018년 8월 30일 20시,목요일,인천광역시 서구 연희동,중상사고,0,1,0,0,차대차 - 측면충돌,중앙선침범,건조,맑음,단일로 - 기타,승용,남,45세,상해없음,이륜,남,62세,중상
2018083000100553,2018년 8월 30일 21시,목요일,인천광역시 중구 운서동,중상사고,0,1,0,0,차대차 - 측면충돌,신호위반,건조,맑음,교차로 - 교차로안,승용,남,30세,상해없음,승용,남,59세,중상
2018083000100554,2018년 8월 30일 21시,목요일,인천광역시 미추홀구 관교동,경상사고,0,0,4,0,차대차 - 추돌,안전운전불이행,건조,맑음,단일로 - 기타,승용,남,57세,상해없음,승용,남,57세,경상
2018083000100555,2018년 8월 30일 21시,목요일,인천광역시 중구 운북동,경상사고,0,0,1,0,차대차 - 기타,안전운전불이행,건조,맑음,단일로 - 기타,화물,남,39세,상해없음,화물,남,43세,경상
2018083100100054,2018년 8월 31일 03시,금요일,인천광역시 남동구 운연동,경상사고,0,0,2,0,차대차 - 추돌,안전운전불이행,젖음/습기,비,단일로 - 교량,승용,남,38세,상해없음,화물,남,54세,경상
2018083100100078,2018년 8월 31일 05시,금요일,인천광역시 남동구 간석동,경상사고,0,0,1,0,차량단독 - 기타,안전운전불이행,건조,맑음,기타 - 기타,승합,남,55세,상해없음,,,,
2018083100100134,2018년 8월 31일 08시,금요일,인천광역시 서구 경서동,중상사고,0,1,0,0,차대차 - 측면충돌,신호위반,젖음/습기,흐림,교차로 - 교차로부근,승용,남,30세,상해없음,자전거,여,31세,중상
2018083100100174,2018년 8월 31일 09시,금요일,인천광역시 남동구 만수동,경상사고,0,0,1,0,차대차 - 기타,차로위반,건조,맑음,교차로 - 교차로안,화물,남,29세,상해없음,승용,남,58세,경상
2018083100100175,2018년 8월 31일 09시,금요일,인천광역시 계양구 동양동,경상사고,0,0,1,0,차대차 - 추돌,안전거리미확보,건조,맑음,단일로 - 기타,승용,남,38세,상해없음,승용,남,37세,경상
2018083100100201,2018년 8월 31일 10시,금요일,인천광역시 서구 경서동,경상사고,0,0,1,0,차대차 - 측면충돌,안전운전불이행,건조,맑음,교차로 - 교차로부근,승용,남,34세,상해없음,승용,남,42세,경상
2018083100100253,2018년 8월 31일 12시,금요일,인천광역시 서구 오류동,경상사고,0,0,1,0,차대사람 - 기타,보행자보호의무위반,건조,맑음,단일로 - 기타,화물,남,38세,상해없음,보행자,여,25세,경상
2018083100100395,2018년 8월 31일 16시,금요일,인천광역시 미추홀구 도화동,경상사고,0,0,1,0,차대차 - 기타,안전운전불이행,건조,맑음,기타 - 기타,승합,남,56세,상해없음,승용,남,36세,기타불명
2018083100100396,2018년 8월 31일 16시,금요일,인천광역시 남동구 구월동,경상사고,0,0,2,0,차대차 - 측면충돌,교차로운행방법위반,건조,맑음,교차로 - 교차로안,승용,남,27세,경상,화물,남,45세,경상
2018083100100430,2018년 8월 31일 17시,금요일,인천광역시 서구 가좌동,경상사고,0,0,1,0,차대사람 - 기타,안전운전불이행,건조,맑음,교차로 - 교차로부근,이륜,남,18세,기타불명,보행자,여,53세,경상
2018083100100431,2018년 8월 31일 17시,금요일,인천광역시 서구 가좌동,경상사고,0,0,1,0,차대사람 - 횡단중,안전운전불이행,건조,맑음,교차로 - 교차로부근,승용,남,24세,상해없음,보행자,여,54세,경상