사고번호,사고일시,요일,시군구,사고내용,사망자수,중상자수,경상자수,부상신고자수,사고유형,법규위반,노면상태,기상상태,도로형태,가해운전자 차종,가해운전자 성별,가해운전자 연령,가해운전자 상해정도,피해운전자 차종,피해운전자 성별,피해운전자 연령,피해운전자 상해정도
2018090500100473,2018년 9월 5일 17시,수요일,인천광역시 부평구 부개동,경상사고,0,0,1,0,차대사람 - 횡단중,보행자보호의무위반,건조,맑음,교차로 - 교차로횡단보도내,화물,남,58세,상해없음,보행자,여,17세,경상
2018090500100533,2018년 9월 5일 18시,수요일,인천광역시 연수구 옥련동,경상사고,0,0,1,0,차량단독 - 기타,기타,건조,맑음,단일로 - 기타,승합,남,59세,상해없음,,,,
2018090500100567,2018년 9월 5일 19시,수요일,인천광역시 계양구 계산동,경상사고,0,0,1,0,차대사람 - 횡단중,안전운전불이행,건조,맑음,교차로 - 교차로부근,승용,여,57세,상해없음,보행자,여,37세,경상
2018090500100568,2018년 9월 5일 19시,수요일,인천광역시 남동구 고잔동,경상사고,0,0,1,0,차대차 - 측면충돌,교차로운행방법위반,건조,맑음,교차로 - 교차로안,승용,남,59세,상해없음,화물,남,25세,경상
2018090500100636,2018년 9월 5일 21시,수요일,인천광역시 남동구 구월동,경상사고,0,0,2,0,차대사람 - 기타,안전운전불이행,건조,맑음,기타 - 기타,승용,남,28세,상해없음,보행자,여,36세,경상
2018090500100687,2018년 9월 5일 23시,수요일,인천광역시 미추홀구 주안동,중상사고,0,1,0,0,차대차 - 기타,안전운전불이행,건조,흐림,단일로 - 기타,승용,남,49세,상해없음,자전거,여,67세,중상
2018090600100008,2018년 9월 6일 00시,목요일,인천광역시 미추홀구 용현동,경상사고,0,0,1,0,차대차 - 기타,안전운전불이행,건조,맑음,단일로 - 기타,승용,여,50세,상해없음,승용,남,42세,경상
2018090600100009,2018년 9월 6일 00시,목요일,인천광역시 남동구 구월동,경상사고,0,0,1,0,차대차 - 기타,중앙선침범,건조,맑음,기타 - 기타,승용,남,37세,상해없음,승용,남,59세,경상
2018090600100021,2018년 9월 6일 01시,목요일,인천광역시 서구 석남동,부상신고사고,0,0,0,1,차량단독 - 기타,안전운전불이행,건조,맑음,단일로 - 기타,승용,남,22세,상해없음,,,,
2018090600100027,2018년 9월 6일 02시,목요일,인천광역시 서구 불로동,중상사고,0,1,0,0,차대사람 - 횡단중,신호위반,건조,맑음,단일로 - 기타,승용,여,42세,상해없음,보행자,여,41세,중상
2018090600100028,2018년 9월 6일 02시,목요일,인천광역시 남동구 도림동,부상신고사고,0,0,0,1,차대차 - 기타,안전운전불이행,건조,맑음,교차로 - 교차로안,기타불명,기타불명,미분류,기타불명,승용,여,41세,부상신고
2018090600100062,2018년 9월 6일 06시,목요일,인천광역시 동구 만석동,중상사고,0,1,0,0,차대사람 - 횡단중,신호위반,건조,맑음,교차로 - 교차로횡단보도내,승용,남,58세,상해없음,보행자,여,76세,중상
2018090600100167,2018년 9월 6일 10시,목요일,인천광역시 서구 마전동,중상사고,0,1,0,0,차대사람 - 보도통행중,보행자보호의무위반,건조,맑음,교차로 - 교차로횡단보도내,자전거,남,37세,상해없음,보행자,여,38세,중상
2018090600100221,2018년 9월 6일 12시,목요일,인천광역시 동구 송현동,경상사고,0,0,2,1,차대차 - 기타,안전운전불이행,건조,맑음,단일로 - 기타,승용,여,23세,부상신고,화물,남,59세,경상
2018090600100255,2018년 9월 6일 13시,목요일,인천광역시 남동구 간석동,중상사고,0,1,0,0,차대사람 - 기타,안전운전불이행,건조,맑음,기타 - 기타,화물,남,52세,상해없음,보행자,남,52세,중상
2018090600100335,2018년 9월 6일 16시,목요일,인천광역시 부평구 삼산동,경상사고,0,0,1,0,차대차 - 기타,안전거리미확보,건조,맑음,단일로 - 교량,승용,여,42세,상해없음,승용,남,25세,경상
2018090600100336,2018년 9월 6일 16시,목요일,인천광역시 계양구 둑실동,경상사고,0,0,1,2,차대차 - 측면충돌,안전거리미확보,건조,맑음,단일로 - 교량,승용,남,66세,상해없음,승용,남,56세,부상신고
2018090600100419,2018년 9월 6일 18시,목요일,인천광역시 미추홀구 주안동,경상사고,0,0,1,0,차대차 - 측면충돌,안전운전불이행,건조,맑음,단일로 - 기타,승용,남,33세,상해없음,승용,여,50세,경상
2018090600100420,2018년 9월 6일 18시,목요일,인천광역시 미추홀구 도화동,경상사고,0,0,1,0,차대차 - 추돌,안전운전불이행,건조,맑음,단일로 - 기타,승용,남,18세,상해없음,승용,여,49세,경상
2018090600100421,2018년 9월 6일 18시,목요일,인천광역시 부평구 산곡동,경상사고,0,0,2,0,차대차 - 측면충돌,안전운전불이행,건조,맑음,단일로 - 기타,승용,여,43세,상해없음,승용,여,33세,경상
2018090600100422,2018년 9월 6일 18시,목요일,인천광역시 남동구 간석동,경상사고,0,0,1,0,차대차 - 측면충돌,안전운전불이행,건조,맑음,기타 - 기타,승용,여,56세,상해없음,승용,남,35세,경상
2018090600100423,2018년 9월 6일 18시,목요일,인천광역시 남동구 논현동,경상사고,0,0,1,0,차대차 - 측면충돌,안전거리미확보,건조,맑음,단일로 - 기타,화물,남,31세,상해없음,승용,여,40세,경상
2018090600100424,2018년 9월 6일 18시,목요일,인천광역시 남동구 만수동,경상사고,0,0,1,0,차대차 - 추돌,안전운전불이행,건조,맑음,단일로 - 교량,승용,남,68세,상해없음,승용,남,43세,경상
2018090600100462,2018년 9월 6일 19시,목요일,인천광역시 계양구 작전동,경상사고,0,0,2,0,차대차 - 추돌,안전운전불이행,건조,맑음,교차로 - 교차로부근,승용,남,47세,상해없음,승용,남,25세,경상
2018090600100463,2018년 9월 6일 19시,목요일,인천광역시 연수구 청학동,경상사고,0,0,1,0,차대차 - 기타,신호위반,건조,맑음,교차로 - 교차로부근,승용,남,22세,상해없음,승용,남,63세,경상
2018090600100530,2018년 9월 6일 21시,목요일,인천광역시 연수구 송도동,경상사고,0,0,1,0,차대차 - 측면충돌,기타,건조,맑음,단일로 - 기타,자전거,남,14세,경상,기타불명,기타불명,미분류,기타불명
2018090600100559,2018년 9월 6일 22시,목요일,인천광역시 미추홀구 주안동,경상사고,0,0,2,0,차대차 - 측면충돌,신호위반,젖음/습기,비,교차로 - 교차로안,승용,남,45세,상해없음,승용,남,51세,경상
2018090600100577,2018년 9월 6일 23시,목요일,인천광역시 서구 오류동,중상사고,0,1,0,2,차대차 - 측면충돌,안전거리미확보,건조,맑음,단일로 - 기타,승용,남,59세,중상,승용,여,41세,부상신고
2018090700100025,2018년 9월 7일 01시,금요일,인천광역시 연수구 연수동,경상사고,0,0,1,0,차대차 - 기타,안전운전불이행,건조,맑음,교차로 - 교차로부근,승용,남,30세,상해없음,건설기계,남,56세,경상
2018090700100026,2018년 9월 7일 01시,금요일,인천광역시 남동구 논현동,경상사고,0,0,1,0,차대차 - 추돌,안전운전불이행,건조,맑음,단일로 - 기타,승용,남,38세,상해없음,승용,남,63세,경상
2018090700100121,2018년 9월 7일 07시,금요일,인천광역시 서구 가정동,경상사고,0,0,1,0,차대차 - 측면충돌,안전운전불이행,건조,맑음,단일로 - 기타,승용,여,24세,상해없음,승용,남,35세,경상
2018090700100122,2018년 9월 7일 07시,금요일,인천광역시 계양구 병방동,부상신고사고,0,0,0,2,차대차 - 측면충돌,차로위반,건조,맑음,단일로 - 교량,화물,남,49세,상해없음,승용,남,25세,부상신고
2018090700100200,2018년 9월 7일 09시,금요일,인천광역시 중구 운북동,경상사고,0,0,1,0,차대사람 - 기타,기타,건조,맑음,단일로 - 기타,승합,남,57세,상해없음,보행자,남,53세,경상
2018090700100201,2018년 9월 7일 09시,금요일,인천광역시 서구 공촌동,경상사고,0,0,1,0,차대사람 - 차도통행중,안전운전불이행,건조,맑음,교차로 - 교차로안,승용,여,38세,상해없음,보행자,여,54세,경상
2018090700100202,2018년 9월 7일 09시,금요일,인천광역시 연수구 선학동,중상사고,0,1,0,0,차대차 - 측면충돌,안전운전불이행,건조,맑음,교차로 - 교차로안,자전거,남,75세,중상,승용,남,74세,상해없음
2018090700100309,2018년 9월 7일 12시,금요일,인천광역시 계양구 작전동,경상사고,0,0,1,0,차대차 - 추돌,안전운전불이행,건조,맑음,교차로 - 교차로안,승용,남,65세,상해없음,승용,여,24세,경상
2018090700100380,2018년 9월 7일 14시,금요일,인천광역시 연수구 옥련동,경상사고,0,0,2,0,차대차 - 추돌,안전운전불이행,건조,맑음,교차로 - 교차로부근,승합,남,59세,상해없음,승용,여,36세,경상
2018090700100455,2018년 9월 7일 16시,금요일,인천광역시 남동구 만수동,경상사고,0,0,1,0,차대차 - 측면충돌,교차로운행방법위반,건조,맑음,교차로 - 교차로안,승용,여,57세,상해없음,승용,남,59세,경상
2018090700100494,2018년 9월 7일 17시,금요일,인천광역시 미추홀구 도화동,경상사고,0,0,1,0,차대차 - 정면충돌,중앙선침범,건조,맑음,단일로 - 기타,승용,여,46세,상해없음,승용,남,42세,경상
2018090700100495,2018년 9월 7일 17시,금요일,인천광역시 서구 원창동,경상사고,0,0,1,0,차대차 - 추돌,안전운전불이행,건조,맑음,단일로 - 기타,이륜,남,31세,상해없음,승용,여,39세,경상
2018090700100496,2018년 9월 7일 17시,금요일,인천광역시 서구 가정동,중상사고,0,1,0,0,차대사람 - 기타,신호위반,건조,맑음,교차로 - 교차로부근,승용,남,57세,기타불명,보행자,여,56세,중상
2018090700100545,2018년 9월 7일 18시,금요일,인천광역시 미추홀구 숭의동,중상사고,0,1,0,0,차량단독 - 기타,안전거리미확보,건조,맑음,교차로 - 교차로부근,승합,남,53세,상해없음,,,,
2018090700100546,2018년 9월 7일 18시,금요일,인천광역시 서구 경서동,중상사고,0,1,3,0,차대차 - 측면충돌,신호위반,건조,맑음,교차로 - 교차로안,이륜,남,48세,중상,승용,남,31세,경상
2018090700100547,2018년 9월 7일 18시,금요일,인천광역시 계양구 용종동,경상사고,0,0,1,0,차대차 - 측면충돌,기타,건조,맑음,단일로 - 교량,화물,남,33세,상해없음,승용,여,40세,경상
2018090700100590,2018년 9월 7일 19시,금요일,인천광역시 부평구 부평동,중상사고,0,1,0,0,차대차 - 기타,안전운전불이행,건조,맑음,교차로 - 교차로부근,승용,남,68세,상해없음,이륜,남,24세,중상
2018090700100591,2018년 9월 7일 19시,금요일,인천광역시 부평구 십정동,경상사고,0,0,1,0,차대사람 - 기타,안전운전불이행,건조,맑음,단일로 - 기타,승용,남,42세,상해없음,보행자,남,31세,경상
2018090700100592,2018년 9월 7일 19시,금요일,인천광역시 남동구 구월동,중상사고,0,1,0,0,차대차 - 추돌,안전거리미확보,건조,맑음,단일로 - 기타,승용,남,35세,상해없음,승용,여,56세,중상
2018090700100593,2018년 9월 7일 19시,금요일,인천광역시 부평구 삼산동,중상사고,0,1,0,0,차대차 - 기타,안전운전불이행,건조,맑음,단일로 - 기타,화물,남,69세,기타불명,자전거,남,43세,중상
2018090700100653,2018년 9월 7일 21시,금요일,인천광역시 남동구 간석동,중상사고,0,1,0,0,차대차 - 측면충돌,신호위반,건조,맑음,교차로 - 교차로안,승용,남,22세,상해없음,이륜,남,48세,중상
2018090700100654,2018년 9월 7일 21시,금요일,인천광역시 서구 청라동,경상사고,0,0,1,0,차대차 - 측면충돌,안전운전불이행,건조,맑음,단일로 - 기타,승용,여,54세,상해없음,승합,남,63세,경상
2018090700100674,2018년 9월 7일 22시,금요일,인천광역시 남동구 간석동,경상사고,0,0,1,2,차대차 - 측면충돌,안전거리미확보,건조,맑음,단일로 - 기타,승용,여,50세,상해없음,승용,남,59세,경상
2018090800100020,2018년 9월 8일 00시,토요일,인천광역시 서구 연희동,경상사고,0,0,5,0,차대차 - 추돌,안전운전불이행,건조,맑음,단일로 - 기타,승용,남,42세,상해없음,승용,남,37세,경상
2018090800100098,2018년 9월 8일 05시,토요일,인천광역시 남동구 남촌동,중상사고,0,1,1,0,차대차 - 측면충돌,신호위반,건조,맑음,교차로 - 교차로안,화물,남,56세,경상,승용,남,51세,중상
2018090800100112,2018년 9월 8일 06시,토요일,인천광역시 동구 송현동,중상사고,0,1,0,0,차대차 - 기타,안전운전불이행,건조,맑음,교차로 - 교차로안,화물,남,23세,상해없음,화물,남,58세,중상
2018090800100113,2018년 9월 8일 06시,토요일,인천광역시 계양구 계산동,중상사고,0,1,0,0,차대차 - 기타,안전운전불이행,건조,맑음,교차로 - 교차로부근,사륜오토바이(ATV),남,75세,중상,승합,남,45세,상해없음
2018090800100114,2018년 9월 8일 06시,토요일,인천광역시 남동구 논현동,중상사고,0,1,0,0,차대차 - 측면충돌,신호위반,건조,맑음,교차로 - 교차로안,승용,남,54세,기타불명,승용,남,38세,중상
2018090800100154,2018년 9월 8일 08시,토요일,인천광역시 남동구 수산동,경상사고,0,0,3,0,차대차 - 기타,중앙선침범,건조,맑음,교차로 - 교차로부근,승용,남,45세,상해없음,승용,남,68세,경상
2018090800100180,2018년 9월 8일 09시,토요일,인천광역시 남동구 만수동,중상사고,0,1,0,0,차대차 - 측면충돌,신호위반,건조,맑음,교차로 - 교차로부근,화물,남,49세,상해없음,승용,남,45세,중상
2018090800100214,2018년 9월 8일 10시,토요일,인천광역시 미추홀구 도화동,경상사고,0,0,2,0,차대차 - 측면충돌,안전운전불이행,건조,맑음,교차로 - 교차로안,승용,여,29세,상해없음,승용,여,42세,경상
2018090800100215,2018년 9월 8일 10시,토요일,인천광역시 연수구 옥련동,경상사고,0,0,2,0,차대차 - 측면충돌,안전거리미확보,건조,맑음,교차로 - 교차로횡단보도내,승용,남,36세,상해없음,특수,남,60세,경상
2018090800100255,2018년 9월 8일 11시,토요일,인천광역시 계양구 둑실동,경상사고,0,0,2,0,차대차 - 측면충돌,안전운전불이행,건조,맑음,단일로 - 기타,자전거,남,47세,경상,자전거,남,50세,경상
2018090800100256,2018년 9월 8일 11시,토요일,인천광역시 남동구 논현동,경상사고,0,0,1,0,차대차 - 측면충돌,신호위반,건조,맑음,단일로 - 기타,화물,여,42세,상해없음,승용,남,32세,경상
2018090800100302,2018년 9월 8일 12시,토요일,인천광역시 남동구 간석동,중상사고,0,1,0,0,차대사람 - 기타,안전운전불이행,건조,맑음,기타 - 기타,화물,남,41세,상해없음,보행자,여,76세,중상
2018090800100303,2018년 9월 8일 12시,토요일,인천광역시 남동구 구월동,경상사고,0,0,1,0,차대사람 - 기타,안전운전불이행,건조,맑음,기타 - 기타,기타불명,기타불명,미분류,기타불명,보행자,남,17세,경상
2018090800100304,2018년 9월 8일 12시,토요일,인천광역시 서구 연희동,중상사고,0,1,0,0,차대차 - 측면충돌,신호위반,건조,맑음,교차로 - 교차로안,승용,여,62세,상해없음,승용,여,53세,중상
2018090800100341,2018년 9월 8일 13시,토요일,인천광역시 부평구 일신동,경상사고,0,0,1,0,차대차 - 측면충돌,안전거리미확보,건조,맑음,단일로 - 기타,승용,남,70세,상해없음,승용,여,33세,경상
2018090800100379,2018년 9월 8일 14시,토요일,인천광역시 동구 금곡동,경상사고,0,0,1,0,차대사람 - 횡단중,보행자보호의무위반,건조,맑음,교차로 - 교차로횡단보도내,승용,남,59세,상해없음,보행자,남,72세,경상
2018090800100450,2018년 9월 8일 16시,토요일,인천광역시 중구 운서동,경상사고,0,0,1,0,차대차 - 측면충돌,안전운전불이행,건조,맑음,교차로 - 교차로안,승용,남,21세,상해없음,이륜,남,37세,경상
2018090800100451,2018년 9월 8일 16시,토요일,인천광역시 미추홀구 숭의동,중상사고,0,3,0,1,차대차 - 측면충돌,신호위반,건조,맑음,교차로 - 교차로안,화물,남,53세,부상신고,승용,남,52세,중상
2018090800100488,2018년 9월 8일 17시,토요일,인천광역시 부평구 십정동,경상사고,0,0,1,0,차대사람 - 기타,안전운전불이행,건조,맑음,기타 - 기타,승용,남,67세,상해없음,보행자,여,70세,경상
2018090800100489,2018년 9월 8일 17시,토요일,인천광역시 남동구 간석동,경상사고,0,0,1,0,차대사람 - 길가장자리구역통행중,안전운전불이행,건조,맑음,단일로 - 기타,승용,여,44세,상해없음,보행자,남,52세,경상
2018090800100490,2018년 9월 8일 17시,토요일,인천광역시 서구 가정동,경상사고,0,0,1,0,차대사람 - 횡단중,신호위반,건조,맑음,교차로 - 교차로횡단보도내,승용,남,68세,상해없음,보행자,남,15세,경상
2018090800100491,2018년 9월 8일 17시,토요일,인천광역시 계양구 계산동,경상사고,0,0,1,0,차대사람 - 기타,안전운전불이행,건조,맑음,단일로 - 기타,승용,남,66세,기타불명,보행자,여,30세,경상
2018090800100526,2018년 9월 8일 18시,토요일,인천광역시 서구 가정동,경상사고,0,0,1,0,차대차 - 추돌,안전운전불이행,건조,맑음,기타 - 기타,승용,여,56세,상해없음,승용,남,41세,경상
2018090800100565,2018년 9월 8일 19시,토요일,인천광역시 미추홀구 숭의동,경상사고,0,0,3,0,차대차 - 기타,중앙선침범,건조,맑음,단일로 - 기타,사륜오토바이(ATV),남,70세,경상,승용,남,51세,경상
2018090800100566,2018년 9월 8일 19시,토요일,인천광역시 계양구 계산동,중상사고,0,1,0,0,차대차 - 측면충돌,안전운전불이행,건조,맑음,교차로 - 교차로안,승용,여,44세,상해없음,자전거,남,19세,중상
2018090800100594,2018년 9월 8일 20시,토요일,인천광역시 남동구 간석동,경상사고,0,0,2,0,차대차 - 기타,안전운전불이행,건조,맑음,교차로 - 교차로안,승용,남,19세,상해없음,승용,남,41세,경상
2018090800100595,2018년 9월 8일 20시,토요일,인천광역시 서구 당하동,중상사고,0,1,0,0,차대사람 - 차도통행중,안전운전불이행,건조,맑음,단일로 - 기타,승용,여,32세,상해없음,보행자,남,11세,중상
2018090800100596,2018년 9월 8일 20시,토요일,인천광역시 남동구 논현동,경상사고,0,0,2,0,차대차 - 측면충돌,안전운전불이행,건조,맑음,교차로 - 교차로안,승용,남,29세,기타불명,승용,여,58세,상해없음
2018090800100649,2018년 9월 8일 22시,토요일,인천광역시 남동구 구월동,경상사고,0,0,3,0,차대차 - 측면충돌,안전운전불이행,건조,맑음,기타 - 기타,승용,남,48세,상해없음,승용,남,62세,경상
2018090900100031,2018년 9월 9일 01시,일요일,인천광역시 남동구 구월동,중상사고,0,1,0,0,차대사람 - 기타,안전운전불이행,건조,맑음,단일로 - 기타,승용,남,62세,상해없음,보행자,남,49세,중상
2018090900100032,2018년 9월 9일 01시,일요일,인천광역시 계양구 동양동,경상사고,0,0,2,0,차대차 - 측면충돌,교차로운행방법위반,건조,맑음,교차로 - 교차로안,승용,남,32세,상해없음,승용,남,46세,경상
2018090900100047,2018년 9월 9일 02시,일요일,인천광역시 미추홀구 주안동,경상사고,0,0,2,0,차대차 - 기타,안전운전불이행,건조,맑음,교차로 - 교차로안,승용,남,61세,상해없음,이륜,남,18세,경상
2018090900100081,2018년 9월 9일 05시,일요일,인천광역시 미추홀구 도화동,경상사고,0,0,2,0,차대차 - 측면충돌,신호위반,건조,맑음,교차로 - 교차로안,승용,여,50세,상해없음,승용,남,39세,경상
2018090900100082,2018년 9월 9일 05시,일요일,인천광역시 남동구 구월동,경상사고,0,0,2,0,차대차 - 추돌,안전운전불이행,건조,맑음,기타 - 기타,승용,남,30세,상해없음,승용,남,42세,상해없음
2018090900100117,2018년 9월 9일 08시,일요일,인천광역시 부평구 산곡동,경상사고,0,0,1,0,차대차 - 추돌,안전운전불이행,건조,맑음,단일로 - 기타,승용,남,67세,상해없음,승용,남,52세,경상
2018090900100133,2018년 9월 9일 09시,일요일,인천광역시 계양구 작전동,경상사고,0,0,1,1,차대차 - 측면충돌,신호위반,건조,맑음,교차로 - 교차로부근,승용,남,56세,상해없음,승용,남,45세,부상신고
2018090900100162,2018년 9월 9일 10시,일요일,인천광역시 중구 운서동,경상사고,0,0,1,0,차대사람 - 길가장자리구역통행중,안전운전불이행,건조,맑음,단일로 - 기타,승용,남,61세,상해없음,보행자,남,21세,경상
2018090900100163,2018년 9월 9일 10시,일요일,인천광역시 남동구 남촌동,경상사고,0,0,2,0,차대차 - 후진중충돌,안전운전불이행,건조,맑음,교차로 - 교차로안,승용,남,52세,상해없음,승용,여,40세,경상
2018090900100218,2018년 9월 9일 12시,일요일,인천광역시 미추홀구 숭의동,경상사고,0,0,1,0,차대차 - 후진중충돌,안전운전불이행,건조,맑음,교차로 - 교차로부근,화물,여,61세,상해없음,승용,여,31세,경상
2018090900100247,2018년 9월 9일 13시,일요일,인천광역시 부평구 산곡동,경상사고,0,0,1,0,차대차 - 추돌,안전운전불이행,건조,맑음,단일로 - 기타,이륜,남,25세,상해없음,이륜,남,45세,경상
2018090900100248,2018년 9월 9일 13시,일요일,인천광역시 계양구 계산동,중상사고,0,1,0,0,차대사람 - 횡단중,안전운전불이행,건조,맑음,단일로 - 기타,승용,남,37세,상해없음,보행자,남,70세,중상
2018090900100284,2018년 9월 9일 14시,일요일,인천광역시 남동구 만수동,중상사고,0,1,0,0,차대차 - 측면충돌,교차로운행방법위반,건조,맑음,교차로 - 교차로횡단보도내,승용,여,46세,상해없음,이륜,남,54세,중상
2018090900100351,2018년 9월 9일 16시,일요일,인천광역시 남동구 논현동,경상사고,0,0,1,0,차대차 - 기타,안전운전불이행,건조,맑음,단일로 - 기타,승용,남,70세,상해없음,이륜,남,39세,경상
2018090900100392,2018년 9월 9일 17시,일요일,인천광역시 계양구 효성동,경상사고,0,0,1,0,차대차 - 기타,안전운전불이행,건조,맑음,단일로 - 기타,승용,남,39세,상해없음,자전거,남,7세,경상
2018090900100522,2018년 9월 9일 22시,일요일,인천광역시 남동구 구월동,중상사고,0,1,0,0,차대차 - 기타,신호위반,건조,맑음,교차로 - 교차로안,화물,남,49세,상해없음,승용,여,47세,중상
2018091000100037,2018년 9월 10일 04시,월요일,인천광역시 남동구 남촌동,경상사고,0,0,1,0,차대차 - 추돌,안전운전불이행,건조,맑음,교차로 - 교차로안,승용,남,46세,상해없음,승용,남,48세,경상
2018091000100048,2018년 9월 10일 05시,월요일,인천광역시 계양구 계산동,경상사고,0,0,1,0,차대차 - 측면충돌,안전거리미확보,건조,맑음,단일로 - 기타,승용,남,60세,상해없음,승용,남,44세,경상
2018091000100163,2018년 9월 10일 08시,월요일,인천광역시 서구 왕길동,중상사고,0,1,0,0,차대차 - 기타,안전운전불이행,건조,맑음,교차로 - 교차로안,건설기계,남,54세,상해없음,승용,여,34세,중상
2018091000100164,2018년 9월 10일 08시,월요일,인천광역시 계양구 작전동,경상사고,0,0,1,0,차대차 - 측면충돌,안전운전불이행,건조,맑음,단일로 - 기타,승용,남,61세,상해없음,화물,남,62세,상해없음
2018091000100165,2018년 9월 10일 08시,월요일,인천광역시 부평구 부개동,경상사고,0,0,1,0,차대차 - 추돌,안전운전불이행,건조,맑음,단일로 - 기타,승용,여,34세,상해없음,승용,남,34세,경상
2018091000100214,2018년 9월 10일 09시,월요일,인천광역시 미추홀구 문학동,경상사고,0,0,1,0,차대차 - 기타,안전운전불이행,건조,맑음,교차로 - 교차로부근,승용,여,70세,상해없음,승용,남,58세,경상
2018091000100215,2018년 9월 10일 09시,월요일,인천광역시 남동구 간석동,경상사고,0,0,1,0,차대사람 - 기타,안전운전불이행,건조,맑음,단일로 - 기타,승합,남,59세,상해없음,보행자,여,48세,경상
2018091000100251,2018년 9월 10일 10시,월요일,인천광역시 계양구 작전동,중상사고,0,1,0,0,차대차 - 측면충돌,안전운전불이행,건조,맑음,교차로 - 교차로안,승용,여,35세,상해없음,자전거,여,71세,중상
2018091000100280,2018년 9월 10일 11시,월요일,인천광역시 남동구 구월동,경상사고,0,0,1,0,차대사람 - 기타,안전운전불이행,건조,맑음,단일로 - 기타,승합,남,59세,상해없음,보행자,여,32세,경상
2018091000100319,2018년 9월 10일 12시,월요일,인천광역시 부평구 청천동,중상사고,0,1,0,0,차대사람 - 횡단중,보행자보호의무위반,건조,맑음,교차로 - 교차로안,승용,남,49세,상해없음,보행자,여,75세,중상
2018091000100346,2018년 9월 10일 13시,월요일,인천광역시 서구 마전동,경상사고,0,0,1,0,차대사람 - 길가장자리구역통행중,안전운전불이행,건조,맑음,단일로 - 기타,승용,여,56세,상해없음,보행자,남,79세,경상
2018091000100347,2018년 9월 10일 13시,월요일,인천광역시 서구 가좌동,경상사고,0,0,1,0,차대차 - 추돌,안전운전불이행,건조,맑음,단일로 - 기타,승용,남,62세,상해없음,승용,남,46세,경상
2018091000100381,2018년 9월 10일 14시,월요일,인천광역시 부평구 갈산동,경상사고,0,0,1,0,차대차 - 기타,안전운전불이행,건조,맑음,교차로 - 교차로안,승용,여,49세,상해없음,승용,여,61세,경상
2018091000100423,2018년 9월 10일 15시,월요일,인천광역시 동구 화수동,경상사고,0,0,1,0,차대사람 - 기타,안전운전불이행,건조,맑음,기타 - 기타,승용,남,44세,상해없음,보행자,여,78세,경상
2018091000100424,2018년 9월 10일 15시,월요일,인천광역시 연수구 연수동,경상사고,0,0,1,0,차대사람 - 기타,기타,건조,맑음,단일로 - 기타,승합,남,59세,상해없음,보행자,여,31세,경상
2018091000100425,2018년 9월 10일 15시,월요일,인천광역시 부평구 삼산동,부상신고사고,0,0,0,2,차대차 - 추돌,안전운전불이행,건조,맑음,단일로 - 기타,화물,남,28세,상해없음,승용,여,25세,부상신고
2018091000100477,2018년 9월 10일 16시,월요일,인천광역시 중구 항동7가,경상사고,0,0,1,1,차대차 - 기타,신호위반,건조,맑음,단일로 - 기타,승용,남,72세,부상신고,승용,남,56세,경상
2018091000100478,2018년 9월 10일 16시,월요일,인천광역시 미추홀구 주안동,중상사고,0,1,0,0,차대사람 - 길가장자리구역통행중,안전운전불이행,건조,맑음,단일로 - 기타,화물,남,41세,상해없음,보행자,여,44세,중상
2018091000100479,2018년 9월 10일 16시,월요일,인천광역시 남동구 만수동,경상사고,0,0,1,0,차대차 - 기타,중앙선침범,건조,맑음,기타 - 기타,이륜,남,67세,상해없음,승용,남,66세,상해없음
2018091000100525,2018년 9월 10일 17시,월요일,인천광역시 남동구 구월동,경상사고,0,0,2,0,차대차 - 추돌,안전운전불이행,건조,맑음,기타 - 기타,이륜,남,24세,경상,승용,남,60세,경상
2018091000100526,2018년 9월 10일 17시,월요일,인천광역시 계양구 귤현동,부상신고사고,0,0,0,1,차대차 - 측면충돌,안전운전불이행,건조,맑음,교차로 - 교차로부근,승합,남,51세,상해없음,승합,남,63세,부상신고
2018091000100527,2018년 9월 10일 17시,월요일,인천광역시 남동구 서창동,경상사고,0,0,1,0,차대사람 - 횡단중,안전운전불이행,건조,맑음,교차로 - 교차로횡단보도내,기타불명,기타불명,미분류,기타불명,보행자,남,6세,경상
2018091000100580,2018년 9월 10일 18시,월요일,인천광역시 미추홀구 주안동,경상사고,0,0,1,0,차대차 - 측면충돌,안전운전불이행,건조,맑음,단일로 - 기타,승용,남,23세,상해없음,승용,남,63세,경상
2018091000100623,2018년 9월 10일 19시,월요일,인천광역시 미추홀구 주안동,중상사고,0,1,0,0,차대차 - 추돌,안전운전불이행,건조,맑음,단일로 - 기타,승용,여,22세,상해없음,승용,남,39세,중상
2018091000100624,2018년 9월 10일 19시,월요일,인천광역시 남동구 구월동,경상사고,0,0,2,0,차대차 - 측면충돌,중앙선침범,건조,맑음,단일로 - 기타,이륜,남,48세,상해없음,승용,남,62세,상해없음
2018091000100625,2018년 9월 10일 19시,월요일,인천광역시 남동구 장수동,경상사고,0,0,2,0,차대차 - 측면충돌,안전운전불이행,건조,맑음,단일로 - 기타,승용,남,48세,기타불명,승용,남,24세,경상
2018091000100662,2018년 9월 10일 20시,월요일,인천광역시 서구 가정동,경상사고,0,0,1,0,차대사람 - 횡단중,안전운전불이행,건조,맑음,기타 - 기타,승합,남,58세,상해없음,보행자,남,49세,경상
2018091000100695,2018년 9월 10일 21시,월요일,인천광역시 미추홀구 용현동,경상사고,0,0,1,0,차대사람 - 길가장자리구역통행중,안전운전불이행,건조,맑음,단일로 - 기타,승용,남,46세,상해없음,보행자,남,21세,경상