사고번호,사고일시,요일,시군구,사고내용,사망자수,중상자수,경상자수,부상신고자수,사고유형,법규위반,노면상태,기상상태,도로형태,가해운전자 차종,가해운전자 성별,가해운전자 연령,가해운전자 상해정도,피해운전자 차종,피해운전자 성별,피해운전자 연령,피해운전자 상해정도
2018091000100696,2018년 9월 10일 21시,월요일,인천광역시 미추홀구 숭의동,경상사고,0,0,1,0,차대차 - 추돌,안전운전불이행,건조,맑음,교차로 - 교차로부근,승용,여,51세,상해없음,승용,여,56세,경상
2018091000100722,2018년 9월 10일 22시,월요일,인천광역시 미추홀구 학익동,경상사고,0,0,1,0,차대차 - 측면충돌,안전운전불이행,건조,맑음,단일로 - 기타,승용,여,21세,상해없음,승용,남,25세,경상
2018091000100739,2018년 9월 10일 23시,월요일,인천광역시 부평구 부개동,경상사고,0,0,4,0,차대차 - 추돌,안전운전불이행,건조,기타,교차로 - 교차로부근,승합,남,36세,상해없음,승용,남,60세,경상
2018091100100051,2018년 9월 11일 05시,화요일,인천광역시 미추홀구 용현동,중상사고,0,1,0,0,차대사람 - 차도통행중,안전운전불이행,건조,맑음,단일로 - 기타,승용,남,34세,상해없음,보행자,남,68세,중상
2018091100100081,2018년 9월 11일 07시,화요일,인천광역시 미추홀구 용현동,경상사고,0,0,1,0,차대차 - 기타,안전운전불이행,건조,맑음,단일로 - 기타,승용,여,39세,상해없음,승용,여,39세,경상
2018091100100082,2018년 9월 11일 07시,화요일,인천광역시 남동구 만수동,중상사고,0,1,0,0,차대차 - 측면충돌,교차로운행방법위반,건조,맑음,단일로 - 기타,승용,여,30세,상해없음,이륜,남,25세,중상
2018091100100083,2018년 9월 11일 07시,화요일,인천광역시 서구 왕길동,경상사고,0,0,3,0,차대차 - 측면충돌,신호위반,건조,맑음,교차로 - 교차로안,화물,남,59세,경상,승용,남,43세,경상
2018091100100084,2018년 9월 11일 07시,화요일,인천광역시 계양구 귤현동,경상사고,0,0,1,0,차대차 - 측면충돌,안전운전불이행,건조,맑음,교차로 - 교차로안,화물,남,37세,상해없음,자전거,남,36세,경상
2018091100100122,2018년 9월 11일 08시,화요일,인천광역시 남동구 만수동,경상사고,0,0,1,0,차대차 - 기타,안전운전불이행,건조,맑음,교차로 - 교차로부근,승용,남,53세,상해없음,승용,여,54세,경상
2018091100100226,2018년 9월 11일 11시,화요일,인천광역시 부평구 부평동,중상사고,0,1,0,0,차대사람 - 차도통행중,안전운전불이행,건조,맑음,교차로 - 교차로안,승용,남,32세,상해없음,보행자,남,68세,중상
2018091100100227,2018년 9월 11일 11시,화요일,인천광역시 부평구 삼산동,경상사고,0,0,2,0,차대차 - 기타,신호위반,건조,맑음,교차로 - 교차로안,승용,남,25세,상해없음,승용,남,49세,경상
2018091100100290,2018년 9월 11일 13시,화요일,인천광역시 미추홀구 관교동,중상사고,0,1,1,0,차대차 - 측면충돌,신호위반,건조,맑음,교차로 - 교차로안,승용,남,59세,상해없음,승용,여,67세,중상
2018091100100318,2018년 9월 11일 14시,화요일,인천광역시 연수구 송도동,경상사고,0,0,1,0,차대차 - 측면충돌,신호위반,건조,맑음,교차로 - 교차로횡단보도내,승용,여,37세,상해없음,자전거,여,11세,경상
2018091100100343,2018년 9월 11일 15시,화요일,인천광역시 남동구 구월동,경상사고,0,0,1,0,차대사람 - 기타,기타,건조,맑음,단일로 - 기타,승합,남,33세,상해없음,보행자,여,28세,경상
2018091100100500,2018년 9월 11일 19시,화요일,인천광역시 미추홀구 주안동,경상사고,0,0,1,0,차대차 - 기타,안전운전불이행,건조,맑음,교차로 - 교차로부근,승용,남,66세,상해없음,승용,남,34세,경상
2018091100100541,2018년 9월 11일 20시,화요일,인천광역시 중구 운서동,중상사고,0,1,1,0,차대차 - 추돌,안전운전불이행,건조,맑음,교차로 - 교차로부근,화물,남,72세,상해없음,승용,남,37세,중상
2018091200100012,2018년 9월 12일 00시,수요일,인천광역시 연수구 연수동,중상사고,0,2,4,0,차대차 - 추돌,안전운전불이행,건조,맑음,교차로 - 교차로부근,승용,남,29세,기타불명,승용,남,63세,경상
2018091200100021,2018년 9월 12일 01시,수요일,인천광역시 계양구 작전동,중상사고,0,1,1,0,차대차 - 추돌,안전운전불이행,건조,맑음,단일로 - 기타,승용,남,27세,상해없음,승용,남,68세,경상
2018091200100073,2018년 9월 12일 06시,수요일,인천광역시 부평구 부평동,경상사고,0,0,1,0,차대사람 - 기타,안전운전불이행,건조,맑음,단일로 - 기타,승용,남,23세,상해없음,보행자,남,35세,경상
2018091200100106,2018년 9월 12일 07시,수요일,인천광역시 남동구 장수동,경상사고,0,0,1,0,차대차 - 기타,안전운전불이행,건조,맑음,교차로 - 교차로부근,승용,남,31세,상해없음,승용,남,27세,경상
2018091200100158,2018년 9월 12일 08시,수요일,인천광역시 부평구 청천동,경상사고,0,0,1,0,차대차 - 기타,안전운전불이행,건조,맑음,교차로 - 교차로부근,특수,남,48세,상해없음,승용,남,36세,경상
2018091200100159,2018년 9월 12일 08시,수요일,인천광역시 서구 금곡동,중상사고,0,1,0,0,차대차 - 측면충돌,안전운전불이행,건조,맑음,교차로 - 교차로안,승용,여,45세,상해없음,이륜,남,40세,중상
2018091200100196,2018년 9월 12일 09시,수요일,인천광역시 중구 신흥동2가,경상사고,0,0,1,0,차대차 - 측면충돌,교차로운행방법위반,건조,맑음,교차로 - 교차로안,화물,남,46세,상해없음,승용,남,56세,경상
2018091200100197,2018년 9월 12일 09시,수요일,인천광역시 미추홀구 문학동,중상사고,0,1,0,0,차대사람 - 횡단중,안전운전불이행,건조,맑음,교차로 - 교차로안,승용,남,45세,상해없음,보행자,여,79세,중상
2018091200100198,2018년 9월 12일 09시,수요일,인천광역시 서구 가정동,사망사고,1,0,0,0,차량단독 - 공작물충돌,안전운전불이행,건조,맑음,단일로 - 기타,승용,남,41세,사망,,,,
2018091200100199,2018년 9월 12일 09시,수요일,인천광역시 서구 가좌동,경상사고,0,0,1,0,차대차 - 측면충돌,안전운전불이행,건조,맑음,교차로 - 교차로안,승용,남,34세,상해없음,이륜,여,55세,경상
2018091200100200,2018년 9월 12일 09시,수요일,인천광역시 계양구 작전동,경상사고,0,0,1,0,차대차 - 측면충돌,신호위반,건조,맑음,교차로 - 교차로안,이륜,남,47세,경상,승용,남,31세,상해없음
2018091200100238,2018년 9월 12일 10시,수요일,인천광역시 미추홀구 문학동,경상사고,0,0,1,0,차대사람 - 기타,안전운전불이행,건조,맑음,기타 - 기타,승합,남,37세,상해없음,보행자,남,38세,경상
2018091200100239,2018년 9월 12일 10시,수요일,인천광역시 서구 마전동,경상사고,0,0,1,0,차대사람 - 횡단중,보행자보호의무위반,건조,맑음,단일로 - 기타,승용,여,59세,상해없음,보행자,남,49세,경상
2018091200100240,2018년 9월 12일 10시,수요일,인천광역시 강화군 선원면,경상사고,0,0,1,0,차대사람 - 횡단중,안전운전불이행,건조,맑음,단일로 - 기타,화물,남,56세,기타불명,보행자,여,83세,경상
2018091200100241,2018년 9월 12일 10시,수요일,인천광역시 부평구 갈산동,경상사고,0,0,1,0,차대사람 - 보도통행중,보행자보호의무위반,건조,맑음,교차로 - 교차로횡단보도내,승용,남,65세,상해없음,보행자,여,7세,경상
2018091200100286,2018년 9월 12일 11시,수요일,인천광역시 중구 도원동,중상사고,0,1,0,0,차대차 - 정면충돌,안전운전불이행,건조,맑음,교차로 - 교차로횡단보도내,승용,남,72세,상해없음,원동기,남,78세,중상
2018091200100356,2018년 9월 12일 13시,수요일,인천광역시 계양구 임학동,경상사고,0,0,1,0,차대차 - 기타,차로위반,건조,맑음,단일로 - 기타,승용,여,46세,상해없음,승용,여,36세,경상
2018091200100357,2018년 9월 12일 13시,수요일,인천광역시 남동구 논현동,중상사고,0,3,0,0,차대차 - 측면충돌,안전거리미확보,건조,맑음,단일로 - 기타,건설기계,남,63세,상해없음,승용,남,51세,중상
2018091200100395,2018년 9월 12일 14시,수요일,인천광역시 남동구 구월동,중상사고,0,1,0,0,차대사람 - 길가장자리구역통행중,안전운전불이행,건조,맑음,단일로 - 기타,화물,남,51세,상해없음,보행자,남,68세,중상
2018091200100396,2018년 9월 12일 14시,수요일,인천광역시 연수구 송도동,경상사고,0,0,4,0,차대차 - 추돌,안전운전불이행,건조,맑음,단일로 - 기타,승합,남,63세,상해없음,승합,남,33세,경상
2018091200100435,2018년 9월 12일 15시,수요일,인천광역시 연수구 연수동,경상사고,0,0,1,0,차대차 - 기타,안전운전불이행,건조,맑음,교차로 - 교차로횡단보도내,승용,여,29세,상해없음,자전거,남,14세,경상
2018091200100585,2018년 9월 12일 18시,수요일,인천광역시 남동구 구월동,부상신고사고,0,0,0,1,차대차 - 측면충돌,차로위반,건조,맑음,기타 - 기타,이륜,남,24세,부상신고,화물,남,50세,상해없음
2018091200100586,2018년 9월 12일 18시,수요일,인천광역시 남동구 구월동,경상사고,0,0,2,0,차대사람 - 기타,안전운전불이행,건조,맑음,교차로 - 교차로안,기타불명,기타불명,미분류,기타불명,보행자,남,25세,경상
2018091200100587,2018년 9월 12일 18시,수요일,인천광역시 남동구 논현동,경상사고,0,0,1,0,차대차 - 측면충돌,안전거리미확보,건조,맑음,단일로 - 교량,승용,남,37세,상해없음,승용,여,56세,경상
2018091200100635,2018년 9월 12일 19시,수요일,인천광역시 부평구 부평동,중상사고,0,1,0,0,차대사람 - 횡단중,신호위반,건조,맑음,기타 - 기타,화물,남,56세,상해없음,보행자,여,25세,중상
2018091200100636,2018년 9월 12일 19시,수요일,인천광역시 서구 가좌동,경상사고,0,0,1,0,차대차 - 정면충돌,신호위반,건조,맑음,교차로 - 교차로안,승용,여,42세,상해없음,승용,남,40세,경상
2018091200100637,2018년 9월 12일 19시,수요일,인천광역시 계양구 효성동,중상사고,0,1,0,0,차대차 - 측면충돌,신호위반,건조,맑음,교차로 - 교차로안,승합,남,77세,상해없음,이륜,남,43세,중상
2018091200100672,2018년 9월 12일 20시,수요일,인천광역시 중구 운남동,경상사고,0,0,1,0,차대차 - 기타,안전거리미확보,건조,맑음,단일로 - 기타,자전거,남,69세,경상,기타불명,남,47세,상해없음
2018091200100700,2018년 9월 12일 21시,수요일,인천광역시 남동구 간석동,중상사고,0,3,3,0,차대차 - 추돌,안전거리미확보,건조,맑음,단일로 - 기타,승용,남,58세,상해없음,승용,남,26세,중상
2018091300100013,2018년 9월 13일 00시,목요일,인천광역시 서구 왕길동,중상사고,0,1,0,0,차대사람 - 기타,안전운전불이행,건조,맑음,단일로 - 기타,승합,남,64세,상해없음,보행자,남,33세,중상
2018091300100014,2018년 9월 13일 00시,목요일,인천광역시 연수구 옥련동,경상사고,0,0,1,0,차대차 - 측면충돌,안전운전불이행,건조,맑음,교차로 - 교차로안,승용,남,73세,상해없음,승용,남,20세,경상
2018091300100034,2018년 9월 13일 02시,목요일,인천광역시 미추홀구 용현동,경상사고,0,0,2,0,차대차 - 측면충돌,안전운전불이행,건조,맑음,주차장 - 주차장,승용,남,25세,상해없음,승용,남,40세,경상
2018091300100053,2018년 9월 13일 04시,목요일,인천광역시 미추홀구 학익동,부상신고사고,0,0,0,1,차대차 - 기타,불법유턴,건조,맑음,교차로 - 교차로안,자전거,남,55세,부상신고,승용,남,51세,상해없음
2018091300100063,2018년 9월 13일 05시,목요일,인천광역시 서구 석남동,경상사고,0,0,1,0,차대차 - 측면충돌,신호위반,건조,맑음,교차로 - 교차로안,이륜,남,55세,상해없음,승용,남,42세,경상
2018091300100096,2018년 9월 13일 07시,목요일,인천광역시 연수구 송도동,중상사고,0,1,0,0,차대차 - 측면충돌,신호위반,건조,맑음,교차로 - 교차로안,승용,남,50세,상해없음,승용,남,31세,중상
2018091300100141,2018년 9월 13일 08시,목요일,인천광역시 남동구 구월동,경상사고,0,0,1,0,차대차 - 측면충돌,기타,건조,맑음,기타 - 기타,기타불명,기타불명,미분류,기타불명,기타불명,기타불명,미분류,기타불명
2018091300100142,2018년 9월 13일 08시,목요일,인천광역시 서구 백석동,경상사고,0,0,1,0,차대차 - 측면충돌,안전운전불이행,건조,맑음,기타 - 기타,승용,여,60세,상해없음,승용,여,43세,경상
2018091300100143,2018년 9월 13일 08시,목요일,인천광역시 계양구 작전동,경상사고,0,0,2,0,차대차 - 측면충돌,안전운전불이행,건조,맑음,교차로 - 교차로안,승용,남,31세,상해없음,승용,여,52세,경상
2018091300100199,2018년 9월 13일 10시,목요일,인천광역시 남동구 구월동,경상사고,0,0,1,0,차대차 - 측면충돌,교차로운행방법위반,건조,맑음,교차로 - 교차로안,승용,남,45세,상해없음,승용,남,60세,경상
2018091300100200,2018년 9월 13일 10시,목요일,인천광역시 서구 석남동,경상사고,0,0,1,0,차대차 - 측면충돌,안전운전불이행,건조,맑음,단일로 - 기타,승용,남,40세,상해없음,승용,남,53세,경상
2018091300100265,2018년 9월 13일 12시,목요일,인천광역시 중구 송학동3가,중상사고,0,1,0,0,차대사람 - 보도통행중,안전운전불이행,건조,맑음,교차로 - 교차로횡단보도내,화물,남,52세,상해없음,보행자,여,79세,중상
2018091300100295,2018년 9월 13일 13시,목요일,인천광역시 연수구 연수동,경상사고,0,0,1,0,차대차 - 후진중충돌,교차로운행방법위반,건조,맑음,교차로 - 교차로안,화물,남,46세,상해없음,이륜,남,33세,경상
2018091300100328,2018년 9월 13일 14시,목요일,인천광역시 미추홀구 주안동,경상사고,0,0,1,0,차대차 - 추돌,안전운전불이행,건조,맑음,교차로 - 교차로부근,승용,남,26세,상해없음,승합,남,47세,경상
2018091300100414,2018년 9월 13일 16시,목요일,인천광역시 부평구 십정동,경상사고,0,0,1,0,차대차 - 측면충돌,안전운전불이행,건조,맑음,교차로 - 교차로안,승합,여,58세,상해없음,이륜,남,20세,경상
2018091300100415,2018년 9월 13일 16시,목요일,인천광역시 서구 마전동,경상사고,0,0,3,0,차대차 - 측면충돌,안전운전불이행,건조,맑음,단일로 - 기타,화물,남,67세,상해없음,승용,여,35세,경상
2018091300100464,2018년 9월 13일 17시,목요일,인천광역시 동구 송현동,경상사고,0,0,1,0,차대차 - 측면충돌,안전운전불이행,건조,맑음,교차로 - 교차로부근,화물,남,48세,상해없음,승용,여,43세,경상
2018091300100516,2018년 9월 13일 18시,목요일,인천광역시 연수구 옥련동,경상사고,0,0,1,0,차대차 - 기타,안전운전불이행,건조,맑음,단일로 - 기타,승용,남,71세,상해없음,자전거,남,10세,경상
2018091300100517,2018년 9월 13일 18시,목요일,인천광역시 남동구 고잔동,중상사고,0,1,0,0,차대사람 - 기타,안전운전불이행,건조,맑음,기타 - 기타,자전거,남,57세,상해없음,보행자,여,51세,중상
2018091300100559,2018년 9월 13일 19시,목요일,인천광역시 중구 신흥동2가,경상사고,0,0,4,0,차대차 - 측면충돌,교차로운행방법위반,건조,맑음,교차로 - 교차로안,승용,남,47세,상해없음,승용,남,59세,상해없음
2018091300100560,2018년 9월 13일 19시,목요일,인천광역시 서구 연희동,경상사고,0,0,1,0,차대차 - 측면충돌,안전운전불이행,건조,맑음,교차로 - 교차로횡단보도내,승합,남,66세,상해없음,자전거,남,11세,경상
2018091300100561,2018년 9월 13일 19시,목요일,인천광역시 서구 당하동,경상사고,0,0,4,0,차대차 - 측면충돌,안전운전불이행,건조,맑음,교차로 - 교차로안,승용,남,79세,상해없음,승용,남,33세,경상
2018091300100603,2018년 9월 13일 20시,목요일,인천광역시 중구 운서동,중상사고,0,1,1,0,차대차 - 측면충돌,안전운전불이행,건조,맑음,교차로 - 교차로안,화물,남,26세,상해없음,승용,남,37세,경상
2018091300100604,2018년 9월 13일 20시,목요일,인천광역시 남동구 고잔동,경상사고,0,0,1,0,차대사람 - 횡단중,안전운전불이행,건조,맑음,교차로 - 교차로안,기타불명,기타불명,미분류,기타불명,보행자,남,37세,경상
2018091300100636,2018년 9월 13일 21시,목요일,인천광역시 연수구 동춘동,경상사고,0,0,2,0,차대차 - 추돌,안전운전불이행,건조,맑음,교차로 - 교차로부근,승용,남,39세,상해없음,승용,남,31세,경상
2018091300100672,2018년 9월 13일 22시,목요일,인천광역시 미추홀구 도화동,경상사고,0,0,2,0,차대차 - 기타,안전운전불이행,건조,맑음,교차로 - 교차로부근,승용,남,43세,상해없음,승용,남,48세,상해없음
2018091400100012,2018년 9월 14일 00시,금요일,인천광역시 부평구 부평동,경상사고,0,0,1,0,차대차 - 추돌,안전운전불이행,건조,맑음,단일로 - 기타,승용,남,59세,상해없음,이륜,남,22세,경상
2018091400100013,2018년 9월 14일 00시,금요일,인천광역시 서구 가좌동,중상사고,0,1,0,0,차대차 - 추돌,안전운전불이행,건조,맑음,단일로 - 기타,승용,남,26세,상해없음,승용,남,36세,중상
2018091400100014,2018년 9월 14일 00시,금요일,인천광역시 남동구 논현동,경상사고,0,0,1,0,차대사람 - 기타,기타,건조,맑음,주차장 - 주차장,승용,남,59세,상해없음,보행자,여,27세,경상
2018091400100040,2018년 9월 14일 01시,금요일,인천광역시 부평구 부평동,경상사고,0,0,1,0,차대차 - 추돌,안전운전불이행,건조,맑음,단일로 - 기타,승용,남,48세,상해없음,승용,남,62세,경상
2018091400100075,2018년 9월 14일 04시,금요일,인천광역시 남동구 만수동,경상사고,0,0,1,0,차대차 - 추돌,안전운전불이행,건조,맑음,단일로 - 기타,승용,남,28세,상해없음,화물,남,46세,경상
2018091400100080,2018년 9월 14일 05시,금요일,인천광역시 중구 중산동,사망사고,1,0,0,0,차대사람 - 횡단중,과속,건조,맑음,교차로 - 교차로횡단보도내,승용,남,21세,상해없음,보행자,여,45세,사망
2018091400100123,2018년 9월 14일 07시,금요일,인천광역시 미추홀구 학익동,중상사고,0,1,0,0,차대사람 - 차도통행중,안전운전불이행,건조,맑음,교차로 - 교차로안,승용,남,55세,상해없음,보행자,여,67세,중상
2018091400100124,2018년 9월 14일 07시,금요일,인천광역시 남동구 남촌동,경상사고,0,0,1,0,차대차 - 추돌,안전운전불이행,젖음/습기,흐림,단일로 - 기타,승용,남,23세,상해없음,승용,남,54세,경상
2018091400100163,2018년 9월 14일 08시,금요일,인천광역시 미추홀구 용현동,부상신고사고,0,0,0,1,차대사람 - 기타,안전운전불이행,건조,맑음,교차로 - 교차로부근,기타불명,기타불명,미분류,기타불명,보행자,여,15세,부상신고
2018091400100164,2018년 9월 14일 08시,금요일,인천광역시 계양구 계산동,경상사고,0,0,1,0,차대차 - 추돌,안전운전불이행,건조,맑음,교차로 - 교차로안,승용,남,59세,상해없음,승용,여,37세,경상
2018091400100165,2018년 9월 14일 08시,금요일,인천광역시 연수구 옥련동,중상사고,0,1,1,0,차대차 - 기타,신호위반,건조,맑음,교차로 - 교차로안,승용,여,47세,상해없음,승용,여,47세,경상
2018091400100166,2018년 9월 14일 08시,금요일,인천광역시 부평구 부개동,경상사고,0,0,1,0,차대차 - 기타,안전운전불이행,건조,흐림,교차로 - 교차로부근,승용,남,28세,상해없음,승용,남,32세,경상
2018091400100208,2018년 9월 14일 09시,금요일,인천광역시 남동구 간석동,경상사고,0,0,2,0,차대차 - 측면충돌,안전거리미확보,건조,맑음,단일로 - 기타,승용,남,78세,상해없음,이륜,남,24세,경상
2018091400100209,2018년 9월 14일 09시,금요일,인천광역시 강화군 선원면,경상사고,0,0,1,0,차대차 - 측면충돌,안전운전불이행,건조,맑음,교차로 - 교차로안,승용,여,40세,상해없음,승용,여,33세,경상
2018091400100236,2018년 9월 14일 10시,금요일,인천광역시 중구 신흥동3가,경상사고,0,0,1,0,차대차 - 측면충돌,안전운전불이행,건조,맑음,교차로 - 교차로안,승용,남,54세,상해없음,화물,남,62세,경상
2018091400100237,2018년 9월 14일 10시,금요일,인천광역시 남동구 만수동,경상사고,0,0,1,0,차대차 - 기타,안전운전불이행,건조,맑음,단일로 - 기타,승용,여,53세,상해없음,화물,남,52세,경상
2018091400100268,2018년 9월 14일 11시,금요일,인천광역시 서구 연희동,경상사고,0,0,1,0,차대차 - 기타,중앙선침범,건조,맑음,단일로 - 기타,승용,여,37세,상해없음,이륜,남,23세,경상
2018091400100269,2018년 9월 14일 11시,금요일,인천광역시 서구 석남동,부상신고사고,0,0,0,1,차대사람 - 기타,안전운전불이행,건조,맑음,교차로 - 교차로안,승용,여,61세,상해없음,보행자,여,83세,부상신고
2018091400100270,2018년 9월 14일 11시,금요일,인천광역시 계양구 계산동,경상사고,0,0,1,0,차대사람 - 횡단중,안전운전불이행,건조,맑음,교차로 - 교차로안,승용,여,53세,상해없음,보행자,여,54세,경상
2018091400100271,2018년 9월 14일 11시,금요일,인천광역시 남동구 서창동,경상사고,0,0,1,0,차대차 - 기타,안전운전불이행,건조,맑음,단일로 - 기타,승용,여,35세,상해없음,승합,남,46세,경상
2018091400100369,2018년 9월 14일 14시,금요일,인천광역시 미추홀구 주안동,경상사고,0,0,1,0,차대사람 - 길가장자리구역통행중,안전운전불이행,건조,맑음,단일로 - 기타,승용,남,41세,상해없음,보행자,여,7세,경상
2018091400100370,2018년 9월 14일 14시,금요일,인천광역시 남동구 고잔동,경상사고,0,0,1,0,차대차 - 기타,안전운전불이행,건조,맑음,교차로 - 교차로안,승용,남,28세,상해없음,승용,남,55세,경상
2018091400100398,2018년 9월 14일 15시,금요일,인천광역시 미추홀구 주안동,경상사고,0,0,2,0,차대차 - 측면충돌,안전운전불이행,건조,맑음,단일로 - 기타,화물,남,47세,경상,승용,남,49세,경상
2018091400100399,2018년 9월 14일 15시,금요일,인천광역시 계양구 서운동,중상사고,0,1,1,0,차대차 - 측면충돌,신호위반,건조,맑음,교차로 - 교차로안,승용,남,36세,상해없음,승용,여,35세,중상
2018091400100479,2018년 9월 14일 17시,금요일,인천광역시 서구 검암동,중상사고,0,1,0,0,차대사람 - 기타,안전운전불이행,건조,맑음,단일로 - 기타,승용,여,45세,상해없음,보행자,여,55세,중상
2018091400100480,2018년 9월 14일 17시,금요일,인천광역시 연수구 연수동,중상사고,0,1,0,0,차대차 - 측면충돌,안전거리미확보,건조,맑음,단일로 - 기타,승용,여,38세,상해없음,승용,남,53세,중상
2018091400100582,2018년 9월 14일 19시,금요일,인천광역시 중구 답동,경상사고,0,0,1,0,차대사람 - 기타,안전운전불이행,건조,맑음,단일로 - 기타,기타불명,기타불명,미분류,기타불명,보행자,여,76세,경상
2018091400100583,2018년 9월 14일 19시,금요일,인천광역시 미추홀구 학익동,경상사고,0,0,1,0,차대차 - 측면충돌,안전운전불이행,건조,기타,교차로 - 교차로안,승용,남,65세,상해없음,승용,남,30세,경상
2018091400100584,2018년 9월 14일 19시,금요일,인천광역시 남동구 구월동,경상사고,0,0,2,0,차대차 - 측면충돌,중앙선침범,건조,맑음,단일로 - 기타,승용,여,21세,상해없음,승용,남,64세,경상
2018091400100585,2018년 9월 14일 19시,금요일,인천광역시 서구 경서동,중상사고,0,1,0,0,차대차 - 정면충돌,신호위반,젖음/습기,비,교차로 - 교차로안,승용,여,45세,상해없음,이륜,남,22세,중상
2018091400100586,2018년 9월 14일 19시,금요일,인천광역시 서구 가정동,경상사고,0,0,1,0,차대차 - 기타,신호위반,건조,맑음,교차로 - 교차로안,화물,남,32세,상해없음,승용,남,40세,경상
2018091400100587,2018년 9월 14일 19시,금요일,인천광역시 서구 가좌동,경상사고,0,0,1,0,차대사람 - 횡단중,안전운전불이행,건조,맑음,기타 - 기타,승용,남,49세,상해없음,보행자,남,59세,경상
2018091400100588,2018년 9월 14일 19시,금요일,인천광역시 부평구 부평동,중상사고,0,1,0,0,차대차 - 측면충돌,교차로운행방법위반,건조,맑음,단일로 - 기타,승용,남,58세,상해없음,이륜,남,24세,중상
2018091400100636,2018년 9월 14일 20시,금요일,인천광역시 남동구 구월동,중상사고,0,1,0,0,차대차 - 측면충돌,안전거리미확보,젖음/습기,비,교차로 - 교차로안,승용,남,55세,상해없음,이륜,남,24세,중상
2018091400100637,2018년 9월 14일 20시,금요일,인천광역시 강화군 강화읍,중상사고,0,1,0,0,차대사람 - 횡단중,안전운전불이행,건조,맑음,교차로 - 교차로부근,이륜,남,20세,상해없음,보행자,여,38세,중상
2018091400100638,2018년 9월 14일 20시,금요일,인천광역시 남동구 도림동,중상사고,0,1,0,0,차대차 - 측면충돌,신호위반,건조,맑음,교차로 - 교차로안,승용,남,66세,상해없음,이륜,남,37세,중상
2018091400100678,2018년 9월 14일 21시,금요일,인천광역시 남동구 구월동,경상사고,0,0,1,0,차대차 - 기타,불법유턴,건조,맑음,교차로 - 교차로부근,승용,남,62세,상해없음,승용,남,58세,기타불명
2018091400100679,2018년 9월 14일 21시,금요일,인천광역시 남동구 논현동,경상사고,0,0,1,0,차대사람 - 횡단중,신호위반,건조,맑음,교차로 - 교차로부근,승용,남,33세,상해없음,보행자,남,59세,경상
2018091400100754,2018년 9월 14일 23시,금요일,인천광역시 미추홀구 문학동,중상사고,0,1,1,0,차대차 - 측면충돌,안전운전불이행,젖음/습기,흐림,교차로 - 교차로안,승용,남,53세,상해없음,승용,남,26세,경상
2018091500100068,2018년 9월 15일 03시,토요일,인천광역시 서구 가좌동,사망사고,1,0,0,0,차대사람 - 횡단중,안전운전불이행,젖음/습기,흐림,단일로 - 기타,승용,남,21세,상해없음,보행자,여,30세,사망
2018091500100091,2018년 9월 15일 05시,토요일,인천광역시 미추홀구 주안동,경상사고,0,0,1,0,차대차 - 추돌,안전운전불이행,기타,기타,교차로 - 교차로부근,승용,남,60세,상해없음,승용,남,30세,경상
2018091500100092,2018년 9월 15일 05시,토요일,인천광역시 서구 심곡동,경상사고,0,0,2,0,차대차 - 기타,안전운전불이행,젖음/습기,비,교차로 - 교차로부근,승용,남,30세,상해없음,승용,남,67세,경상
2018091500100109,2018년 9월 15일 06시,토요일,인천광역시 강화군 화도면,경상사고,0,0,1,0,차대차 - 정면충돌,중앙선침범,건조,맑음,기타 - 기타,승용,남,29세,상해없음,화물,남,57세,경상
2018091500100217,2018년 9월 15일 10시,토요일,인천광역시 중구 운서동,경상사고,0,0,1,0,차대사람 - 기타,보행자보호의무위반,건조,맑음,단일로 - 기타,승용,남,68세,상해없음,보행자,남,11세,경상
2018091500100396,2018년 9월 15일 15시,토요일,인천광역시 옹진군 자월면,사망사고,1,0,0,1,차대사람 - 차도통행중,안전운전불이행,건조,맑음,단일로 - 기타,승용,남,49세,상해없음,보행자,남,7세,사망
2018091500100397,2018년 9월 15일 15시,토요일,인천광역시 남동구 구월동,경상사고,0,0,1,0,차대차 - 기타,안전운전불이행,건조,맑음,기타 - 기타,승용,남,53세,기타불명,승용,여,44세,경상
2018091500100473,2018년 9월 15일 17시,토요일,인천광역시 중구 항동7가,경상사고,0,0,1,0,차대사람 - 기타,안전운전불이행,건조,맑음,단일로 - 기타,화물,남,54세,상해없음,보행자,남,5세,경상
2018091500100515,2018년 9월 15일 18시,토요일,인천광역시 미추홀구 문학동,경상사고,0,0,1,0,차대차 - 후진중충돌,안전운전불이행,건조,맑음,기타 - 기타,승합,남,66세,상해없음,승용,남,54세,경상
2018091500100545,2018년 9월 15일 19시,토요일,인천광역시 서구 마전동,경상사고,0,0,1,0,차대차 - 추돌,안전운전불이행,건조,맑음,교차로 - 교차로안,승합,남,58세,상해없음,승용,남,59세,경상
2018091500100546,2018년 9월 15일 19시,토요일,인천광역시 서구 연희동,경상사고,0,0,1,0,차대차 - 기타,안전운전불이행,건조,맑음,교차로 - 교차로안,승용,남,42세,상해없음,이륜,남,38세,경상
2018091500100547,2018년 9월 15일 19시,토요일,인천광역시 서구 석남동,경상사고,0,0,2,0,차대차 - 측면충돌,안전운전불이행,건조,맑음,교차로 - 교차로부근,승용,여,52세,상해없음,승용,남,54세,경상
2018091500100548,2018년 9월 15일 19시,토요일,인천광역시 계양구 갈현동,경상사고,0,0,1,0,차대차 - 추돌,안전운전불이행,건조,맑음,단일로 - 기타,기타불명,기타불명,미분류,기타불명,승용,남,27세,경상