사고번호,사고일시,요일,시군구,사고내용,사망자수,중상자수,경상자수,부상신고자수,사고유형,법규위반,노면상태,기상상태,도로형태,가해운전자 차종,가해운전자 성별,가해운전자 연령,가해운전자 상해정도,피해운전자 차종,피해운전자 성별,피해운전자 연령,피해운전자 상해정도
2018091500100549,2018년 9월 15일 19시,토요일,인천광역시 연수구 송도동,중상사고,0,1,0,0,차대차 - 측면충돌,차로위반,건조,맑음,교차로 - 교차로안,승용,남,30세,상해없음,이륜,남,23세,중상
2018091500100574,2018년 9월 15일 20시,토요일,인천광역시 미추홀구 도화동,중상사고,0,1,0,0,차대사람 - 횡단중,안전운전불이행,건조,맑음,단일로 - 기타,승용,남,40세,상해없음,보행자,남,62세,중상
2018091500100575,2018년 9월 15일 20시,토요일,인천광역시 서구 신현동,경상사고,0,0,2,0,차대차 - 정면충돌,신호위반,젖음/습기,맑음,교차로 - 교차로안,이륜,남,47세,경상,승용,여,40세,경상
2018091600100016,2018년 9월 16일 00시,일요일,인천광역시 남동구 구월동,사망사고,1,0,0,0,차대사람 - 차도통행중,안전운전불이행,젖음/습기,비,기타 - 기타,승용,남,69세,상해없음,보행자,남,24세,사망
2018091600100033,2018년 9월 16일 01시,일요일,인천광역시 미추홀구 주안동,중상사고,0,1,1,0,차대차 - 추돌,안전운전불이행,건조,맑음,단일로 - 기타,승용,남,30세,상해없음,화물,남,48세,경상
2018091600100034,2018년 9월 16일 01시,일요일,인천광역시 부평구 부평동,경상사고,0,0,1,0,차대차 - 추돌,안전운전불이행,건조,맑음,교차로 - 교차로안,승용,남,24세,상해없음,승용,남,30세,경상
2018091600100048,2018년 9월 16일 02시,일요일,인천광역시 서구 가좌동,중상사고,0,1,0,0,차대차 - 기타,안전운전불이행,젖음/습기,비,단일로 - 기타,승용,남,47세,상해없음,이륜,남,25세,중상
2018091600100071,2018년 9월 16일 04시,일요일,인천광역시 부평구 부평동,경상사고,0,0,1,0,차대사람 - 기타,신호위반,건조,맑음,단일로 - 기타,승용,남,25세,상해없음,보행자,남,28세,경상
2018091600100083,2018년 9월 16일 05시,일요일,인천광역시 서구 연희동,경상사고,0,0,1,0,차대차 - 기타,기타,건조,맑음,단일로 - 기타,승용,남,63세,상해없음,개인형이동수단(PM),남,22세,경상
2018091600100084,2018년 9월 16일 05시,일요일,인천광역시 연수구 연수동,중상사고,0,1,0,0,차대사람 - 횡단중,신호위반,건조,흐림,교차로 - 교차로횡단보도내,승용,남,27세,상해없음,보행자,남,50세,중상
2018091600100098,2018년 9월 16일 06시,일요일,인천광역시 부평구 청천동,경상사고,0,0,1,0,차대차 - 기타,신호위반,건조,맑음,교차로 - 교차로안,기타불명,기타불명,미분류,기타불명,승용,남,51세,상해없음
2018091600100130,2018년 9월 16일 08시,일요일,인천광역시 남동구 간석동,경상사고,0,0,1,0,차대차 - 추돌,안전운전불이행,건조,맑음,단일로 - 기타,승용,남,28세,상해없음,승용,남,50세,경상
2018091600100131,2018년 9월 16일 08시,일요일,인천광역시 서구 가좌동,중상사고,0,1,1,0,차대차 - 측면충돌,신호위반,건조,맑음,교차로 - 교차로안,승용,남,54세,상해없음,승용,남,47세,경상
2018091600100314,2018년 9월 16일 15시,일요일,인천광역시 계양구 계산동,중상사고,0,1,2,0,차대차 - 추돌,안전운전불이행,젖음/습기,비,교차로 - 교차로안,승합,남,53세,상해없음,승용,남,34세,중상
2018091600100356,2018년 9월 16일 16시,일요일,인천광역시 미추홀구 도화동,경상사고,0,0,1,0,차대차 - 추돌,안전운전불이행,젖음/습기,비,단일로 - 기타,이륜,남,26세,상해없음,승용,남,32세,경상
2018091600100357,2018년 9월 16일 16시,일요일,인천광역시 연수구 송도동,경상사고,0,0,2,0,차대차 - 측면충돌,신호위반,젖음/습기,흐림,교차로 - 교차로안,화물,남,60세,경상,승용,여,44세,경상
2018091600100420,2018년 9월 16일 18시,일요일,인천광역시 서구 마전동,부상신고사고,0,0,0,1,차대차 - 측면충돌,안전운전불이행,건조,맑음,교차로 - 교차로부근,기타불명,기타불명,미분류,기타불명,자전거,남,55세,부상신고
2018091600100457,2018년 9월 16일 19시,일요일,인천광역시 연수구 선학동,경상사고,0,0,1,0,차대사람 - 기타,보행자보호의무위반,젖음/습기,흐림,교차로 - 교차로부근,승용,남,29세,상해없음,보행자,남,5세,경상
2018091600100476,2018년 9월 16일 20시,일요일,인천광역시 남동구 장수동,경상사고,0,0,2,0,차대차 - 측면충돌,안전거리미확보,건조,맑음,단일로 - 기타,화물,남,55세,상해없음,승용,남,31세,경상
2018091600100477,2018년 9월 16일 20시,일요일,인천광역시 남동구 남촌동,경상사고,0,0,2,0,차대차 - 측면충돌,안전거리미확보,건조,맑음,단일로 - 기타,승용,여,21세,경상,승용,남,39세,경상
2018091600100494,2018년 9월 16일 21시,일요일,인천광역시 남동구 논현동,경상사고,0,0,2,0,차대차 - 측면충돌,신호위반,건조,맑음,교차로 - 교차로부근,승용,남,22세,경상,화물,남,41세,경상
2018091700100021,2018년 9월 17일 01시,월요일,인천광역시 서구 석남동,중상사고,0,1,0,0,차대사람 - 기타,안전운전불이행,젖음/습기,흐림,기타 - 기타,승용,남,21세,상해없음,보행자,남,51세,중상
2018091700100044,2018년 9월 17일 05시,월요일,인천광역시 남동구 구월동,경상사고,0,0,1,0,차대차 - 측면충돌,안전거리미확보,건조,맑음,교차로 - 교차로부근,화물,남,70세,상해없음,승용,남,33세,경상
2018091700100045,2018년 9월 17일 05시,월요일,인천광역시 계양구 계산동,중상사고,0,1,0,0,차대차 - 측면충돌,안전운전불이행,건조,맑음,교차로 - 교차로부근,승용,남,61세,상해없음,승합,남,31세,중상
2018091700100046,2018년 9월 17일 05시,월요일,인천광역시 연수구 옥련동,중상사고,0,1,0,0,차대사람 - 횡단중,보행자보호의무위반,건조,맑음,교차로 - 교차로횡단보도내,승용,남,75세,상해없음,보행자,남,75세,중상
2018091700100089,2018년 9월 17일 07시,월요일,인천광역시 미추홀구 도화동,부상신고사고,0,0,0,1,차대차 - 측면충돌,중앙선침범,건조,맑음,교차로 - 교차로부근,승용,남,24세,상해없음,화물,남,53세,부상신고
2018091700100135,2018년 9월 17일 08시,월요일,인천광역시 미추홀구 주안동,부상신고사고,0,0,0,1,차대사람 - 길가장자리구역통행중,안전운전불이행,건조,맑음,단일로 - 기타,승용,여,34세,상해없음,보행자,남,26세,부상신고
2018091700100136,2018년 9월 17일 08시,월요일,인천광역시 미추홀구 도화동,경상사고,0,0,1,0,차대차 - 측면충돌,안전거리미확보,건조,맑음,단일로 - 기타,승용,남,74세,기타불명,승용,여,44세,경상
2018091700100173,2018년 9월 17일 09시,월요일,인천광역시 남동구 구월동,중상사고,0,1,0,0,차대차 - 측면충돌,기타,건조,맑음,교차로 - 교차로안,이륜,남,61세,중상,승용,남,61세,상해없음
2018091700100410,2018년 9월 17일 16시,월요일,인천광역시 미추홀구 용현동,부상신고사고,0,0,0,1,차대사람 - 길가장자리구역통행중,안전운전불이행,건조,맑음,단일로 - 기타,기타불명,기타불명,미분류,기타불명,보행자,여,48세,부상신고
2018091700100461,2018년 9월 17일 17시,월요일,인천광역시 부평구 부평동,중상사고,0,1,0,0,차대차 - 측면충돌,중앙선침범,건조,맑음,단일로 - 기타,이륜,남,57세,상해없음,이륜,남,21세,중상
2018091700100551,2018년 9월 17일 19시,월요일,인천광역시 남동구 구월동,경상사고,0,0,3,0,차대차 - 정면충돌,안전운전불이행,건조,맑음,단일로 - 기타,승용,남,51세,상해없음,승용,여,44세,경상
2018091700100552,2018년 9월 17일 19시,월요일,인천광역시 연수구 연수동,경상사고,0,0,1,0,차대차 - 측면충돌,안전거리미확보,건조,맑음,교차로 - 교차로부근,승용,여,44세,상해없음,승용,여,30세,경상
2018091700100553,2018년 9월 17일 19시,월요일,인천광역시 남동구 만수동,경상사고,0,0,1,0,차대차 - 추돌,안전운전불이행,건조,맑음,교차로 - 교차로부근,승용,남,35세,상해없음,승용,여,47세,경상
2018091700100588,2018년 9월 17일 20시,월요일,인천광역시 부평구 부평동,경상사고,0,0,1,0,차대차 - 기타,차로위반,건조,맑음,교차로 - 교차로부근,기타불명,기타불명,미분류,기타불명,승합,남,56세,상해없음
2018091700100589,2018년 9월 17일 20시,월요일,인천광역시 서구 석남동,경상사고,0,0,1,0,차대사람 - 기타,안전운전불이행,건조,맑음,단일로 - 기타,승용,남,67세,상해없음,보행자,남,25세,경상
2018091700100627,2018년 9월 17일 21시,월요일,인천광역시 미추홀구 학익동,경상사고,0,0,1,0,차대차 - 측면충돌,안전운전불이행,건조,맑음,교차로 - 교차로안,승용,남,24세,상해없음,승용,남,38세,경상
2018091700100652,2018년 9월 17일 22시,월요일,인천광역시 연수구 송도동,중상사고,0,2,0,0,차대차 - 측면충돌,교차로운행방법위반,건조,맑음,교차로 - 교차로안,승용,여,23세,상해없음,승용,남,23세,중상
2018091700100653,2018년 9월 17일 22시,월요일,인천광역시 연수구 동춘동,중상사고,0,1,0,0,차대사람 - 차도통행중,안전운전불이행,건조,맑음,교차로 - 교차로부근,승용,여,55세,상해없음,보행자,남,61세,중상
2018091800100097,2018년 9월 18일 07시,화요일,인천광역시 남동구 구월동,경상사고,0,0,1,0,차대사람 - 기타,안전운전불이행,건조,맑음,기타 - 기타,승합,남,59세,상해없음,보행자,여,58세,경상
2018091800100149,2018년 9월 18일 08시,화요일,인천광역시 남동구 간석동,경상사고,0,0,1,0,차대차 - 측면충돌,안전운전불이행,건조,맑음,기타 - 기타,승용,남,31세,상해없음,승용,남,37세,경상
2018091800100150,2018년 9월 18일 08시,화요일,인천광역시 남동구 구월동,경상사고,0,0,1,0,차대차 - 기타,안전운전불이행,건조,맑음,교차로 - 교차로안,화물,남,53세,상해없음,승용,남,60세,기타불명
2018091800100197,2018년 9월 18일 09시,화요일,인천광역시 미추홀구 주안동,경상사고,0,0,1,0,차대차 - 추돌,안전운전불이행,건조,맑음,교차로 - 교차로부근,승용,남,73세,상해없음,화물,남,38세,경상
2018091800100198,2018년 9월 18일 09시,화요일,인천광역시 서구 금곡동,경상사고,0,0,1,0,차대차 - 기타,안전운전불이행,건조,맑음,교차로 - 교차로안,화물,남,50세,상해없음,화물,남,42세,경상
2018091800100199,2018년 9월 18일 09시,화요일,인천광역시 서구 석남동,경상사고,0,0,1,0,차대차 - 기타,안전운전불이행,기타,맑음,기타 - 기타,승용,남,47세,상해없음,승용,여,63세,경상
2018091800100240,2018년 9월 18일 10시,화요일,인천광역시 미추홀구 용현동,경상사고,0,0,1,0,차대사람 - 횡단중,보행자보호의무위반,건조,맑음,교차로 - 교차로부근,승용,남,70세,상해없음,보행자,여,21세,경상
2018091800100326,2018년 9월 18일 13시,화요일,인천광역시 중구 신흥동3가,중상사고,0,2,2,0,차대차 - 기타,신호위반,건조,맑음,교차로 - 교차로안,승용,여,62세,상해없음,승용,남,58세,경상
2018091800100327,2018년 9월 18일 13시,화요일,인천광역시 미추홀구 용현동,부상신고사고,0,0,0,1,차대사람 - 길가장자리구역통행중,안전운전불이행,건조,맑음,기타 - 기타,기타불명,기타불명,미분류,기타불명,보행자,남,44세,부상신고
2018091800100328,2018년 9월 18일 13시,화요일,인천광역시 부평구 십정동,부상신고사고,0,0,0,1,차대사람 - 기타,안전운전불이행,건조,맑음,교차로 - 교차로안,기타불명,기타불명,미분류,기타불명,보행자,여,22세,부상신고
2018091800100408,2018년 9월 18일 15시,화요일,인천광역시 남동구 간석동,중상사고,0,1,0,0,차대차 - 정면충돌,신호위반,건조,맑음,단일로 - 기타,승용,남,71세,상해없음,이륜,남,53세,중상
2018091800100409,2018년 9월 18일 15시,화요일,인천광역시 서구 당하동,경상사고,0,0,1,0,차대차 - 추돌,안전거리미확보,건조,맑음,교차로 - 교차로안,이륜,남,56세,경상,승용,여,70세,상해없음
2018091800100464,2018년 9월 18일 16시,화요일,인천광역시 미추홀구 학익동,경상사고,0,0,1,0,차대사람 - 차도통행중,안전운전불이행,건조,맑음,교차로 - 교차로부근,승용,남,45세,상해없음,보행자,여,79세,경상
2018091800100465,2018년 9월 18일 16시,화요일,인천광역시 남동구 만수동,중상사고,0,1,0,0,차대사람 - 기타,보행자보호의무위반,건조,맑음,단일로 - 기타,승용,여,56세,상해없음,보행자,남,14세,중상
2018091800100504,2018년 9월 18일 17시,화요일,인천광역시 미추홀구 주안동,중상사고,0,1,1,0,차대차 - 측면충돌,신호위반,건조,맑음,교차로 - 교차로횡단보도내,승용,남,34세,기타불명,원동기,남,16세,경상
2018091800100505,2018년 9월 18일 17시,화요일,인천광역시 남동구 구월동,경상사고,0,0,1,0,차대차 - 측면충돌,안전거리미확보,건조,맑음,기타 - 기타,승용,여,28세,상해없음,승용,여,35세,경상
2018091800100506,2018년 9월 18일 17시,화요일,인천광역시 서구 가좌동,경상사고,0,0,1,0,차대사람 - 횡단중,안전운전불이행,건조,맑음,교차로 - 교차로부근,승용,여,59세,기타불명,보행자,여,12세,경상
2018091800100507,2018년 9월 18일 17시,화요일,인천광역시 연수구 옥련동,중상사고,0,1,0,0,차대사람 - 기타,기타,건조,맑음,단일로 - 기타,승용,남,54세,상해없음,보행자,남,8세,중상
2018091800100540,2018년 9월 18일 18시,화요일,인천광역시 미추홀구 숭의동,중상사고,0,1,0,0,차대사람 - 보도통행중,기타,건조,맑음,기타 - 기타,승합,남,63세,상해없음,보행자,남,65세,중상
2018091800100541,2018년 9월 18일 18시,화요일,인천광역시 부평구 십정동,경상사고,0,0,2,0,차대차 - 측면충돌,차로위반,건조,맑음,단일로 - 기타,승용,남,25세,경상,승용,여,36세,경상
2018091800100542,2018년 9월 18일 18시,화요일,인천광역시 남동구 구월동,경상사고,0,0,2,0,차대차 - 기타,안전거리미확보,건조,맑음,단일로 - 기타,승용,여,43세,상해없음,승용,여,45세,경상
2018091800100543,2018년 9월 18일 18시,화요일,인천광역시 계양구 계산동,중상사고,0,1,0,0,차대차 - 측면충돌,중앙선침범,건조,맑음,교차로 - 교차로부근,승용,남,56세,상해없음,이륜,남,23세,중상
2018091800100544,2018년 9월 18일 18시,화요일,인천광역시 남동구 만수동,경상사고,0,0,1,0,차대사람 - 횡단중,보행자보호의무위반,건조,맑음,단일로 - 기타,승용,남,30세,상해없음,보행자,남,81세,경상
2018091800100628,2018년 9월 18일 20시,화요일,인천광역시 미추홀구 숭의동,경상사고,0,0,1,0,차대사람 - 기타,안전운전불이행,건조,맑음,교차로 - 교차로안,승용,남,71세,상해없음,보행자,여,19세,경상
2018091800100629,2018년 9월 18일 20시,화요일,인천광역시 연수구 송도동,경상사고,0,0,1,0,차대차 - 기타,신호위반,건조,맑음,교차로 - 교차로안,승용,여,26세,상해없음,화물,남,55세,경상
2018091800100630,2018년 9월 18일 20시,화요일,인천광역시 남동구 수산동,경상사고,0,0,1,0,차대차 - 측면충돌,안전운전불이행,건조,맑음,단일로 - 기타,승용,남,30세,상해없음,화물,남,46세,경상
2018091800100659,2018년 9월 18일 21시,화요일,인천광역시 중구 중산동,경상사고,0,0,1,0,차대차 - 측면충돌,안전운전불이행,건조,맑음,기타 - 기타,승용,남,36세,상해없음,자전거,남,13세,경상
2018091800100677,2018년 9월 18일 22시,화요일,인천광역시 부평구 부평동,중상사고,0,1,3,0,차대차 - 기타,신호위반,건조,맑음,교차로 - 교차로안,이륜,남,17세,기타불명,승용,남,63세,경상
2018091800100698,2018년 9월 18일 23시,화요일,인천광역시 부평구 산곡동,중상사고,0,1,1,0,차대차 - 측면충돌,교차로운행방법위반,건조,맑음,교차로 - 교차로안,이륜,남,46세,중상,승용,남,30세,경상
2018091900100072,2018년 9월 19일 06시,수요일,인천광역시 서구 원창동,중상사고,0,1,0,0,차대차 - 기타,안전운전불이행,건조,맑음,교차로 - 교차로안,승용,남,44세,상해없음,자전거,여,43세,중상
2018091900100073,2018년 9월 19일 06시,수요일,인천광역시 연수구 동춘동,경상사고,0,0,1,0,차대차 - 기타,중앙선침범,건조,흐림,단일로 - 기타,승용,여,34세,상해없음,화물,남,33세,경상
2018091900100103,2018년 9월 19일 07시,수요일,인천광역시 미추홀구 용현동,부상신고사고,0,0,0,1,차대사람 - 보도통행중,안전운전불이행,건조,맑음,기타 - 기타,화물,남,30세,기타불명,보행자,남,35세,부상신고
2018091900100104,2018년 9월 19일 07시,수요일,인천광역시 서구 연희동,사망사고,1,0,1,0,차대차 - 기타,안전운전불이행,건조,맑음,교차로 - 교차로부근,승용,남,58세,사망,승용,남,62세,상해없음
2018091900100142,2018년 9월 19일 08시,수요일,인천광역시 동구 송림동,경상사고,0,0,1,0,차대사람 - 기타,안전운전불이행,건조,맑음,단일로 - 기타,기타불명,기타불명,미분류,기타불명,보행자,여,8세,경상
2018091900100143,2018년 9월 19일 08시,수요일,인천광역시 남동구 구월동,경상사고,0,0,3,0,차대차 - 기타,안전거리미확보,건조,맑음,단일로 - 기타,승용,남,26세,경상,승용,남,23세,경상
2018091900100144,2018년 9월 19일 08시,수요일,인천광역시 남동구 남촌동,경상사고,0,0,1,0,차대차 - 추돌,안전운전불이행,건조,맑음,교차로 - 교차로부근,기타불명,기타불명,미분류,기타불명,승용,여,32세,경상
2018091900100181,2018년 9월 19일 09시,수요일,인천광역시 부평구 부평동,경상사고,0,0,1,0,차대차 - 기타,차로위반,건조,맑음,단일로 - 기타,화물,남,48세,상해없음,승용,여,48세,경상
2018091900100182,2018년 9월 19일 09시,수요일,인천광역시 남동구 논현동,경상사고,0,0,1,0,차량단독 - 기타,안전운전불이행,건조,맑음,교차로 - 교차로안,승용,남,64세,상해없음,,,,
2018091900100209,2018년 9월 19일 10시,수요일,인천광역시 남동구 만수동,경상사고,0,0,1,0,차대차 - 측면충돌,안전운전불이행,건조,맑음,교차로 - 교차로안,승용,여,36세,상해없음,승용,남,64세,경상
2018091900100233,2018년 9월 19일 11시,수요일,인천광역시 남동구 구월동,경상사고,0,0,1,0,차대차 - 추돌,안전거리미확보,건조,맑음,단일로 - 기타,승합,남,53세,상해없음,승용,여,37세,경상
2018091900100234,2018년 9월 19일 11시,수요일,인천광역시 서구 마전동,경상사고,0,0,2,0,차대차 - 측면충돌,안전운전불이행,건조,맑음,단일로 - 기타,화물,남,30세,상해없음,승용,남,68세,경상
2018091900100235,2018년 9월 19일 11시,수요일,인천광역시 계양구 작전동,경상사고,0,0,1,0,차량단독 - 기타,안전운전불이행,건조,맑음,단일로 - 기타,승합,남,43세,상해없음,,,,
2018091900100270,2018년 9월 19일 12시,수요일,인천광역시 서구 가좌동,경상사고,0,0,1,0,차대차 - 기타,교차로운행방법위반,건조,맑음,교차로 - 교차로부근,특수,남,58세,상해없음,승용,남,53세,경상
2018091900100271,2018년 9월 19일 12시,수요일,인천광역시 계양구 서운동,경상사고,0,0,2,0,차대차 - 추돌,안전운전불이행,건조,맑음,교차로 - 교차로부근,승용,남,59세,상해없음,화물,남,35세,경상
2018091900100308,2018년 9월 19일 13시,수요일,인천광역시 중구 전동,중상사고,0,1,0,0,차대사람 - 횡단중,안전운전불이행,건조,맑음,교차로 - 교차로부근,화물,남,41세,상해없음,보행자,여,75세,중상
2018091900100309,2018년 9월 19일 13시,수요일,인천광역시 남동구 간석동,중상사고,0,1,0,0,차대차 - 측면충돌,안전운전불이행,건조,맑음,교차로 - 교차로안,화물,남,33세,상해없음,승용,여,43세,중상
2018091900100407,2018년 9월 19일 16시,수요일,인천광역시 미추홀구 주안동,경상사고,0,0,1,0,차대사람 - 기타,안전운전불이행,건조,맑음,단일로 - 기타,승용,남,63세,상해없음,보행자,여,64세,경상
2018091900100448,2018년 9월 19일 17시,수요일,인천광역시 중구 운남동,사망사고,1,0,0,0,차대차 - 측면충돌,안전운전불이행,건조,흐림,단일로 - 기타,화물,남,31세,상해없음,이륜,남,18세,사망
2018091900100449,2018년 9월 19일 17시,수요일,인천광역시 남동구 만수동,경상사고,0,0,2,0,차대차 - 측면충돌,안전운전불이행,건조,맑음,교차로 - 교차로부근,승용,여,49세,기타불명,승용,여,44세,경상
2018091900100516,2018년 9월 19일 18시,수요일,인천광역시 부평구 부평동,경상사고,0,0,1,0,차대사람 - 횡단중,안전운전불이행,건조,맑음,교차로 - 교차로부근,이륜,남,21세,상해없음,보행자,여,22세,경상
2018091900100517,2018년 9월 19일 18시,수요일,인천광역시 남동구 구월동,중상사고,0,1,0,0,차대차 - 측면충돌,안전거리미확보,젖음/습기,비,교차로 - 교차로부근,승용,남,53세,상해없음,이륜,남,36세,중상
2018091900100518,2018년 9월 19일 18시,수요일,인천광역시 부평구 삼산동,경상사고,0,0,3,0,차대차 - 측면충돌,안전운전불이행,건조,맑음,교차로 - 교차로안,특수,남,47세,상해없음,승용,여,50세,경상
2018091900100562,2018년 9월 19일 19시,수요일,인천광역시 남동구 구월동,중상사고,0,1,0,0,차대사람 - 기타,보행자보호의무위반,건조,맑음,단일로 - 기타,승용,남,42세,상해없음,보행자,여,53세,중상
2018091900100563,2018년 9월 19일 19시,수요일,인천광역시 남동구 구월동,경상사고,0,0,1,0,차대차 - 기타,안전운전불이행,젖음/습기,비,기타 - 기타,이륜,남,15세,기타불명,승용,남,65세,기타불명
2018091900100564,2018년 9월 19일 19시,수요일,인천광역시 강화군 강화읍,중상사고,0,1,0,0,차대사람 - 횡단중,보행자보호의무위반,건조,맑음,교차로 - 교차로횡단보도내,화물,남,62세,상해없음,보행자,여,67세,중상
2018091900100634,2018년 9월 19일 21시,수요일,인천광역시 연수구 연수동,경상사고,0,0,4,0,차대차 - 추돌,안전운전불이행,건조,맑음,교차로 - 교차로부근,승용,여,57세,상해없음,승용,여,62세,경상
2018091900100668,2018년 9월 19일 22시,수요일,인천광역시 동구 송림동,부상신고사고,0,0,0,1,차대차 - 기타,안전거리미확보,젖음/습기,흐림,교차로 - 교차로부근,승용,남,34세,상해없음,이륜,남,17세,부상신고
2018091900100669,2018년 9월 19일 22시,수요일,인천광역시 남동구 남촌동,경상사고,0,0,1,0,차대차 - 측면충돌,안전운전불이행,젖음/습기,흐림,단일로 - 교량,승용,남,49세,상해없음,승용,남,38세,경상
2018092000100018,2018년 9월 20일 00시,목요일,인천광역시 부평구 부개동,중상사고,0,1,1,0,차대차 - 추돌,안전운전불이행,건조,맑음,단일로 - 기타,승용,남,28세,상해없음,승용,남,43세,중상
2018092000100067,2018년 9월 20일 05시,목요일,인천광역시 중구 운서동,중상사고,0,2,2,0,차대차 - 측면충돌,안전운전불이행,젖음/습기,비,단일로 - 기타,승용,남,64세,상해없음,승합,남,73세,상해없음
2018092000100068,2018년 9월 20일 05시,목요일,인천광역시 남동구 만수동,경상사고,0,0,1,0,차대차 - 기타,안전운전불이행,건조,맑음,교차로 - 교차로안,승용,남,59세,상해없음,승합,남,19세,경상
2018092000100167,2018년 9월 20일 08시,목요일,인천광역시 미추홀구 도화동,경상사고,0,0,2,0,차대차 - 측면충돌,신호위반,건조,맑음,교차로 - 교차로안,화물,남,47세,상해없음,화물,남,28세,경상
2018092000100168,2018년 9월 20일 08시,목요일,인천광역시 미추홀구 도화동,부상신고사고,0,0,0,1,차대차 - 기타,신호위반,건조,맑음,단일로 - 기타,승용,남,79세,기타불명,승용,여,40세,부상신고
2018092000100169,2018년 9월 20일 08시,목요일,인천광역시 계양구 계산동,경상사고,0,0,1,0,차대차 - 추돌,안전거리미확보,건조,맑음,교차로 - 교차로안,승용,남,64세,상해없음,승용,여,36세,경상
2018092000100221,2018년 9월 20일 10시,목요일,인천광역시 남동구 논현동,경상사고,0,0,3,0,차대사람 - 횡단중,신호위반,젖음/습기,비,단일로 - 기타,승용,여,31세,상해없음,보행자,여,37세,경상
2018092000100260,2018년 9월 20일 11시,목요일,인천광역시 미추홀구 도화동,경상사고,0,0,1,0,차대차 - 측면충돌,안전거리미확보,젖음/습기,비,단일로 - 기타,승용,남,63세,상해없음,승용,남,39세,경상
2018092000100293,2018년 9월 20일 12시,목요일,인천광역시 서구 석남동,경상사고,0,0,1,0,차대차 - 추돌,안전운전불이행,건조,맑음,교차로 - 교차로부근,승용,남,56세,상해없음,승용,남,40세,경상
2018092000100294,2018년 9월 20일 12시,목요일,인천광역시 부평구 삼산동,중상사고,0,1,1,0,차대차 - 측면충돌,차로위반,건조,흐림,단일로 - 기타,화물,남,25세,상해없음,승용,여,47세,중상
2018092000100330,2018년 9월 20일 13시,목요일,인천광역시 남동구 만수동,중상사고,0,1,0,0,차대사람 - 횡단중,교차로운행방법위반,건조,맑음,교차로 - 교차로안,승용,여,45세,상해없음,보행자,여,32세,중상
2018092000100362,2018년 9월 20일 14시,목요일,인천광역시 미추홀구 주안동,부상신고사고,0,0,0,1,차대차 - 기타,안전운전불이행,건조,맑음,주차장 - 주차장,승용,남,64세,상해없음,승용,남,46세,상해없음
2018092000100363,2018년 9월 20일 14시,목요일,인천광역시 부평구 갈산동,중상사고,0,1,0,0,차대사람 - 기타,안전운전불이행,건조,맑음,교차로 - 교차로안,승용,여,49세,상해없음,보행자,여,79세,중상
2018092000100402,2018년 9월 20일 15시,목요일,인천광역시 남동구 구월동,경상사고,0,0,1,0,차대차 - 기타,차로위반,건조,맑음,기타 - 기타,승용,남,79세,상해없음,화물,남,72세,상해없음
2018092000100403,2018년 9월 20일 15시,목요일,인천광역시 서구 왕길동,경상사고,0,0,1,0,차대차 - 기타,안전운전불이행,건조,맑음,교차로 - 교차로안,화물,남,23세,상해없음,승용,남,31세,경상
2018092000100404,2018년 9월 20일 15시,목요일,인천광역시 연수구 송도동,중상사고,0,1,0,0,차대차 - 측면충돌,신호위반,건조,맑음,교차로 - 교차로안,승용,여,41세,상해없음,승용,여,57세,중상
2018092000100446,2018년 9월 20일 16시,목요일,인천광역시 강화군 하점면,중상사고,0,1,0,0,차대차 - 측면충돌,중앙선침범,건조,맑음,단일로 - 기타,승용,남,24세,상해없음,승용,여,66세,중상
2018092000100493,2018년 9월 20일 17시,목요일,인천광역시 연수구 선학동,경상사고,0,0,1,0,차대차 - 측면충돌,신호위반,건조,맑음,교차로 - 교차로안,승용,여,41세,상해없음,승용,여,37세,경상
2018092000100549,2018년 9월 20일 18시,목요일,인천광역시 미추홀구 주안동,경상사고,0,0,1,0,차대차 - 추돌,안전운전불이행,건조,맑음,교차로 - 교차로부근,승용,남,61세,상해없음,승용,여,28세,경상
2018092000100550,2018년 9월 20일 18시,목요일,인천광역시 남동구 간석동,중상사고,0,1,0,0,차대차 - 기타,신호위반,건조,맑음,교차로 - 교차로부근,화물,남,57세,상해없음,이륜,남,20세,중상
2018092000100551,2018년 9월 20일 18시,목요일,인천광역시 남동구 만수동,경상사고,0,0,1,0,차대차 - 측면충돌,안전운전불이행,건조,맑음,교차로 - 교차로안,승용,남,34세,상해없음,자전거,남,62세,경상
2018092000100552,2018년 9월 20일 18시,목요일,인천광역시 강화군 길상면,중상사고,0,1,0,0,차대사람 - 횡단중,보행자보호의무위반,건조,맑음,교차로 - 교차로부근,화물,여,39세,상해없음,보행자,여,61세,중상
2018092000100553,2018년 9월 20일 18시,목요일,인천광역시 남동구 논현동,중상사고,0,1,0,0,차대차 - 측면충돌,안전운전불이행,젖음/습기,비,교차로 - 교차로부근,자전거,여,68세,중상,승합,남,43세,상해없음
2018092000100612,2018년 9월 20일 19시,목요일,인천광역시 미추홀구 용현동,경상사고,0,0,1,0,차대차 - 기타,신호위반,건조,맑음,교차로 - 교차로횡단보도내,승용,여,46세,상해없음,자전거,남,8세,경상
2018092000100613,2018년 9월 20일 19시,목요일,인천광역시 서구 불로동,중상사고,0,1,0,0,차대차 - 기타,안전운전불이행,젖음/습기,비,교차로 - 교차로안,승용,여,49세,상해없음,이륜,남,18세,중상