사고번호,사고일시,요일,시군구,사고내용,사망자수,중상자수,경상자수,부상신고자수,사고유형,법규위반,노면상태,기상상태,도로형태,가해운전자 차종,가해운전자 성별,가해운전자 연령,가해운전자 상해정도,피해운전자 차종,피해운전자 성별,피해운전자 연령,피해운전자 상해정도
2018092000100614,2018년 9월 20일 19시,목요일,인천광역시 부평구 갈산동,경상사고,0,0,2,0,차대차 - 측면충돌,교차로운행방법위반,젖음/습기,비,교차로 - 교차로안,승용,여,48세,상해없음,승용,여,59세,경상
2018092000100663,2018년 9월 20일 20시,목요일,인천광역시 서구 가정동,중상사고,0,1,0,0,차대사람 - 횡단중,보행자보호의무위반,건조,맑음,교차로 - 교차로횡단보도내,승용,여,56세,상해없음,보행자,여,45세,중상
2018092000100694,2018년 9월 20일 21시,목요일,인천광역시 남동구 구월동,경상사고,0,0,1,0,차대차 - 측면충돌,안전운전불이행,건조,맑음,기타 - 기타,승용,남,32세,상해없음,승용,여,40세,경상
2018092000100695,2018년 9월 20일 21시,목요일,인천광역시 연수구 동춘동,경상사고,0,0,1,0,차대차 - 추돌,안전운전불이행,건조,맑음,교차로 - 교차로부근,승용,남,46세,상해없음,승용,여,58세,경상
2018092000100696,2018년 9월 20일 21시,목요일,인천광역시 연수구 송도동,경상사고,0,0,3,0,차대차 - 정면충돌,중앙선침범,젖음/습기,흐림,교차로 - 교차로부근,승용,남,37세,상해없음,승용,여,50세,경상
2018092000100724,2018년 9월 20일 22시,목요일,인천광역시 미추홀구 주안동,부상신고사고,0,0,0,1,차대차 - 측면충돌,안전운전불이행,건조,맑음,단일로 - 기타,승용,남,43세,상해없음,승용,남,65세,부상신고
2018092000100758,2018년 9월 20일 23시,목요일,인천광역시 미추홀구 주안동,경상사고,0,0,2,0,차대차 - 측면충돌,안전운전불이행,젖음/습기,흐림,교차로 - 교차로안,승용,남,36세,상해없음,승합,남,37세,경상
2018092100100020,2018년 9월 21일 00시,금요일,인천광역시 남동구 장수동,경상사고,0,0,2,0,차대차 - 측면충돌,안전운전불이행,건조,맑음,교차로 - 교차로부근,승용,남,55세,상해없음,승용,남,28세,경상
2018092100100040,2018년 9월 21일 01시,금요일,인천광역시 미추홀구 주안동,부상신고사고,0,0,0,1,차대차 - 측면충돌,기타,건조,맑음,기타 - 기타,승용,여,54세,기타불명,기타불명,남,75세,부상신고
2018092100100058,2018년 9월 21일 03시,금요일,인천광역시 미추홀구 용현동,중상사고,0,1,0,0,차량단독 - 공작물충돌,안전운전불이행,젖음/습기,비,교차로 - 교차로안,화물,남,50세,중상,,,,
2018092100100059,2018년 9월 21일 03시,금요일,인천광역시 남동구 간석동,중상사고,0,2,0,0,차대차 - 추돌,안전운전불이행,젖음/습기,비,기타 - 기타,승용,여,29세,상해없음,화물,여,60세,중상
2018092100100060,2018년 9월 21일 03시,금요일,인천광역시 서구 가정동,경상사고,0,0,2,0,차대차 - 측면충돌,안전운전불이행,젖음/습기,비,단일로 - 기타,승용,남,34세,상해없음,승용,남,58세,경상
2018092100100108,2018년 9월 21일 06시,금요일,인천광역시 서구 검암동,경상사고,0,0,1,0,차대차 - 측면충돌,차로위반,젖음/습기,비,단일로 - 기타,승용,남,16세,상해없음,승용,남,28세,경상
2018092100100132,2018년 9월 21일 07시,금요일,인천광역시 미추홀구 숭의동,중상사고,0,1,0,0,차대사람 - 횡단중,신호위반,젖음/습기,비,교차로 - 교차로횡단보도내,화물,남,63세,상해없음,보행자,남,76세,중상
2018092100100173,2018년 9월 21일 08시,금요일,인천광역시 연수구 송도동,사망사고,1,0,1,0,차대차 - 추돌,안전운전불이행,젖음/습기,비,단일로 - 기타,승용,남,35세,사망,특수,남,46세,경상
2018092100100218,2018년 9월 21일 09시,금요일,인천광역시 남동구 구월동,경상사고,0,0,1,0,차대차 - 측면충돌,교차로운행방법위반,젖음/습기,비,교차로 - 교차로안,승합,남,59세,상해없음,승용,여,51세,경상
2018092100100219,2018년 9월 21일 09시,금요일,인천광역시 강화군 강화읍,중상사고,0,1,0,0,차대사람 - 횡단중,안전운전불이행,건조,맑음,단일로 - 기타,승합,남,43세,상해없음,보행자,여,68세,중상
2018092100100220,2018년 9월 21일 09시,금요일,인천광역시 강화군 송해면,경상사고,0,0,1,0,차대차 - 측면충돌,교차로운행방법위반,젖음/습기,비,교차로 - 교차로안,승용,여,58세,상해없음,승용,여,63세,경상
2018092100100267,2018년 9월 21일 10시,금요일,인천광역시 미추홀구 도화동,중상사고,0,2,0,0,차대차 - 추돌,신호위반,건조,맑음,교차로 - 교차로부근,화물,남,46세,상해없음,화물,남,60세,중상
2018092100100298,2018년 9월 21일 11시,금요일,인천광역시 남동구 구월동,중상사고,0,1,0,0,차대차 - 측면충돌,안전거리미확보,젖음/습기,비,단일로 - 기타,승용,남,70세,상해없음,승용,여,59세,중상
2018092100100299,2018년 9월 21일 11시,금요일,인천광역시 서구 석남동,경상사고,0,0,1,0,차대사람 - 횡단중,안전운전불이행,건조,맑음,단일로 - 기타,승용,남,63세,상해없음,보행자,남,68세,경상
2018092100100337,2018년 9월 21일 12시,금요일,인천광역시 남동구 간석동,경상사고,0,0,2,0,차대차 - 기타,안전운전불이행,건조,맑음,교차로 - 교차로부근,승용,남,64세,상해없음,승용,남,20세,경상
2018092100100375,2018년 9월 21일 13시,금요일,인천광역시 미추홀구 숭의동,경상사고,0,0,1,0,차대차 - 추돌,안전운전불이행,기타,맑음,기타 - 기타,승용,여,61세,상해없음,승용,여,48세,경상
2018092100100425,2018년 9월 21일 14시,금요일,인천광역시 부평구 부평동,경상사고,0,0,1,0,차대차 - 추돌,안전운전불이행,건조,맑음,교차로 - 교차로안,화물,남,38세,상해없음,승용,여,49세,경상
2018092100100534,2018년 9월 21일 16시,금요일,인천광역시 미추홀구 주안동,부상신고사고,0,0,0,1,차대사람 - 길가장자리구역통행중,안전운전불이행,건조,맑음,단일로 - 기타,기타불명,기타불명,미분류,기타불명,보행자,여,38세,부상신고
2018092100100535,2018년 9월 21일 16시,금요일,인천광역시 서구 석남동,경상사고,0,0,1,0,차대차 - 기타,안전운전불이행,건조,맑음,교차로 - 교차로부근,승용,남,48세,상해없음,승용,남,29세,경상
2018092100100536,2018년 9월 21일 16시,금요일,인천광역시 계양구 계산동,경상사고,0,0,1,0,차대차 - 추돌,안전운전불이행,건조,맑음,단일로 - 기타,승합,남,59세,상해없음,승용,여,55세,경상
2018092100100587,2018년 9월 21일 17시,금요일,인천광역시 서구 마전동,경상사고,0,0,1,0,차대차 - 측면충돌,안전운전불이행,건조,맑음,단일로 - 기타,화물,남,66세,상해없음,이륜,남,46세,상해없음
2018092100100588,2018년 9월 21일 17시,금요일,인천광역시 연수구 동춘동,경상사고,0,0,1,0,차대차 - 측면충돌,교차로운행방법위반,건조,맑음,교차로 - 교차로안,승용,여,51세,상해없음,승용,여,44세,경상
2018092100100644,2018년 9월 21일 18시,금요일,인천광역시 남동구 만수동,경상사고,0,0,2,0,차대차 - 추돌,안전운전불이행,건조,맑음,교차로 - 교차로부근,승용,남,45세,상해없음,승용,남,59세,경상
2018092100100700,2018년 9월 21일 19시,금요일,인천광역시 미추홀구 학익동,경상사고,0,0,1,0,차대차 - 기타,안전운전불이행,건조,맑음,교차로 - 교차로안,승용,여,40세,상해없음,화물,남,40세,경상
2018092100100701,2018년 9월 21일 19시,금요일,인천광역시 부평구 부평동,경상사고,0,0,1,0,차대사람 - 횡단중,보행자보호의무위반,건조,맑음,교차로 - 교차로횡단보도내,승용,남,62세,상해없음,보행자,남,74세,경상
2018092100100702,2018년 9월 21일 19시,금요일,인천광역시 서구 연희동,중상사고,0,1,0,0,차대차 - 측면충돌,신호위반,건조,맑음,교차로 - 교차로안,승합,남,59세,상해없음,원동기,남,23세,중상
2018092100100703,2018년 9월 21일 19시,금요일,인천광역시 연수구 송도동,사망사고,1,0,0,0,차대사람 - 차도통행중,안전운전불이행,건조,맑음,단일로 - 기타,승용,남,41세,상해없음,보행자,여,72세,사망
2018092100100704,2018년 9월 21일 19시,금요일,인천광역시 남동구 장수동,경상사고,0,0,1,0,차대차 - 측면충돌,안전운전불이행,건조,맑음,교차로 - 교차로부근,승용,여,45세,상해없음,승용,남,61세,경상
2018092100100747,2018년 9월 21일 20시,금요일,인천광역시 남동구 도림동,경상사고,0,0,4,0,차대차 - 측면충돌,안전거리미확보,건조,맑음,단일로 - 기타,승용,여,27세,경상,승용,남,26세,경상
2018092100100858,2018년 9월 21일 23시,금요일,인천광역시 계양구 계산동,중상사고,0,1,1,0,차대사람 - 차도통행중,안전운전불이행,건조,맑음,단일로 - 기타,이륜,남,21세,경상,보행자,남,46세,중상
2018092200100068,2018년 9월 22일 03시,토요일,인천광역시 중구 운북동,경상사고,0,0,1,0,차대차 - 측면충돌,안전운전불이행,젖음/습기,비,단일로 - 교량,승용,여,23세,상해없음,승용,남,36세,경상
2018092200100087,2018년 9월 22일 04시,토요일,인천광역시 서구 마전동,중상사고,0,1,0,0,차대사람 - 횡단중,안전운전불이행,건조,맑음,교차로 - 교차로안,승용,남,64세,상해없음,보행자,여,77세,중상
2018092200100088,2018년 9월 22일 04시,토요일,인천광역시 계양구 계산동,경상사고,0,0,1,0,차대사람 - 횡단중,안전운전불이행,건조,맑음,기타 - 기타,승용,남,56세,상해없음,보행자,남,27세,경상
2018092200100152,2018년 9월 22일 08시,토요일,인천광역시 미추홀구 학익동,경상사고,0,0,1,0,차대차 - 기타,안전운전불이행,건조,맑음,단일로 - 기타,승용,남,78세,상해없음,승용,남,54세,경상
2018092200100174,2018년 9월 22일 09시,토요일,인천광역시 계양구 효성동,경상사고,0,0,1,0,차대차 - 측면충돌,안전운전불이행,건조,맑음,단일로 - 기타,화물,남,34세,상해없음,승용,남,44세,경상
2018092200100210,2018년 9월 22일 10시,토요일,인천광역시 부평구 부개동,중상사고,0,1,0,0,차대사람 - 기타,안전운전불이행,건조,맑음,단일로 - 기타,승용,남,64세,상해없음,보행자,남,60세,중상
2018092200100255,2018년 9월 22일 11시,토요일,인천광역시 남동구 구월동,경상사고,0,0,1,0,차대차 - 추돌,안전운전불이행,건조,맑음,기타 - 기타,승용,여,44세,상해없음,승용,남,43세,상해없음
2018092200100287,2018년 9월 22일 12시,토요일,인천광역시 동구 금곡동,경상사고,0,0,3,2,차대차 - 측면충돌,안전운전불이행,건조,맑음,교차로 - 교차로안,화물,남,53세,상해없음,승용,남,59세,경상
2018092200100288,2018년 9월 22일 12시,토요일,인천광역시 남동구 구월동,중상사고,0,1,0,0,차대차 - 기타,안전거리미확보,건조,맑음,단일로 - 기타,화물,남,70세,상해없음,승용,남,51세,상해없음
2018092200100289,2018년 9월 22일 12시,토요일,인천광역시 계양구 효성동,중상사고,0,1,0,0,차대차 - 측면충돌,안전운전불이행,건조,맑음,단일로 - 기타,승용,남,25세,상해없음,이륜,남,26세,중상
2018092200100290,2018년 9월 22일 12시,토요일,인천광역시 강화군 강화읍,경상사고,0,0,2,0,차대차 - 기타,안전운전불이행,건조,맑음,기타 - 기타,이륜,남,37세,상해없음,승용,남,27세,경상
2018092200100376,2018년 9월 22일 14시,토요일,인천광역시 남동구 구월동,부상신고사고,0,0,0,1,차대차 - 기타,차로위반,건조,맑음,교차로 - 교차로부근,기타불명,기타불명,미분류,기타불명,이륜,남,46세,부상신고
2018092200100414,2018년 9월 22일 15시,토요일,인천광역시 남동구 간석동,경상사고,0,0,1,0,차량단독 - 기타,안전운전불이행,건조,맑음,단일로 - 기타,승합,남,59세,기타불명,,,,
2018092200100415,2018년 9월 22일 15시,토요일,인천광역시 남동구 간석동,경상사고,0,0,1,0,차대사람 - 길가장자리구역통행중,안전운전불이행,건조,맑음,교차로 - 교차로부근,승용,남,33세,상해없음,보행자,남,4세,경상
2018092200100471,2018년 9월 22일 16시,토요일,인천광역시 미추홀구 숭의동,경상사고,0,0,4,0,차대차 - 측면충돌,안전운전불이행,건조,맑음,교차로 - 교차로안,승용,남,36세,상해없음,승용,남,55세,경상
2018092200100472,2018년 9월 22일 16시,토요일,인천광역시 미추홀구 주안동,부상신고사고,0,0,0,1,차대사람 - 횡단중,안전운전불이행,건조,맑음,기타 - 기타,기타불명,기타불명,미분류,기타불명,보행자,남,78세,부상신고
2018092200100523,2018년 9월 22일 17시,토요일,인천광역시 미추홀구 주안동,중상사고,0,1,0,0,차대차 - 측면충돌,안전운전불이행,건조,맑음,교차로 - 교차로부근,승용,여,24세,상해없음,승용,남,27세,중상
2018092200100524,2018년 9월 22일 17시,토요일,인천광역시 서구 가정동,경상사고,0,0,1,0,차대차 - 측면충돌,신호위반,건조,맑음,교차로 - 교차로안,승용,남,30세,상해없음,승용,여,29세,경상
2018092200100525,2018년 9월 22일 17시,토요일,인천광역시 서구 석남동,경상사고,0,0,1,0,차대사람 - 횡단중,신호위반,건조,맑음,교차로 - 교차로횡단보도내,승용,남,49세,상해없음,보행자,남,54세,경상
2018092200100562,2018년 9월 22일 18시,토요일,인천광역시 남동구 구월동,경상사고,0,0,1,0,차대사람 - 길가장자리구역통행중,안전운전불이행,건조,맑음,단일로 - 기타,승용,남,65세,상해없음,보행자,남,37세,경상
2018092200100624,2018년 9월 22일 19시,토요일,인천광역시 부평구 삼산동,경상사고,0,0,2,0,차대차 - 후진중충돌,안전운전불이행,건조,맑음,단일로 - 기타,승용,남,30세,상해없음,승용,남,30세,경상
2018092200100647,2018년 9월 22일 20시,토요일,인천광역시 부평구 삼산동,중상사고,0,2,0,1,차대차 - 정면충돌,신호위반,건조,맑음,교차로 - 교차로안,승용,남,44세,상해없음,이륜,남,16세,중상
2018092200100677,2018년 9월 22일 21시,토요일,인천광역시 강화군 강화읍,경상사고,0,0,1,0,차대사람 - 기타,안전운전불이행,건조,맑음,단일로 - 기타,승용,여,55세,상해없음,보행자,남,26세,경상
2018092200100705,2018년 9월 22일 22시,토요일,인천광역시 부평구 부개동,경상사고,0,0,1,0,차대차 - 측면충돌,신호위반,건조,맑음,교차로 - 교차로부근,승용,남,54세,상해없음,자전거,여,60세,경상
2018092200100726,2018년 9월 22일 23시,토요일,인천광역시 남동구 구월동,경상사고,0,0,1,0,차대차 - 측면충돌,신호위반,건조,맑음,교차로 - 교차로부근,이륜,남,20세,상해없음,승용,남,58세,경상
2018092300100041,2018년 9월 23일 03시,일요일,인천광역시 서구 연희동,부상신고사고,0,0,0,1,차대차 - 기타,안전운전불이행,건조,맑음,교차로 - 교차로안,기타불명,기타불명,미분류,기타불명,승용,남,51세,상해없음
2018092300100052,2018년 9월 23일 04시,일요일,인천광역시 부평구 부평동,경상사고,0,0,1,0,차대사람 - 기타,안전운전불이행,건조,맑음,단일로 - 기타,승용,남,54세,상해없음,보행자,남,29세,경상
2018092300100063,2018년 9월 23일 05시,일요일,인천광역시 미추홀구 주안동,경상사고,0,0,2,0,차대차 - 추돌,과속,건조,맑음,교차로 - 교차로부근,승용,남,26세,상해없음,승용,남,26세,경상
2018092300100064,2018년 9월 23일 05시,일요일,인천광역시 연수구 연수동,경상사고,0,0,2,0,차대차 - 측면충돌,안전거리미확보,건조,맑음,교차로 - 교차로안,승용,남,24세,상해없음,승용,남,55세,경상
2018092300100090,2018년 9월 23일 08시,일요일,인천광역시 미추홀구 관교동,부상신고사고,0,0,0,1,차대사람 - 기타,기타,건조,맑음,단일로 - 기타,자전거,기타불명,미분류,기타불명,보행자,남,47세,부상신고
2018092300100122,2018년 9월 23일 10시,일요일,인천광역시 남동구 논현동,중상사고,0,1,1,0,차대차 - 측면충돌,신호위반,건조,맑음,교차로 - 교차로안,승용,여,42세,상해없음,승용,남,49세,중상
2018092300100186,2018년 9월 23일 13시,일요일,인천광역시 계양구 효성동,경상사고,0,0,2,0,차대차 - 추돌,안전운전불이행,건조,맑음,단일로 - 기타,승용,남,23세,상해없음,승용,남,21세,경상
2018092300100220,2018년 9월 23일 14시,일요일,인천광역시 미추홀구 주안동,경상사고,0,0,1,0,차대차 - 기타,신호위반,건조,맑음,단일로 - 기타,승용,남,46세,기타불명,이륜,남,43세,경상
2018092300100294,2018년 9월 23일 16시,일요일,인천광역시 계양구 작전동,경상사고,0,0,2,0,차대차 - 측면충돌,안전운전불이행,건조,맑음,단일로 - 기타,승용,남,55세,상해없음,승용,남,31세,경상
2018092300100361,2018년 9월 23일 18시,일요일,인천광역시 중구 운서동,경상사고,0,0,1,0,차대사람 - 횡단중,안전운전불이행,건조,맑음,단일로 - 기타,승용,남,24세,상해없음,보행자,여,24세,경상
2018092300100362,2018년 9월 23일 18시,일요일,인천광역시 남동구 간석동,경상사고,0,0,2,0,차대차 - 기타,안전운전불이행,건조,맑음,교차로 - 교차로안,이륜,남,71세,경상,이륜,남,20세,경상
2018092300100390,2018년 9월 23일 19시,일요일,인천광역시 계양구 작전동,경상사고,0,0,1,0,차대차 - 측면충돌,안전운전불이행,건조,맑음,단일로 - 기타,승용,여,47세,상해없음,승용,남,54세,경상
2018092300100461,2018년 9월 23일 23시,일요일,인천광역시 서구 가정동,중상사고,0,3,0,0,차대차 - 측면충돌,신호위반,건조,맑음,교차로 - 교차로안,승용,남,59세,상해없음,승용,남,47세,중상
2018092400100008,2018년 9월 24일 00시,월요일,인천광역시 부평구 삼산동,중상사고,0,1,0,0,차대차 - 기타,안전운전불이행,건조,맑음,단일로 - 기타,승용,남,29세,상해없음,이륜,남,29세,중상
2018092400100016,2018년 9월 24일 01시,월요일,인천광역시 동구 송림동,경상사고,0,0,2,0,차대차 - 기타,안전운전불이행,건조,맑음,교차로 - 교차로안,승용,남,70세,상해없음,승용,남,72세,상해없음
2018092400100017,2018년 9월 24일 01시,월요일,인천광역시 서구 석남동,경상사고,0,0,1,0,차대차 - 추돌,안전운전불이행,건조,맑음,기타 - 기타,승용,남,30세,상해없음,승용,남,60세,경상
2018092400100026,2018년 9월 24일 02시,월요일,인천광역시 미추홀구 주안동,경상사고,0,0,1,0,차대차 - 정면충돌,안전운전불이행,건조,맑음,교차로 - 교차로부근,이륜,남,31세,상해없음,승용,남,58세,경상
2018092400100032,2018년 9월 24일 03시,월요일,인천광역시 미추홀구 주안동,부상신고사고,0,0,0,1,차대사람 - 기타,안전운전불이행,건조,맑음,단일로 - 기타,기타불명,기타불명,미분류,기타불명,보행자,남,38세,부상신고
2018092400100054,2018년 9월 24일 07시,월요일,인천광역시 연수구 옥련동,경상사고,0,0,1,0,차대차 - 정면충돌,신호위반,건조,맑음,교차로 - 교차로안,승용,남,71세,상해없음,승용,남,26세,경상
2018092400100059,2018년 9월 24일 08시,월요일,인천광역시 서구 가정동,경상사고,0,0,2,0,차대차 - 추돌,신호위반,건조,맑음,교차로 - 교차로안,승용,남,34세,상해없음,승용,남,49세,경상
2018092400100114,2018년 9월 24일 11시,월요일,인천광역시 연수구 선학동,중상사고,0,1,1,0,차대차 - 추돌,안전운전불이행,건조,맑음,단일로 - 기타,승합,남,58세,상해없음,승합,남,51세,경상
2018092400100149,2018년 9월 24일 12시,월요일,인천광역시 미추홀구 숭의동,부상신고사고,0,0,0,3,차대차 - 기타,안전운전불이행,건조,맑음,기타 - 기타,승용,여,24세,상해없음,승용,남,49세,기타불명
2018092400100150,2018년 9월 24일 12시,월요일,인천광역시 남동구 남촌동,경상사고,0,0,3,0,차대차 - 추돌,안전운전불이행,건조,맑음,단일로 - 기타,화물,남,38세,상해없음,승용,여,32세,경상
2018092400100179,2018년 9월 24일 13시,월요일,인천광역시 중구 운서동,경상사고,0,0,4,0,차대차 - 측면충돌,안전거리미확보,건조,맑음,단일로 - 기타,승용,남,39세,상해없음,승용,남,52세,경상
2018092400100180,2018년 9월 24일 13시,월요일,인천광역시 남동구 간석동,경상사고,0,0,1,0,차대차 - 측면충돌,안전운전불이행,건조,맑음,기타 - 기타,승용,남,52세,상해없음,승용,남,41세,경상
2018092400100181,2018년 9월 24일 13시,월요일,인천광역시 남동구 구월동,경상사고,0,0,1,0,차대차 - 정면충돌,신호위반,건조,맑음,교차로 - 교차로안,자전거,여,32세,경상,승용,여,27세,상해없음
2018092400100210,2018년 9월 24일 14시,월요일,인천광역시 미추홀구 도화동,경상사고,0,0,1,0,차대사람 - 횡단중,신호위반,건조,맑음,교차로 - 교차로횡단보도내,승용,남,47세,상해없음,보행자,남,23세,경상
2018092400100246,2018년 9월 24일 15시,월요일,인천광역시 남동구 간석동,경상사고,0,0,2,0,차대차 - 측면충돌,교차로운행방법위반,건조,맑음,교차로 - 교차로안,승용,남,37세,상해없음,이륜,남,54세,경상
2018092400100247,2018년 9월 24일 15시,월요일,인천광역시 강화군 길상면,경상사고,0,0,1,0,차대차 - 추돌,안전거리미확보,건조,맑음,교차로 - 교차로부근,승용,여,62세,상해없음,승용,남,25세,상해없음
2018092400100310,2018년 9월 24일 17시,월요일,인천광역시 미추홀구 주안동,경상사고,0,0,2,0,차대차 - 기타,안전운전불이행,건조,맑음,단일로 - 기타,승용,남,21세,상해없음,승용,남,33세,상해없음
2018092400100311,2018년 9월 24일 17시,월요일,인천광역시 강화군 화도면,중상사고,0,2,0,0,차대차 - 정면충돌,중앙선침범,건조,맑음,기타 - 기타,화물,남,55세,상해없음,승용,남,61세,중상
2018092400100334,2018년 9월 24일 18시,월요일,인천광역시 계양구 계산동,경상사고,0,0,1,0,차대차 - 기타,안전운전불이행,건조,맑음,단일로 - 기타,승용,여,52세,상해없음,이륜,남,40세,경상
2018092400100352,2018년 9월 24일 19시,월요일,인천광역시 남동구 만수동,중상사고,0,1,0,0,차대차 - 측면충돌,교차로운행방법위반,건조,맑음,교차로 - 교차로안,승용,남,39세,상해없음,이륜,남,48세,중상
2018092400100353,2018년 9월 24일 19시,월요일,인천광역시 남동구 논현동,경상사고,0,0,1,0,차대사람 - 기타,안전운전불이행,건조,맑음,교차로 - 교차로안,승용,남,66세,상해없음,보행자,남,60세,경상
2018092400100414,2018년 9월 24일 22시,월요일,인천광역시 서구 검암동,경상사고,0,0,1,0,차대사람 - 기타,안전운전불이행,건조,맑음,단일로 - 기타,승용,남,40세,상해없음,보행자,남,33세,경상
2018092400100415,2018년 9월 24일 22시,월요일,인천광역시 남동구 장수동,경상사고,0,0,3,0,차대차 - 추돌,안전운전불이행,건조,맑음,단일로 - 기타,승용,남,44세,상해없음,승용,남,29세,경상
2018092400100440,2018년 9월 24일 23시,월요일,인천광역시 계양구 계산동,경상사고,0,0,1,0,차대사람 - 기타,안전운전불이행,건조,맑음,단일로 - 기타,기타불명,기타불명,미분류,기타불명,보행자,여,42세,경상
2018092500100009,2018년 9월 25일 00시,화요일,인천광역시 서구 오류동,경상사고,0,0,2,0,차대차 - 정면충돌,중앙선침범,건조,맑음,단일로 - 기타,승용,남,23세,상해없음,승용,남,69세,경상
2018092500100010,2018년 9월 25일 00시,화요일,인천광역시 계양구 작전동,중상사고,0,1,0,0,차대차 - 정면충돌,신호위반,건조,맑음,교차로 - 교차로안,이륜,남,38세,상해없음,이륜,남,28세,중상
2018092500100025,2018년 9월 25일 02시,화요일,인천광역시 부평구 부개동,경상사고,0,0,2,0,차대차 - 측면충돌,교차로운행방법위반,건조,맑음,교차로 - 교차로안,승용,남,54세,경상,승용,남,39세,경상
2018092500100026,2018년 9월 25일 02시,화요일,인천광역시 부평구 부평동,경상사고,0,0,2,0,차대차 - 측면충돌,안전운전불이행,건조,맑음,단일로 - 기타,승용,남,29세,상해없음,승용,남,78세,경상
2018092500100073,2018년 9월 25일 08시,화요일,인천광역시 서구 경서동,경상사고,0,0,3,0,차대차 - 측면충돌,차로위반,건조,맑음,단일로 - 교량,승용,남,20세,상해없음,승용,남,45세,경상
2018092500100170,2018년 9월 25일 12시,화요일,인천광역시 부평구 청천동,경상사고,0,0,2,0,차대차 - 추돌,불법유턴,건조,맑음,단일로 - 기타,승용,남,70세,상해없음,승용,남,31세,경상
2018092500100171,2018년 9월 25일 12시,화요일,인천광역시 남동구 간석동,중상사고,0,1,0,0,차대사람 - 길가장자리구역통행중,안전운전불이행,건조,맑음,단일로 - 기타,승용,남,62세,상해없음,보행자,여,78세,중상
2018092500100218,2018년 9월 25일 14시,화요일,인천광역시 중구 운서동,중상사고,0,4,0,0,차대차 - 추돌,안전거리미확보,건조,맑음,단일로 - 기타,승용,남,62세,상해없음,승용,남,37세,중상
2018092500100219,2018년 9월 25일 14시,화요일,인천광역시 연수구 동춘동,경상사고,0,0,2,0,차대차 - 측면충돌,교차로운행방법위반,건조,맑음,교차로 - 교차로안,승용,남,48세,상해없음,승용,남,23세,경상
2018092500100288,2018년 9월 25일 16시,화요일,인천광역시 중구 북성동1가,중상사고,0,1,0,0,차대사람 - 차도통행중,안전운전불이행,건조,맑음,단일로 - 기타,승용,여,18세,상해없음,보행자,남,41세,중상
2018092500100289,2018년 9월 25일 16시,화요일,인천광역시 남동구 남촌동,중상사고,0,1,1,0,차대차 - 측면충돌,안전거리미확보,건조,맑음,단일로 - 기타,승용,여,26세,상해없음,이륜,남,35세,중상
2018092500100352,2018년 9월 25일 18시,화요일,인천광역시 중구 운서동,중상사고,0,2,0,0,차대차 - 측면충돌,과속,건조,맑음,교차로 - 교차로안,승용,남,38세,상해없음,승용,남,58세,중상
2018092500100353,2018년 9월 25일 18시,화요일,인천광역시 미추홀구 도화동,경상사고,0,0,1,0,차대사람 - 횡단중,보행자보호의무위반,건조,맑음,교차로 - 교차로횡단보도내,승용,남,24세,상해없음,보행자,남,33세,경상
2018092500100354,2018년 9월 25일 18시,화요일,인천광역시 남동구 고잔동,경상사고,0,0,4,0,차대차 - 측면충돌,안전운전불이행,건조,흐림,단일로 - 기타,승용,남,38세,상해없음,승용,남,43세,경상
2018092500100389,2018년 9월 25일 19시,화요일,인천광역시 서구 백석동,경상사고,0,0,1,0,차대차 - 측면충돌,안전운전불이행,건조,맑음,단일로 - 기타,승용,남,22세,상해없음,승용,남,23세,경상
2018092500100428,2018년 9월 25일 20시,화요일,인천광역시 부평구 청천동,경상사고,0,0,3,0,차대차 - 측면충돌,안전운전불이행,건조,맑음,교차로 - 교차로부근,승용,여,46세,상해없음,승용,남,41세,경상
2018092500100429,2018년 9월 25일 20시,화요일,인천광역시 계양구 효성동,중상사고,0,1,0,0,차대사람 - 횡단중,보행자보호의무위반,건조,맑음,단일로 - 기타,승용,남,67세,상해없음,보행자,남,56세,중상
2018092500100447,2018년 9월 25일 21시,화요일,인천광역시 연수구 송도동,경상사고,0,0,3,0,차대차 - 측면충돌,중앙선침범,건조,맑음,교차로 - 교차로부근,승용,남,42세,경상,승용,남,38세,경상
2018092500100448,2018년 9월 25일 21시,화요일,인천광역시 연수구 연수동,경상사고,0,0,4,0,차대차 - 측면충돌,교차로운행방법위반,건조,맑음,교차로 - 교차로안,승용,여,32세,상해없음,승용,남,39세,경상
2018092500100468,2018년 9월 25일 22시,화요일,인천광역시 남동구 만수동,경상사고,0,0,3,0,차대차 - 정면충돌,신호위반,건조,맑음,교차로 - 교차로안,승용,여,55세,상해없음,승용,남,26세,경상
2018092600100019,2018년 9월 26일 00시,수요일,인천광역시 미추홀구 관교동,경상사고,0,0,2,0,차대사람 - 기타,보행자보호의무위반,건조,맑음,교차로 - 교차로횡단보도내,승합,남,54세,상해없음,보행자,남,22세,경상
2018092600100030,2018년 9월 26일 01시,수요일,인천광역시 계양구 효성동,중상사고,0,1,0,0,차대차 - 측면충돌,신호위반,건조,맑음,교차로 - 교차로안,승용,남,40세,상해없음,승용,남,68세,중상
2018092600100044,2018년 9월 26일 02시,수요일,인천광역시 남동구 구월동,사망사고,1,0,0,0,차대사람 - 횡단중,신호위반,건조,맑음,단일로 - 기타,승용,남,27세,상해없음,보행자,남,27세,사망
2018092600100194,2018년 9월 26일 13시,수요일,인천광역시 미추홀구 주안동,경상사고,0,0,1,0,차대차 - 측면충돌,차로위반,건조,맑음,단일로 - 기타,승용,남,75세,상해없음,승용,여,53세,경상