사고번호,사고일시,요일,시군구,사고내용,사망자수,중상자수,경상자수,부상신고자수,사고유형,법규위반,노면상태,기상상태,도로형태,가해운전자 차종,가해운전자 성별,가해운전자 연령,가해운전자 상해정도,피해운전자 차종,피해운전자 성별,피해운전자 연령,피해운전자 상해정도
2018092600100248,2018년 9월 26일 15시,수요일,인천광역시 서구 원창동,경상사고,0,0,3,0,차대차 - 측면충돌,안전운전불이행,건조,맑음,단일로 - 기타,화물,남,60세,상해없음,화물,남,62세,경상
2018092600100306,2018년 9월 26일 17시,수요일,인천광역시 계양구 작전동,경상사고,0,0,1,0,차대차 - 추돌,안전운전불이행,건조,맑음,단일로 - 기타,승용,남,54세,상해없음,승용,남,33세,경상
2018092600100405,2018년 9월 26일 20시,수요일,인천광역시 서구 가정동,경상사고,0,0,2,0,차대차 - 측면충돌,신호위반,건조,맑음,교차로 - 교차로안,승용,남,53세,상해없음,승용,남,55세,경상
2018092600100430,2018년 9월 26일 21시,수요일,인천광역시 부평구 부평동,중상사고,0,1,0,0,차대차 - 측면충돌,중앙선침범,건조,맑음,교차로 - 교차로부근,승용,남,53세,상해없음,이륜,남,16세,중상
2018092600100463,2018년 9월 26일 23시,수요일,인천광역시 남동구 구월동,경상사고,0,0,2,0,차대차 - 추돌,안전운전불이행,건조,맑음,단일로 - 기타,승용,남,56세,상해없음,승용,남,24세,경상
2018092700100160,2018년 9월 27일 09시,목요일,인천광역시 부평구 산곡동,경상사고,0,0,2,0,차대차 - 정면충돌,안전운전불이행,건조,맑음,교차로 - 교차로부근,승용,남,25세,상해없음,승용,남,22세,경상
2018092700100217,2018년 9월 27일 11시,목요일,인천광역시 남동구 구월동,경상사고,0,0,2,0,차대차 - 측면충돌,안전운전불이행,건조,맑음,단일로 - 기타,승용,남,67세,상해없음,이륜,남,57세,경상
2018092700100218,2018년 9월 27일 11시,목요일,인천광역시 계양구 귤현동,경상사고,0,0,2,0,차대차 - 기타,안전운전불이행,건조,맑음,교차로 - 교차로부근,승용,남,32세,상해없음,승용,남,59세,경상
2018092700100219,2018년 9월 27일 11시,목요일,인천광역시 부평구 부개동,경상사고,0,0,1,0,차대차 - 측면충돌,안전운전불이행,건조,맑음,교차로 - 교차로안,승용,남,45세,상해없음,승용,남,33세,경상
2018092700100252,2018년 9월 27일 12시,목요일,인천광역시 미추홀구 주안동,경상사고,0,0,1,0,차대사람 - 기타,안전운전불이행,건조,맑음,기타 - 기타,승용,남,26세,기타불명,보행자,여,11세,경상
2018092700100286,2018년 9월 27일 13시,목요일,인천광역시 중구 북성동2가,중상사고,0,4,2,0,차대사람 - 보도통행중,기타,건조,맑음,단일로 - 기타,승용,남,52세,중상,보행자,여,39세,경상
2018092700100287,2018년 9월 27일 13시,목요일,인천광역시 미추홀구 주안동,경상사고,0,0,1,0,차대차 - 기타,안전운전불이행,건조,맑음,단일로 - 기타,사륜오토바이(ATV),남,75세,경상,화물,남,58세,상해없음
2018092700100288,2018년 9월 27일 13시,목요일,인천광역시 계양구 계산동,경상사고,0,0,1,0,차대차 - 측면충돌,신호위반,건조,맑음,단일로 - 기타,승용,여,58세,상해없음,이륜,남,48세,경상
2018092700100374,2018년 9월 27일 15시,목요일,인천광역시 강화군 강화읍,중상사고,0,1,0,0,차대차 - 기타,안전운전불이행,건조,맑음,교차로 - 교차로부근,승용,남,62세,상해없음,이륜,남,71세,중상
2018092700100425,2018년 9월 27일 16시,목요일,인천광역시 남동구 논현동,경상사고,0,0,1,0,차대차 - 기타,신호위반,건조,맑음,교차로 - 교차로안,승용,남,49세,상해없음,승용,여,33세,경상
2018092700100467,2018년 9월 27일 17시,목요일,인천광역시 부평구 갈산동,중상사고,0,1,1,0,차대차 - 측면충돌,신호위반,건조,맑음,교차로 - 교차로안,이륜,남,48세,경상,이륜,남,48세,중상
2018092700100565,2018년 9월 27일 19시,목요일,인천광역시 연수구 선학동,경상사고,0,0,4,0,차대차 - 추돌,안전거리미확보,건조,맑음,교차로 - 교차로부근,승용,남,25세,상해없음,승용,남,29세,경상
2018092700100640,2018년 9월 27일 22시,목요일,인천광역시 미추홀구 주안동,경상사고,0,0,2,0,차대차 - 후진중충돌,안전운전불이행,건조,맑음,교차로 - 교차로부근,승합,남,59세,상해없음,승용,남,25세,경상
2018092700100659,2018년 9월 27일 23시,목요일,인천광역시 중구 남북동,중상사고,0,1,0,1,차량단독 - 기타,안전운전불이행,건조,맑음,교차로 - 교차로안,승용,남,37세,부상신고,,,,
2018092700100660,2018년 9월 27일 23시,목요일,인천광역시 서구 석남동,중상사고,0,1,1,0,차대차 - 정면충돌,신호위반,건조,맑음,교차로 - 교차로안,이륜,남,54세,중상,승용,남,62세,경상
2018092800100011,2018년 9월 28일 00시,금요일,인천광역시 남동구 구월동,경상사고,0,0,1,0,차대차 - 추돌,안전운전불이행,건조,맑음,기타 - 기타,승용,남,25세,상해없음,승용,남,46세,경상
2018092800100106,2018년 9월 28일 08시,금요일,인천광역시 부평구 부평동,중상사고,0,1,1,0,차대사람 - 횡단중,보행자보호의무위반,건조,맑음,단일로 - 기타,화물,남,37세,상해없음,보행자,여,57세,중상
2018092800100284,2018년 9월 28일 14시,금요일,인천광역시 남동구 만수동,부상신고사고,0,0,0,1,차량단독 - 전도전복 - 전도,안전운전불이행,건조,맑음,단일로 - 기타,원동기,남,17세,부상신고,미분류,미분류,미분류,미분류
2018092800100347,2018년 9월 28일 16시,금요일,인천광역시 남동구 만수동,중상사고,0,1,0,0,차대사람 - 기타,안전운전불이행,건조,맑음,단일로 - 기타,승합,남,19세,상해없음,보행자,여,79세,중상
2018092800100348,2018년 9월 28일 16시,금요일,인천광역시 남동구 고잔동,경상사고,0,0,2,0,차대차 - 측면충돌,안전운전불이행,건조,맑음,기타 - 기타,화물,남,38세,경상,특수,남,59세,경상
2018092800100385,2018년 9월 28일 17시,금요일,인천광역시 남동구 간석동,경상사고,0,0,1,0,차대사람 - 횡단중,안전운전불이행,건조,맑음,단일로 - 기타,원동기,남,21세,상해없음,보행자,남,62세,경상
2018092800100487,2018년 9월 28일 20시,금요일,인천광역시 미추홀구 주안동,부상신고사고,0,0,0,1,차대사람 - 기타,안전운전불이행,건조,맑음,단일로 - 기타,기타불명,기타불명,미분류,기타불명,보행자,여,23세,부상신고
2018092800100513,2018년 9월 28일 21시,금요일,인천광역시 부평구 부평동,경상사고,0,0,1,0,차대차 - 측면충돌,안전운전불이행,건조,맑음,단일로 - 기타,화물,남,54세,상해없음,이륜,남,53세,경상
2018092800100562,2018년 9월 28일 23시,금요일,인천광역시 계양구 작전동,경상사고,0,0,1,0,차대차 - 추돌,안전운전불이행,건조,맑음,교차로 - 교차로부근,승용,남,66세,상해없음,승용,남,62세,상해없음
2018092800100563,2018년 9월 28일 23시,금요일,인천광역시 부평구 부평동,경상사고,0,0,1,0,차대사람 - 차도통행중,안전운전불이행,건조,맑음,단일로 - 기타,승용,남,30세,상해없음,보행자,남,24세,경상
2018092800100564,2018년 9월 28일 23시,금요일,인천광역시 계양구 다남동,경상사고,0,0,2,0,차대차 - 추돌,안전운전불이행,건조,맑음,단일로 - 교량,승용,여,58세,상해없음,승용,남,47세,경상
2018092900100053,2018년 9월 29일 02시,토요일,인천광역시 서구 가정동,중상사고,0,1,1,0,차대차 - 추돌,과속,건조,맑음,단일로 - 기타,승용,남,23세,상해없음,승용,남,26세,상해없음
2018092900100079,2018년 9월 29일 04시,토요일,인천광역시 계양구 임학동,경상사고,0,0,1,1,차대차 - 측면충돌,안전운전불이행,건조,맑음,단일로 - 기타,이륜,남,17세,상해없음,승용,여,52세,경상
2018092900100096,2018년 9월 29일 05시,토요일,인천광역시 중구 항동4가,중상사고,0,1,0,0,차량단독 - 기타,안전운전불이행,건조,맑음,단일로 - 기타,이륜,남,29세,중상,,,,
2018092900100108,2018년 9월 29일 06시,토요일,인천광역시 서구 석남동,경상사고,0,0,1,0,차대차 - 측면충돌,안전운전불이행,건조,맑음,교차로 - 교차로부근,승용,남,61세,경상,승용,남,66세,상해없음
2018092900100134,2018년 9월 29일 08시,토요일,인천광역시 미추홀구 주안동,경상사고,0,0,1,0,차대차 - 측면충돌,중앙선침범,건조,맑음,단일로 - 기타,자전거,남,61세,경상,승용,남,20세,상해없음
2018092900100135,2018년 9월 29일 08시,토요일,인천광역시 남동구 간석동,경상사고,0,0,1,0,차대차 - 추돌,안전운전불이행,건조,맑음,교차로 - 교차로부근,승용,여,30세,상해없음,이륜,남,27세,경상
2018092900100160,2018년 9월 29일 09시,토요일,인천광역시 남동구 간석동,중상사고,0,1,0,0,차대차 - 기타,안전운전불이행,건조,맑음,교차로 - 교차로안,화물,남,47세,상해없음,승용,여,28세,중상
2018092900100208,2018년 9월 29일 10시,토요일,인천광역시 부평구 청천동,경상사고,0,0,1,0,차대사람 - 횡단중,보행자보호의무위반,건조,맑음,교차로 - 교차로안,화물,남,31세,상해없음,보행자,여,21세,경상
2018092900100209,2018년 9월 29일 10시,토요일,인천광역시 부평구 청천동,경상사고,0,0,1,0,차대차 - 기타,신호위반,건조,맑음,교차로 - 교차로안,승용,남,27세,상해없음,이륜,남,28세,경상
2018092900100239,2018년 9월 29일 11시,토요일,인천광역시 남동구 만수동,중상사고,0,1,0,0,차대사람 - 횡단중,보행자보호의무위반,건조,맑음,교차로 - 교차로안,승용,남,39세,상해없음,보행자,여,69세,중상
2018092900100240,2018년 9월 29일 11시,토요일,인천광역시 강화군 서도면,중상사고,0,3,1,3,차량단독 - 전도전복 - 전복,안전운전불이행,건조,맑음,교차로 - 교차로부근,농기계,남,70세,상해없음,미분류,미분류,미분류,미분류
2018092900100313,2018년 9월 29일 13시,토요일,인천광역시 서구 오류동,중상사고,0,1,0,0,차대사람 - 횡단중,신호위반,건조,맑음,교차로 - 교차로부근,화물,남,50세,상해없음,보행자,남,47세,중상
2018092900100342,2018년 9월 29일 14시,토요일,인천광역시 미추홀구 숭의동,중상사고,0,1,0,0,차대차 - 측면충돌,신호위반,건조,맑음,교차로 - 교차로안,승합,여,52세,상해없음,이륜,남,54세,중상
2018092900100402,2018년 9월 29일 16시,토요일,인천광역시 중구 덕교동,중상사고,0,1,1,0,차대사람 - 횡단중,안전운전불이행,건조,맑음,단일로 - 기타,승용,여,38세,상해없음,보행자,여,56세,중상
2018092900100403,2018년 9월 29일 16시,토요일,인천광역시 중구 신흥동3가,경상사고,0,0,2,0,차대차 - 측면충돌,안전운전불이행,건조,맑음,단일로 - 기타,건설기계,남,38세,상해없음,승용,남,44세,경상
2018092900100404,2018년 9월 29일 16시,토요일,인천광역시 남동구 간석동,경상사고,0,0,1,0,차대차 - 기타,안전운전불이행,건조,맑음,기타 - 기타,승용,여,36세,상해없음,승용,남,29세,경상
2018092900100405,2018년 9월 29일 16시,토요일,인천광역시 계양구 귤현동,경상사고,0,0,3,0,차대차 - 기타,안전거리미확보,건조,맑음,단일로 - 기타,승용,여,51세,상해없음,승용,남,37세,경상
2018092900100518,2018년 9월 29일 19시,토요일,인천광역시 남동구 구월동,경상사고,0,0,1,0,차대차 - 추돌,안전운전불이행,건조,맑음,교차로 - 교차로부근,승용,남,25세,상해없음,이륜,남,18세,경상
2018092900100546,2018년 9월 29일 20시,토요일,인천광역시 강화군 화도면,경상사고,0,0,2,0,차대차 - 측면충돌,중앙선침범,건조,맑음,단일로 - 기타,화물,남,53세,기타불명,승용,남,68세,경상
2018092900100547,2018년 9월 29일 20시,토요일,인천광역시 연수구 송도동,경상사고,0,0,1,0,차대차 - 측면충돌,안전운전불이행,건조,맑음,단일로 - 기타,승용,여,59세,상해없음,원동기,남,30세,경상
2018093000100025,2018년 9월 30일 01시,일요일,인천광역시 부평구 부평동,중상사고,0,1,0,0,차대사람 - 횡단중,안전운전불이행,건조,맑음,단일로 - 기타,승용,남,37세,상해없음,보행자,남,55세,중상
2018093000100026,2018년 9월 30일 01시,일요일,인천광역시 남동구 구월동,중상사고,0,2,3,0,차대차 - 기타,신호위반,건조,맑음,교차로 - 교차로안,승용,남,70세,상해없음,승용,여,22세,중상
2018093000100080,2018년 9월 30일 07시,일요일,인천광역시 미추홀구 학익동,중상사고,0,2,1,0,차대차 - 기타,신호위반,건조,맑음,교차로 - 교차로안,승용,남,58세,경상,승용,남,23세,중상
2018093000100081,2018년 9월 30일 07시,일요일,인천광역시 부평구 부평동,경상사고,0,0,1,0,차대사람 - 기타,신호위반,건조,맑음,기타 - 기타,승용,남,23세,기타불명,보행자,남,21세,경상
2018093000100082,2018년 9월 30일 07시,일요일,인천광역시 남동구 남촌동,경상사고,0,0,1,0,차대차 - 추돌,안전거리미확보,건조,맑음,단일로 - 기타,승용,남,62세,상해없음,화물,남,55세,경상
2018093000100103,2018년 9월 30일 08시,일요일,인천광역시 서구 원창동,중상사고,0,1,0,0,차대차 - 추돌,안전운전불이행,건조,맑음,교차로 - 교차로횡단보도내,승용,여,54세,상해없음,자전거,남,61세,중상
2018093000100121,2018년 9월 30일 09시,일요일,인천광역시 계양구 계산동,부상신고사고,0,0,0,1,차대사람 - 기타,기타,건조,맑음,단일로 - 기타,승합,남,44세,상해없음,보행자,여,65세,부상신고
2018093000100138,2018년 9월 30일 10시,일요일,인천광역시 계양구 계산동,중상사고,0,1,0,0,차대사람 - 보도통행중,안전운전불이행,건조,맑음,단일로 - 기타,승용,남,51세,상해없음,보행자,남,17세,중상
2018093000100187,2018년 9월 30일 12시,일요일,인천광역시 남동구 만수동,경상사고,0,0,5,0,차대차 - 추돌,안전운전불이행,건조,맑음,단일로 - 기타,화물,남,55세,상해없음,승용,남,40세,경상
2018093000100256,2018년 9월 30일 14시,일요일,인천광역시 동구 송현동,부상신고사고,0,0,0,1,차대차 - 기타,교차로운행방법위반,건조,맑음,교차로 - 교차로안,이륜,여,32세,부상신고,승용,여,46세,상해없음
2018093000100257,2018년 9월 30일 14시,일요일,인천광역시 부평구 부평동,경상사고,0,0,1,0,차대차 - 기타,신호위반,건조,맑음,교차로 - 교차로횡단보도내,기타불명,기타불명,미분류,기타불명,자전거,남,10세,경상
2018093000100258,2018년 9월 30일 14시,일요일,인천광역시 부평구 청천동,경상사고,0,0,2,0,차대차 - 추돌,안전운전불이행,건조,맑음,교차로 - 교차로부근,승용,여,50세,상해없음,승용,여,31세,경상
2018093000100259,2018년 9월 30일 14시,일요일,인천광역시 남동구 논현동,중상사고,0,1,0,0,차대차 - 측면충돌,안전운전불이행,건조,맑음,교차로 - 교차로부근,승용,여,45세,상해없음,승용,남,31세,중상
2018093000100327,2018년 9월 30일 16시,일요일,인천광역시 중구 중산동,경상사고,0,0,1,0,차대사람 - 기타,안전운전불이행,건조,맑음,기타 - 기타,승용,남,49세,상해없음,보행자,남,53세,경상
2018093000100328,2018년 9월 30일 16시,일요일,인천광역시 남동구 만수동,경상사고,0,0,1,0,차대사람 - 횡단중,안전운전불이행,건조,맑음,단일로 - 기타,승용,남,58세,상해없음,보행자,남,7세,경상
2018093000100366,2018년 9월 30일 17시,일요일,인천광역시 동구 송림동,중상사고,0,1,1,0,차대차 - 정면충돌,신호위반,건조,맑음,교차로 - 교차로안,승용,남,56세,상해없음,승용,남,49세,경상
2018093000100434,2018년 9월 30일 19시,일요일,인천광역시 남동구 장수동,경상사고,0,0,1,0,차대차 - 추돌,안전운전불이행,건조,맑음,단일로 - 기타,승용,여,28세,상해없음,승용,남,32세,경상
2018093000100461,2018년 9월 30일 20시,일요일,인천광역시 미추홀구 주안동,중상사고,0,1,0,0,차대차 - 측면충돌,신호위반,건조,맑음,교차로 - 교차로안,승용,여,42세,상해없음,이륜,남,49세,중상
2018093000100462,2018년 9월 30일 20시,일요일,인천광역시 부평구 일신동,중상사고,0,1,1,0,차대차 - 측면충돌,차로위반,건조,맑음,단일로 - 기타,승용,남,67세,상해없음,화물,여,55세,중상
2018093000100481,2018년 9월 30일 21시,일요일,인천광역시 남동구 구월동,경상사고,0,0,1,0,차대차 - 기타,안전거리미확보,건조,맑음,단일로 - 기타,승합,남,47세,상해없음,승합,남,60세,상해없음
2018093000100498,2018년 9월 30일 22시,일요일,인천광역시 부평구 부평동,경상사고,0,0,1,0,차대차 - 정면충돌,신호위반,건조,맑음,교차로 - 교차로안,이륜,남,16세,상해없음,승용,남,57세,상해없음
2018093000100499,2018년 9월 30일 22시,일요일,인천광역시 부평구 부개동,경상사고,0,0,2,0,차대차 - 정면충돌,중앙선침범,건조,맑음,단일로 - 기타,승용,남,58세,상해없음,승용,남,46세,경상
2018093000100514,2018년 9월 30일 23시,일요일,인천광역시 미추홀구 주안동,경상사고,0,0,1,0,차대차 - 추돌,안전운전불이행,건조,맑음,교차로 - 교차로부근,승용,남,36세,상해없음,승용,남,62세,경상
2018093000100515,2018년 9월 30일 23시,일요일,인천광역시 미추홀구 용현동,중상사고,0,1,0,0,차대사람 - 횡단중,안전운전불이행,건조,맑음,단일로 - 기타,기타불명,기타불명,미분류,기타불명,보행자,남,56세,중상
2018100100100046,2018년 10월 1일 05시,월요일,인천광역시 서구 연희동,경상사고,0,0,2,0,차대차 - 측면충돌,중앙선침범,건조,맑음,단일로 - 기타,승용,남,24세,상해없음,승용,여,52세,경상
2018100100100075,2018년 10월 1일 07시,월요일,인천광역시 부평구 청천동,부상신고사고,0,0,0,1,차대사람 - 기타,안전운전불이행,건조,맑음,교차로 - 교차로부근,승용,남,40세,상해없음,보행자,남,9세,부상신고
2018100100100120,2018년 10월 1일 08시,월요일,인천광역시 부평구 십정동,경상사고,0,0,1,0,차대차 - 기타,안전운전불이행,건조,맑음,교차로 - 교차로안,승용,여,32세,상해없음,승용,남,31세,경상
2018100100100121,2018년 10월 1일 08시,월요일,인천광역시 서구 가좌동,경상사고,0,0,1,0,차대차 - 추돌,안전운전불이행,건조,맑음,교차로 - 교차로부근,화물,남,55세,상해없음,승용,남,36세,경상
2018100100100122,2018년 10월 1일 08시,월요일,인천광역시 연수구 송도동,경상사고,0,0,1,0,차대차 - 측면충돌,기타,건조,맑음,기타 - 기타,승용,남,49세,상해없음,자전거,여,16세,경상
2018100100100153,2018년 10월 1일 09시,월요일,인천광역시 미추홀구 숭의동,경상사고,0,0,1,1,차대차 - 기타,안전운전불이행,건조,맑음,단일로 - 기타,승합,여,55세,부상신고,승용,남,50세,경상
2018100100100154,2018년 10월 1일 09시,월요일,인천광역시 서구 청라동,경상사고,0,0,2,0,차대차 - 기타,안전운전불이행,건조,맑음,교차로 - 교차로부근,승용,여,59세,경상,승용,남,60세,경상
2018100100100195,2018년 10월 1일 10시,월요일,인천광역시 서구 가좌동,경상사고,0,0,3,0,차대차 - 정면충돌,안전운전불이행,건조,맑음,교차로 - 교차로안,승용,남,52세,상해없음,승용,남,20세,경상
2018100100100196,2018년 10월 1일 10시,월요일,인천광역시 남동구 도림동,경상사고,0,0,1,0,차대차 - 측면충돌,신호위반,건조,맑음,기타 - 기타,승용,여,78세,상해없음,승용,남,30세,경상
2018100100100216,2018년 10월 1일 11시,월요일,인천광역시 부평구 부평동,경상사고,0,0,1,0,차대차 - 기타,안전운전불이행,건조,맑음,단일로 - 기타,화물,남,36세,상해없음,승합,남,58세,경상
2018100100100249,2018년 10월 1일 12시,월요일,인천광역시 남동구 서창동,중상사고,0,1,0,0,차대사람 - 횡단중,안전운전불이행,건조,맑음,단일로 - 기타,승합,남,59세,상해없음,보행자,남,6세,중상
2018100100100292,2018년 10월 1일 13시,월요일,인천광역시 중구 운서동,경상사고,0,0,1,0,차대차 - 측면충돌,안전운전불이행,건조,맑음,단일로 - 기타,승용,남,42세,상해없음,승용,여,45세,경상
2018100100100293,2018년 10월 1일 13시,월요일,인천광역시 강화군 길상면,부상신고사고,0,0,0,4,차대차 - 추돌,안전운전불이행,건조,맑음,교차로 - 교차로부근,승용,여,53세,상해없음,승용,남,46세,부상신고
2018100100100294,2018년 10월 1일 13시,월요일,인천광역시 연수구 연수동,중상사고,0,1,0,0,차대차 - 측면충돌,안전거리미확보,건조,맑음,단일로 - 기타,승용,여,68세,상해없음,승용,남,64세,중상
2018100100100295,2018년 10월 1일 13시,월요일,인천광역시 부평구 삼산동,경상사고,0,0,1,0,차대차 - 측면충돌,안전운전불이행,건조,맑음,단일로 - 기타,승용,남,46세,상해없음,승용,여,42세,경상
2018100100100335,2018년 10월 1일 14시,월요일,인천광역시 부평구 부평동,경상사고,0,0,1,0,차대사람 - 기타,안전운전불이행,건조,흐림,단일로 - 기타,승용,남,63세,상해없음,보행자,여,61세,경상
2018100100100363,2018년 10월 1일 15시,월요일,인천광역시 옹진군 영흥면,중상사고,0,2,1,0,차대차 - 측면충돌,중앙선침범,건조,맑음,단일로 - 기타,건설기계,남,50세,중상,승용,남,34세,중상
2018100100100364,2018년 10월 1일 15시,월요일,인천광역시 계양구 용종동,경상사고,0,0,1,0,차대차 - 기타,안전운전불이행,건조,맑음,단일로 - 기타,승용,남,40세,상해없음,자전거,남,12세,경상
2018100100100365,2018년 10월 1일 15시,월요일,인천광역시 계양구 장기동,경상사고,0,0,1,0,차대차 - 측면충돌,차로위반,건조,맑음,교차로 - 교차로부근,승용,남,70세,기타불명,승용,여,52세,경상
2018100100100406,2018년 10월 1일 16시,월요일,인천광역시 중구 신흥동3가,경상사고,0,0,2,0,차대차 - 측면충돌,신호위반,건조,맑음,단일로 - 기타,승용,남,79세,경상,승용,남,54세,경상
2018100100100407,2018년 10월 1일 16시,월요일,인천광역시 미추홀구 숭의동,중상사고,0,1,0,0,차대차 - 측면충돌,신호위반,건조,맑음,교차로 - 교차로안,승합,여,55세,상해없음,이륜,남,33세,중상
2018100100100453,2018년 10월 1일 17시,월요일,인천광역시 계양구 작전동,경상사고,0,0,2,0,차대차 - 측면충돌,신호위반,건조,맑음,교차로 - 교차로안,승용,남,61세,상해없음,승용,여,60세,경상
2018100100100497,2018년 10월 1일 18시,월요일,인천광역시 연수구 동춘동,경상사고,0,0,1,0,차대차 - 추돌,안전운전불이행,건조,맑음,교차로 - 교차로부근,승용,여,38세,상해없음,승용,여,42세,경상
2018100100100563,2018년 10월 1일 20시,월요일,인천광역시 서구 시천동,중상사고,0,1,0,0,차대차 - 추돌,안전운전불이행,건조,맑음,단일로 - 기타,승용,남,58세,상해없음,농기계,남,68세,중상
2018100100100590,2018년 10월 1일 21시,월요일,인천광역시 서구 경서동,사망사고,1,0,0,0,차대사람 - 차도통행중,안전운전불이행,건조,맑음,단일로 - 기타,승용,여,27세,상해없음,보행자,남,76세,사망
2018100200100061,2018년 10월 2일 06시,화요일,인천광역시 미추홀구 학익동,경상사고,0,0,1,0,차대차 - 측면충돌,차로위반,건조,맑음,기타 - 기타,특수,남,52세,상해없음,승용,여,31세,경상
2018100200100132,2018년 10월 2일 08시,화요일,인천광역시 계양구 갈현동,중상사고,0,1,0,0,차대차 - 정면충돌,교차로운행방법위반,건조,맑음,교차로 - 교차로안,승용,남,28세,상해없음,이륜,남,37세,중상
2018100200100133,2018년 10월 2일 08시,화요일,인천광역시 계양구 작전동,중상사고,0,1,0,0,차대사람 - 횡단중,안전운전불이행,건조,맑음,단일로 - 기타,승용,여,59세,기타불명,보행자,여,53세,중상
2018100200100134,2018년 10월 2일 08시,화요일,인천광역시 남동구 서창동,경상사고,0,0,1,0,차대차 - 기타,안전운전불이행,건조,맑음,단일로 - 기타,승용,여,25세,상해없음,승용,여,42세,경상
2018100200100244,2018년 10월 2일 11시,화요일,인천광역시 미추홀구 주안동,경상사고,0,0,2,0,차대차 - 기타,신호위반,건조,맑음,교차로 - 교차로안,승용,남,30세,경상,원동기,남,17세,경상
2018100200100278,2018년 10월 2일 12시,화요일,인천광역시 서구 가정동,중상사고,0,1,0,0,차대차 - 측면충돌,신호위반,건조,맑음,교차로 - 교차로안,승용,여,49세,상해없음,승용,남,55세,중상
2018100200100279,2018년 10월 2일 12시,화요일,인천광역시 연수구 동춘동,경상사고,0,0,1,0,차대차 - 측면충돌,안전운전불이행,건조,맑음,교차로 - 교차로횡단보도내,승합,남,58세,상해없음,자전거,남,48세,경상
2018100200100307,2018년 10월 2일 13시,화요일,인천광역시 부평구 부평동,경상사고,0,0,1,0,차대사람 - 기타,안전운전불이행,건조,맑음,단일로 - 기타,승합,남,68세,상해없음,보행자,남,50세,경상
2018100200100308,2018년 10월 2일 13시,화요일,인천광역시 강화군 양도면,경상사고,0,0,1,0,차대사람 - 기타,안전운전불이행,건조,맑음,주차장 - 주차장,화물,남,54세,상해없음,보행자,남,5세,경상
2018100200100309,2018년 10월 2일 13시,화요일,인천광역시 부평구 갈산동,경상사고,0,0,1,0,차대차 - 기타,안전운전불이행,건조,맑음,단일로 - 기타,승용,남,54세,상해없음,승합,남,41세,상해없음
2018100200100376,2018년 10월 2일 15시,화요일,인천광역시 부평구 부평동,중상사고,0,1,0,0,차대차 - 기타,안전운전불이행,건조,맑음,교차로 - 교차로안,화물,남,48세,상해없음,자전거,남,72세,중상
2018100200100417,2018년 10월 2일 16시,화요일,인천광역시 부평구 일신동,경상사고,0,0,2,0,차대차 - 추돌,안전운전불이행,건조,맑음,기타 - 기타,승용,남,28세,상해없음,승용,여,53세,경상
2018100200100452,2018년 10월 2일 17시,화요일,인천광역시 미추홀구 주안동,중상사고,0,1,1,0,차대차 - 측면충돌,직진우회전진행방해,건조,맑음,교차로 - 교차로안,승용,여,31세,상해없음,승용,남,18세,경상
2018100200100512,2018년 10월 2일 18시,화요일,인천광역시 연수구 청학동,중상사고,0,1,2,0,차대차 - 측면충돌,교차로운행방법위반,건조,맑음,단일로 - 기타,승용,여,49세,상해없음,승용,여,61세,중상
2018100200100561,2018년 10월 2일 19시,화요일,인천광역시 남동구 논현동,중상사고,0,1,0,0,차대차 - 기타,신호위반,건조,맑음,교차로 - 교차로안,승용,남,59세,상해없음,이륜,남,59세,중상
2018100200100562,2018년 10월 2일 19시,화요일,인천광역시 남동구 수산동,경상사고,0,0,1,0,차대차 - 추돌,안전운전불이행,건조,맑음,단일로 - 기타,화물,남,27세,상해없음,승용,남,37세,경상
2018100200100601,2018년 10월 2일 20시,화요일,인천광역시 남동구 만수동,경상사고,0,0,1,0,차대차 - 기타,안전운전불이행,건조,맑음,단일로 - 기타,기타불명,기타불명,미분류,기타불명,이륜,남,22세,경상
2018100200100631,2018년 10월 2일 21시,화요일,인천광역시 연수구 옥련동,중상사고,0,1,0,0,차대사람 - 횡단중,신호위반,건조,맑음,교차로 - 교차로횡단보도내,승용,남,49세,상해없음,보행자,여,55세,중상
2018100200100686,2018년 10월 2일 23시,화요일,인천광역시 남동구 간석동,경상사고,0,0,1,0,차대사람 - 횡단중,중앙선침범,건조,맑음,기타 - 기타,승용,남,27세,상해없음,보행자,남,46세,경상
2018100200100687,2018년 10월 2일 23시,화요일,인천광역시 부평구 부평동,경상사고,0,0,1,0,차대차 - 측면충돌,신호위반,건조,맑음,교차로 - 교차로안,자전거,남,22세,경상,승용,남,57세,상해없음
2018100300100034,2018년 10월 3일 01시,수요일,인천광역시 미추홀구 주안동,경상사고,0,0,1,0,차대사람 - 기타,안전운전불이행,건조,맑음,기타 - 기타,승용,남,29세,상해없음,보행자,여,80세,경상
2018100300100053,2018년 10월 3일 02시,수요일,인천광역시 미추홀구 학익동,부상신고사고,0,0,0,1,차대사람 - 기타,안전운전불이행,기타,기타,단일로 - 기타,승용,남,59세,상해없음,보행자,남,43세,부상신고
2018100300100054,2018년 10월 3일 02시,수요일,인천광역시 부평구 청천동,사망사고,1,1,7,0,차대차 - 추돌,안전운전불이행,건조,맑음,단일로 - 기타,승용,남,30세,경상,승용,여,55세,사망