사고번호,사고일시,요일,시군구,사고내용,사망자수,중상자수,경상자수,부상신고자수,사고유형,법규위반,노면상태,기상상태,도로형태,가해운전자 차종,가해운전자 성별,가해운전자 연령,가해운전자 상해정도,피해운전자 차종,피해운전자 성별,피해운전자 연령,피해운전자 상해정도
2018100300100055,2018년 10월 3일 02시,수요일,인천광역시 남동구 서창동,경상사고,0,0,1,0,차대차 - 추돌,안전운전불이행,건조,맑음,단일로 - 기타,기타불명,기타불명,미분류,기타불명,승용,남,49세,경상
2018100300100070,2018년 10월 3일 03시,수요일,인천광역시 서구 심곡동,중상사고,0,1,0,0,차대사람 - 기타,안전운전불이행,건조,맑음,교차로 - 교차로부근,기타불명,기타불명,미분류,기타불명,보행자,여,28세,중상
2018100300100071,2018년 10월 3일 03시,수요일,인천광역시 연수구 동춘동,경상사고,0,0,1,0,차대차 - 추돌,안전운전불이행,건조,맑음,단일로 - 기타,이륜,남,17세,경상,승용,남,44세,상해없음
2018100300100084,2018년 10월 3일 04시,수요일,인천광역시 부평구 삼산동,경상사고,0,0,2,0,차대사람 - 차도통행중,안전운전불이행,건조,맑음,단일로 - 기타,승용,남,59세,상해없음,보행자,남,30세,경상
2018100300100097,2018년 10월 3일 05시,수요일,인천광역시 부평구 구산동,중상사고,0,2,0,0,차대차 - 측면충돌,신호위반,건조,맑음,교차로 - 교차로안,승용,여,54세,상해없음,승용,남,63세,중상
2018100300100098,2018년 10월 3일 05시,수요일,인천광역시 계양구 노오지동,경상사고,0,0,1,0,차대차 - 추돌,안전운전불이행,건조,맑음,기타 - 기타,승용,남,67세,경상,기타불명,기타불명,미분류,기타불명
2018100300100280,2018년 10월 3일 13시,수요일,인천광역시 남동구 간석동,경상사고,0,0,1,0,차대차 - 측면충돌,신호위반,건조,맑음,교차로 - 교차로안,승용,여,50세,상해없음,이륜,남,28세,경상
2018100300100281,2018년 10월 3일 13시,수요일,인천광역시 강화군 양사면,중상사고,0,2,0,0,차대차 - 측면충돌,중앙선침범,건조,맑음,단일로 - 기타,승용,남,77세,상해없음,승용,남,64세,중상
2018100300100315,2018년 10월 3일 14시,수요일,인천광역시 남동구 구월동,경상사고,0,0,1,0,차대차 - 기타,안전운전불이행,건조,맑음,기타 - 기타,승용,남,69세,상해없음,승용,여,63세,경상
2018100300100381,2018년 10월 3일 16시,수요일,인천광역시 동구 송림동,경상사고,0,0,1,0,차대차 - 측면충돌,신호위반,건조,맑음,교차로 - 교차로안,승합,남,40세,상해없음,승용,남,18세,경상
2018100300100431,2018년 10월 3일 17시,수요일,인천광역시 남동구 장수동,경상사고,0,0,2,0,차대차 - 측면충돌,안전운전불이행,건조,맑음,교차로 - 교차로부근,승용,여,61세,경상,특수,남,44세,경상
2018100300100508,2018년 10월 3일 19시,수요일,인천광역시 남동구 간석동,경상사고,0,0,1,0,차량단독 - 기타,안전운전불이행,건조,맑음,단일로 - 기타,승용,남,59세,상해없음,,,,
2018100400100027,2018년 10월 4일 02시,목요일,인천광역시 미추홀구 주안동,중상사고,0,1,2,0,차대차 - 측면충돌,신호위반,건조,맑음,교차로 - 교차로안,승용,남,35세,경상,승용,남,46세,중상
2018100400100028,2018년 10월 4일 02시,목요일,인천광역시 서구 마전동,중상사고,0,1,0,0,차대사람 - 횡단중,안전운전불이행,건조,맑음,교차로 - 교차로부근,승용,남,22세,상해없음,보행자,남,60세,중상
2018100400100034,2018년 10월 4일 03시,목요일,인천광역시 남동구 간석동,중상사고,0,1,0,0,차대차 - 측면충돌,신호위반,건조,맑음,교차로 - 교차로안,승용,남,63세,상해없음,승용,남,44세,중상
2018100400100055,2018년 10월 4일 05시,목요일,인천광역시 서구 가정동,경상사고,0,0,1,0,차대차 - 측면충돌,안전운전불이행,건조,맑음,교차로 - 교차로부근,승용,여,37세,상해없음,승용,남,59세,경상
2018100400100090,2018년 10월 4일 07시,목요일,인천광역시 미추홀구 주안동,경상사고,0,0,1,0,차대차 - 측면충돌,과속,건조,맑음,교차로 - 교차로부근,승용,남,20세,기타불명,승용,남,43세,경상
2018100400100143,2018년 10월 4일 08시,목요일,인천광역시 중구 인현동,경상사고,0,0,1,0,차대차 - 측면충돌,교차로운행방법위반,건조,맑음,교차로 - 교차로부근,승용,여,40세,상해없음,승용,남,70세,경상
2018100400100144,2018년 10월 4일 08시,목요일,인천광역시 남동구 간석동,중상사고,0,1,0,0,차대사람 - 횡단중,보행자보호의무위반,건조,맑음,단일로 - 기타,승용,남,58세,상해없음,보행자,여,59세,중상
2018100400100145,2018년 10월 4일 08시,목요일,인천광역시 서구 가좌동,경상사고,0,0,1,0,차대사람 - 횡단중,보행자보호의무위반,건조,맑음,교차로 - 교차로안,승용,남,61세,상해없음,보행자,여,27세,경상
2018100400100188,2018년 10월 4일 09시,목요일,인천광역시 중구 신흥동3가,중상사고,0,1,2,0,차대차 - 추돌,안전운전불이행,건조,맑음,교차로 - 교차로부근,특수,남,53세,상해없음,화물,남,57세,중상
2018100400100189,2018년 10월 4일 09시,목요일,인천광역시 남동구 구월동,중상사고,0,1,1,0,차대차 - 기타,안전운전불이행,건조,맑음,단일로 - 기타,승용,남,33세,상해없음,승합,남,56세,기타불명
2018100400100190,2018년 10월 4일 09시,목요일,인천광역시 연수구 송도동,경상사고,0,0,1,0,차대차 - 기타,안전운전불이행,건조,맑음,교차로 - 교차로부근,승용,여,64세,상해없음,승용,여,30세,경상
2018100400100191,2018년 10월 4일 09시,목요일,인천광역시 남동구 논현동,경상사고,0,0,1,0,차대차 - 기타,안전운전불이행,건조,맑음,기타 - 기타,승용,남,53세,상해없음,승용,남,38세,경상
2018100400100233,2018년 10월 4일 10시,목요일,인천광역시 부평구 부개동,중상사고,0,2,0,0,차대차 - 기타,신호위반,건조,맑음,교차로 - 교차로안,화물,남,53세,상해없음,화물,남,62세,중상
2018100400100265,2018년 10월 4일 11시,목요일,인천광역시 계양구 귤현동,경상사고,0,0,1,0,차대사람 - 기타,기타,건조,맑음,단일로 - 기타,승합,남,62세,상해없음,보행자,여,66세,경상
2018100400100372,2018년 10월 4일 14시,목요일,인천광역시 부평구 산곡동,경상사고,0,0,1,0,차대차 - 기타,안전운전불이행,건조,맑음,단일로 - 기타,승합,남,52세,상해없음,승용,남,59세,상해없음
2018100400100373,2018년 10월 4일 14시,목요일,인천광역시 남동구 고잔동,경상사고,0,0,1,2,차대차 - 측면충돌,교차로운행방법위반,건조,맑음,교차로 - 교차로안,승용,남,70세,상해없음,승용,남,64세,부상신고
2018100400100472,2018년 10월 4일 17시,목요일,인천광역시 옹진군 백령면,부상신고사고,0,0,0,1,차량단독 - 공작물충돌,안전운전불이행,건조,맑음,단일로 - 기타,이륜,남,51세,부상신고,,,,
2018100400100474,2018년 10월 4일 17시,목요일,인천광역시 연수구 송도동,경상사고,0,0,1,0,차대차 - 기타,기타,건조,맑음,단일로 - 교량,화물,남,51세,상해없음,승용,여,37세,경상
2018100400100535,2018년 10월 4일 18시,목요일,인천광역시 미추홀구 숭의동,경상사고,0,0,2,0,차대차 - 기타,안전운전불이행,건조,맑음,단일로 - 기타,승용,여,51세,상해없음,승합,남,56세,상해없음
2018100400100536,2018년 10월 4일 18시,목요일,인천광역시 남동구 간석동,경상사고,0,0,1,0,차대차 - 추돌,안전운전불이행,건조,맑음,기타 - 기타,승용,남,33세,상해없음,화물,남,37세,경상
2018100400100585,2018년 10월 4일 19시,목요일,인천광역시 중구 운서동,경상사고,0,0,1,0,차대차 - 추돌,안전운전불이행,건조,맑음,교차로 - 교차로안,이륜,남,62세,상해없음,승용,여,24세,경상
2018100400100586,2018년 10월 4일 19시,목요일,인천광역시 중구 운서동,경상사고,0,0,1,0,차대차 - 측면충돌,안전운전불이행,건조,맑음,단일로 - 기타,승용,남,28세,상해없음,승용,여,52세,경상
2018100400100587,2018년 10월 4일 19시,목요일,인천광역시 남동구 남촌동,경상사고,0,0,1,0,차대차 - 추돌,안전운전불이행,건조,맑음,단일로 - 기타,승용,여,35세,상해없음,승용,여,26세,경상
2018100400100588,2018년 10월 4일 19시,목요일,인천광역시 남동구 고잔동,중상사고,0,1,0,0,차대사람 - 횡단중,보행자보호의무위반,건조,맑음,교차로 - 교차로부근,승용,남,51세,상해없음,보행자,여,38세,중상
2018100400100664,2018년 10월 4일 21시,목요일,인천광역시 남동구 구월동,경상사고,0,0,1,0,차대차 - 측면충돌,안전운전불이행,건조,맑음,교차로 - 교차로안,승용,여,32세,상해없음,승용,남,56세,경상
2018100400100699,2018년 10월 4일 22시,목요일,인천광역시 미추홀구 주안동,중상사고,0,1,1,0,차대차 - 추돌,안전운전불이행,건조,맑음,교차로 - 교차로부근,승용,남,62세,상해없음,승용,남,50세,상해없음
2018100400100726,2018년 10월 4일 23시,목요일,인천광역시 미추홀구 도화동,경상사고,0,0,3,0,차대차 - 측면충돌,안전운전불이행,건조,맑음,단일로 - 기타,승용,남,47세,경상,승용,남,21세,경상
2018100500100025,2018년 10월 5일 01시,금요일,인천광역시 중구 운서동,중상사고,0,1,0,0,차량단독 - 전도전복 - 전도,안전운전불이행,건조,맑음,단일로 - 기타,이륜,남,25세,중상,미분류,미분류,미분류,미분류
2018100500100026,2018년 10월 5일 01시,금요일,인천광역시 미추홀구 주안동,중상사고,0,1,1,0,차대차 - 측면충돌,안전운전불이행,건조,맑음,교차로 - 교차로안,승용,남,23세,상해없음,승용,남,49세,중상
2018100500100069,2018년 10월 5일 05시,금요일,인천광역시 서구 석남동,경상사고,0,0,1,0,차대사람 - 횡단중,안전운전불이행,건조,맑음,단일로 - 기타,승용,남,63세,상해없음,보행자,남,55세,경상
2018100500100261,2018년 10월 5일 11시,금요일,인천광역시 미추홀구 학익동,사망사고,1,0,0,0,차대차 - 기타,중앙선침범,젖음/습기,비,단일로 - 기타,화물,남,39세,상해없음,특수,남,62세,사망
2018100500100262,2018년 10월 5일 11시,금요일,인천광역시 미추홀구 용현동,중상사고,0,1,0,0,차대사람 - 기타,안전운전불이행,젖음/습기,비,단일로 - 기타,이륜,남,25세,기타불명,보행자,여,66세,중상
2018100500100295,2018년 10월 5일 12시,금요일,인천광역시 남동구 구월동,부상신고사고,0,0,0,1,차대차 - 측면충돌,안전운전불이행,젖음/습기,비,교차로 - 교차로안,이륜,남,19세,부상신고,승용,남,49세,상해없음
2018100500100430,2018년 10월 5일 15시,금요일,인천광역시 부평구 십정동,경상사고,0,0,1,0,차대차 - 기타,안전운전불이행,건조,맑음,단일로 - 기타,화물,남,51세,상해없음,승용,남,21세,경상
2018100500100431,2018년 10월 5일 15시,금요일,인천광역시 남동구 간석동,경상사고,0,0,1,1,차대차 - 측면충돌,안전운전불이행,젖음/습기,비,단일로 - 기타,승용,남,75세,상해없음,승용,여,36세,경상
2018100500100432,2018년 10월 5일 15시,금요일,인천광역시 남동구 서창동,경상사고,0,0,1,0,차대차 - 기타,안전거리미확보,젖음/습기,비,교차로 - 교차로부근,화물,남,47세,상해없음,승합,남,54세,상해없음
2018100500100522,2018년 10월 5일 17시,금요일,인천광역시 강화군 선원면,경상사고,0,0,2,0,차대차 - 측면충돌,중앙선침범,젖음/습기,비,교차로 - 교차로안,승용,여,46세,상해없음,승용,여,51세,경상
2018100500100601,2018년 10월 5일 18시,금요일,인천광역시 부평구 부평동,중상사고,0,1,0,0,차대사람 - 기타,신호위반,젖음/습기,비,단일로 - 기타,승용,남,61세,상해없음,보행자,여,73세,중상
2018100500100602,2018년 10월 5일 18시,금요일,인천광역시 남동구 구월동,부상신고사고,0,0,0,1,차량단독 - 공작물충돌,안전운전불이행,젖음/습기,비,교차로 - 교차로안,이륜,남,51세,부상신고,,,,
2018100500100603,2018년 10월 5일 18시,금요일,인천광역시 연수구 송도동,경상사고,0,0,1,0,차대사람 - 횡단중,신호위반,젖음/습기,비,교차로 - 교차로횡단보도내,승용,여,59세,상해없음,보행자,남,12세,경상
2018100500100604,2018년 10월 5일 18시,금요일,인천광역시 연수구 연수동,중상사고,0,1,0,0,차대차 - 기타,안전운전불이행,건조,맑음,단일로 - 기타,기타불명,기타불명,미분류,기타불명,이륜,남,50세,중상
2018100500100605,2018년 10월 5일 18시,금요일,인천광역시 부평구 갈산동,경상사고,0,0,1,0,차대차 - 추돌,안전거리미확보,건조,맑음,단일로 - 기타,승용,남,47세,상해없음,승용,남,55세,경상
2018100500100680,2018년 10월 5일 19시,금요일,인천광역시 동구 송림동,부상신고사고,0,0,0,1,차대차 - 측면충돌,신호위반,건조,맑음,교차로 - 교차로안,승용,여,62세,부상신고,승용,남,56세,상해없음
2018100500100681,2018년 10월 5일 19시,금요일,인천광역시 미추홀구 주안동,경상사고,0,0,2,0,차대차 - 후진중충돌,안전운전불이행,건조,맑음,단일로 - 기타,승용,남,57세,상해없음,승용,남,41세,경상
2018100500100682,2018년 10월 5일 19시,금요일,인천광역시 부평구 부평동,경상사고,0,0,1,0,차대차 - 기타,안전운전불이행,건조,맑음,단일로 - 기타,화물,남,76세,상해없음,승합,남,64세,경상
2018100500100683,2018년 10월 5일 19시,금요일,인천광역시 남동구 간석동,경상사고,0,0,1,0,차대사람 - 횡단중,안전운전불이행,젖음/습기,비,단일로 - 기타,기타불명,기타불명,미분류,기타불명,보행자,여,58세,경상
2018100500100684,2018년 10월 5일 19시,금요일,인천광역시 서구 원당동,경상사고,0,0,1,0,차대차 - 추돌,안전운전불이행,젖음/습기,비,교차로 - 교차로부근,승용,남,36세,상해없음,승용,남,53세,경상
2018100500100685,2018년 10월 5일 19시,금요일,인천광역시 서구 마전동,경상사고,0,0,1,0,차대차 - 추돌,안전운전불이행,젖음/습기,비,기타 - 기타,승용,여,43세,상해없음,이륜,남,45세,경상
2018100500100738,2018년 10월 5일 20시,금요일,인천광역시 서구 검암동,경상사고,0,0,1,0,차대차 - 기타,안전운전불이행,젖음/습기,비,교차로 - 교차로안,승용,남,45세,상해없음,이륜,남,41세,경상
2018100500100778,2018년 10월 5일 21시,금요일,인천광역시 중구 을왕동,경상사고,0,0,2,0,차대사람 - 길가장자리구역통행중,안전운전불이행,젖음/습기,비,단일로 - 기타,승용,여,23세,상해없음,보행자,남,31세,경상
2018100500100779,2018년 10월 5일 21시,금요일,인천광역시 연수구 송도동,중상사고,0,1,0,0,차대차 - 추돌,안전운전불이행,젖음/습기,비,교차로 - 교차로안,승용,여,37세,상해없음,승용,여,29세,중상
2018100500100828,2018년 10월 5일 22시,금요일,인천광역시 연수구 송도동,경상사고,0,0,1,0,차대차 - 추돌,안전운전불이행,젖음/습기,비,교차로 - 교차로부근,승용,남,28세,상해없음,승용,남,32세,경상
2018100500100829,2018년 10월 5일 22시,금요일,인천광역시 남동구 수산동,경상사고,0,0,1,0,차대차 - 측면충돌,신호위반,젖음/습기,비,교차로 - 교차로안,승용,남,41세,기타불명,승용,남,41세,경상
2018100500100867,2018년 10월 5일 23시,금요일,인천광역시 미추홀구 학익동,경상사고,0,0,1,0,차대차 - 후진중충돌,안전운전불이행,건조,맑음,단일로 - 기타,화물,남,25세,기타불명,승용,여,58세,경상
2018100500100868,2018년 10월 5일 23시,금요일,인천광역시 남동구 구월동,중상사고,0,1,2,0,차대사람 - 기타,안전운전불이행,젖음/습기,비,교차로 - 교차로부근,승용,남,19세,상해없음,보행자,남,47세,경상
2018100500100869,2018년 10월 5일 23시,금요일,인천광역시 서구 연희동,경상사고,0,0,1,0,차대차 - 정면충돌,안전운전불이행,건조,맑음,단일로 - 기타,승용,여,23세,상해없음,승용,여,27세,경상
2018100500100870,2018년 10월 5일 23시,금요일,인천광역시 연수구 송도동,경상사고,0,0,1,0,차대사람 - 기타,보행자보호의무위반,젖음/습기,비,교차로 - 교차로횡단보도내,승용,남,25세,상해없음,보행자,여,20세,경상
2018100600100020,2018년 10월 6일 00시,토요일,인천광역시 부평구 부평동,경상사고,0,0,3,0,차대차 - 기타,중앙선침범,젖음/습기,비,단일로 - 기타,승용,여,47세,상해없음,승용,여,67세,경상
2018100600100064,2018년 10월 6일 01시,토요일,인천광역시 서구 왕길동,경상사고,0,0,1,0,차대차 - 추돌,안전운전불이행,젖음/습기,흐림,단일로 - 기타,승용,남,40세,상해없음,승용,남,37세,경상
2018100600100099,2018년 10월 6일 02시,토요일,인천광역시 미추홀구 용현동,중상사고,0,1,1,0,차대차 - 추돌,안전운전불이행,젖음/습기,비,교차로 - 교차로부근,승용,남,59세,상해없음,화물,남,52세,상해없음
2018100600100127,2018년 10월 6일 03시,토요일,인천광역시 부평구 부평동,중상사고,0,1,0,0,차대사람 - 기타,신호위반,젖음/습기,비,단일로 - 기타,승용,남,61세,상해없음,보행자,남,22세,중상
2018100600100128,2018년 10월 6일 03시,토요일,인천광역시 부평구 삼산동,사망사고,1,0,0,0,차대차 - 기타,안전운전불이행,젖음/습기,비,단일로 - 교량,화물,남,40세,사망,승용,남,64세,상해없음
2018100600100129,2018년 10월 6일 03시,토요일,인천광역시 계양구 다남동,부상신고사고,0,0,0,1,차량단독 - 기타,안전운전불이행,젖음/습기,비,단일로 - 기타,승용,남,55세,상해없음,,,,
2018100600100153,2018년 10월 6일 04시,토요일,인천광역시 계양구 계산동,중상사고,0,1,0,0,차대차 - 추돌,안전운전불이행,젖음/습기,비,교차로 - 교차로부근,승용,남,59세,상해없음,승용,남,53세,중상
2018100600100154,2018년 10월 6일 04시,토요일,인천광역시 부평구 청천동,경상사고,0,0,2,0,차대차 - 추돌,안전운전불이행,젖음/습기,비,단일로 - 기타,승용,남,31세,상해없음,승용,남,50세,경상
2018100600100193,2018년 10월 6일 07시,토요일,인천광역시 중구 중산동,중상사고,0,1,0,0,차량단독 - 기타,안전운전불이행,젖음/습기,비,단일로 - 기타,승합,남,59세,상해없음,,,,
2018100600100238,2018년 10월 6일 09시,토요일,인천광역시 남동구 남촌동,중상사고,0,1,0,0,차대차 - 측면충돌,신호위반,건조,맑음,교차로 - 교차로안,승용,남,51세,상해없음,이륜,남,33세,중상
2018100600100239,2018년 10월 6일 09시,토요일,인천광역시 남동구 만수동,경상사고,0,0,1,0,차량단독 - 기타,기타,젖음/습기,비,단일로 - 기타,승합,남,63세,상해없음,,,,
2018100600100336,2018년 10월 6일 12시,토요일,인천광역시 옹진군 영흥면,경상사고,0,0,2,0,차대차 - 측면충돌,안전운전불이행,건조,맑음,교차로 - 교차로부근,승합,남,60세,상해없음,승용,남,62세,경상
2018100600100337,2018년 10월 6일 12시,토요일,인천광역시 서구 경서동,경상사고,0,0,1,0,차대차 - 측면충돌,안전운전불이행,건조,맑음,교차로 - 교차로안,승용,남,55세,상해없음,승용,남,39세,경상
2018100600100398,2018년 10월 6일 14시,토요일,인천광역시 연수구 송도동,경상사고,0,0,1,0,차대차 - 측면충돌,교차로운행방법위반,건조,맑음,교차로 - 교차로안,승용,여,45세,상해없음,승용,남,42세,경상
2018100600100430,2018년 10월 6일 15시,토요일,인천광역시 남동구 간석동,중상사고,0,1,0,0,차대차 - 측면충돌,교차로운행방법위반,건조,맑음,교차로 - 교차로안,승용,남,28세,상해없음,이륜,남,25세,중상
2018100600100488,2018년 10월 6일 17시,토요일,인천광역시 강화군 강화읍,중상사고,0,1,0,0,차량단독 - 전도전복 - 전도,안전운전불이행,건조,맑음,기타 - 기타,이륜,남,65세,중상,미분류,미분류,미분류,미분류
2018100600100524,2018년 10월 6일 18시,토요일,인천광역시 동구 화평동,경상사고,0,0,1,0,차대사람 - 기타,안전운전불이행,건조,맑음,단일로 - 기타,화물,남,56세,상해없음,보행자,남,26세,경상
2018100600100590,2018년 10월 6일 20시,토요일,인천광역시 부평구 청천동,중상사고,0,1,3,0,차대차 - 추돌,안전운전불이행,건조,맑음,단일로 - 기타,승용,남,53세,상해없음,승용,여,24세,중상
2018100600100591,2018년 10월 6일 20시,토요일,인천광역시 서구 가정동,경상사고,0,0,3,0,차대차 - 후진중충돌,안전운전불이행,건조,맑음,교차로 - 교차로부근,승용,남,64세,상해없음,승용,여,33세,경상
2018100600100592,2018년 10월 6일 20시,토요일,인천광역시 서구 가좌동,중상사고,0,1,0,0,차대사람 - 길가장자리구역통행중,중앙선침범,건조,맑음,단일로 - 기타,이륜,남,20세,상해없음,보행자,남,21세,중상
2018100600100617,2018년 10월 6일 21시,토요일,인천광역시 서구 가좌동,경상사고,0,0,1,0,차대차 - 추돌,안전운전불이행,건조,맑음,단일로 - 기타,승용,남,44세,상해없음,승용,남,30세,경상
2018100600100618,2018년 10월 6일 21시,토요일,인천광역시 남동구 도림동,경상사고,0,0,1,0,차대차 - 측면충돌,차로위반,건조,맑음,단일로 - 기타,승용,여,30세,상해없음,승용,남,47세,경상
2018100600100639,2018년 10월 6일 22시,토요일,인천광역시 동구 송현동,경상사고,0,0,1,0,차대차 - 기타,안전운전불이행,건조,맑음,단일로 - 기타,이륜,남,17세,경상,승용,여,44세,상해없음
2018100600100656,2018년 10월 6일 23시,토요일,인천광역시 서구 연희동,중상사고,0,1,1,0,차대차 - 측면충돌,안전운전불이행,건조,맑음,기타 - 기타,승용,남,28세,상해없음,승용,남,39세,중상
2018100700100052,2018년 10월 7일 02시,일요일,인천광역시 서구 신현동,중상사고,0,1,0,0,차대차 - 기타,안전운전불이행,건조,맑음,기타 - 기타,승용,남,28세,상해없음,승용,남,24세,중상
2018100700100114,2018년 10월 7일 07시,일요일,인천광역시 서구 심곡동,경상사고,0,0,1,0,차대차 - 추돌,안전운전불이행,건조,맑음,교차로 - 교차로부근,승용,남,59세,상해없음,승용,남,39세,경상
2018100700100153,2018년 10월 7일 09시,일요일,인천광역시 미추홀구 문학동,경상사고,0,0,2,0,차대차 - 기타,안전운전불이행,건조,맑음,교차로 - 교차로부근,승용,남,24세,상해없음,승용,남,64세,경상
2018100700100289,2018년 10월 7일 14시,일요일,인천광역시 서구 경서동,경상사고,0,0,2,0,차대차 - 추돌,안전운전불이행,건조,맑음,기타 - 기타,승용,남,57세,상해없음,승용,남,69세,경상
2018100700100290,2018년 10월 7일 14시,일요일,인천광역시 중구 신흥동3가,경상사고,0,0,3,0,차대차 - 추돌,안전운전불이행,건조,맑음,단일로 - 기타,승용,남,56세,상해없음,승용,남,31세,경상
2018100700100291,2018년 10월 7일 14시,일요일,인천광역시 연수구 선학동,경상사고,0,0,1,0,차대차 - 측면충돌,신호위반,건조,맑음,교차로 - 교차로안,승용,여,49세,상해없음,승용,남,22세,경상
2018100700100292,2018년 10월 7일 14시,일요일,인천광역시 남동구 남촌동,중상사고,0,1,2,0,차대차 - 기타,안전운전불이행,건조,맑음,단일로 - 기타,승용,남,47세,상해없음,승용,여,31세,중상
2018100700100329,2018년 10월 7일 15시,일요일,인천광역시 중구 항동7가,경상사고,0,0,1,0,차대차 - 측면충돌,안전거리미확보,건조,맑음,단일로 - 기타,승용,여,61세,상해없음,승용,남,32세,경상
2018100700100330,2018년 10월 7일 15시,일요일,인천광역시 남동구 구월동,경상사고,0,0,1,0,차대차 - 측면충돌,안전운전불이행,건조,맑음,교차로 - 교차로안,승용,남,57세,상해없음,승용,여,50세,경상
2018100700100331,2018년 10월 7일 15시,일요일,인천광역시 계양구 병방동,중상사고,0,1,0,0,차대차 - 추돌,안전운전불이행,건조,맑음,교차로 - 교차로부근,이륜,남,39세,중상,승용,여,45세,상해없음
2018100700100403,2018년 10월 7일 17시,일요일,인천광역시 부평구 산곡동,중상사고,0,1,0,0,차대차 - 기타,안전운전불이행,건조,맑음,단일로 - 기타,승용,남,42세,상해없음,이륜,남,30세,중상
2018100700100441,2018년 10월 7일 18시,일요일,인천광역시 계양구 효성동,경상사고,0,0,2,1,차대차 - 측면충돌,안전운전불이행,건조,맑음,교차로 - 교차로안,승용,남,26세,상해없음,승용,여,51세,경상
2018100700100485,2018년 10월 7일 19시,일요일,인천광역시 계양구 계산동,부상신고사고,0,0,0,1,차대차 - 기타,교차로운행방법위반,건조,맑음,교차로 - 교차로안,이륜,남,50세,상해없음,이륜,남,17세,부상신고
2018100700100563,2018년 10월 7일 22시,일요일,인천광역시 미추홀구 학익동,중상사고,0,1,2,0,차대차 - 측면충돌,신호위반,건조,맑음,교차로 - 교차로안,승용,여,24세,상해없음,승용,남,57세,경상
2018100700100564,2018년 10월 7일 22시,일요일,인천광역시 미추홀구 학익동,중상사고,0,1,0,0,차대차 - 기타,안전운전불이행,건조,맑음,단일로 - 기타,승용,남,34세,상해없음,자전거,남,58세,중상
2018100800100023,2018년 10월 8일 02시,월요일,인천광역시 남동구 장수동,경상사고,0,0,1,0,차대차 - 추돌,안전운전불이행,건조,맑음,기타 - 기타,기타불명,기타불명,미분류,기타불명,화물,남,45세,경상
2018100800100072,2018년 10월 8일 07시,월요일,인천광역시 서구 석남동,경상사고,0,0,3,0,차대차 - 측면충돌,안전운전불이행,건조,맑음,교차로 - 교차로안,승용,남,57세,상해없음,승용,남,28세,경상
2018100800100073,2018년 10월 8일 07시,월요일,인천광역시 남동구 도림동,중상사고,0,1,0,0,차대차 - 기타,안전운전불이행,건조,맑음,단일로 - 기타,기타불명,기타불명,미분류,기타불명,자전거,여,47세,중상
2018100800100109,2018년 10월 8일 08시,월요일,인천광역시 중구 운서동,경상사고,0,0,1,0,차대사람 - 횡단중,신호위반,건조,맑음,교차로 - 교차로안,승용,남,31세,상해없음,보행자,남,26세,경상
2018100800100149,2018년 10월 8일 09시,월요일,인천광역시 중구 신생동,경상사고,0,0,1,0,차대차 - 기타,안전운전불이행,건조,맑음,교차로 - 교차로안,화물,남,60세,상해없음,기타불명,남,72세,경상
2018100800100150,2018년 10월 8일 09시,월요일,인천광역시 부평구 삼산동,경상사고,0,0,1,0,차대차 - 측면충돌,안전운전불이행,건조,맑음,교차로 - 교차로안,승용,남,29세,상해없음,이륜,남,40세,경상
2018100800100151,2018년 10월 8일 09시,월요일,인천광역시 남동구 만수동,경상사고,0,0,1,0,차대차 - 측면충돌,교차로운행방법위반,건조,맑음,교차로 - 교차로부근,승합,남,54세,상해없음,승용,여,44세,경상
2018100800100236,2018년 10월 8일 11시,월요일,인천광역시 남동구 논현동,경상사고,0,0,1,0,차대차 - 기타,기타,건조,맑음,단일로 - 기타,기타불명,기타불명,미분류,기타불명,승용,여,47세,경상
2018100800100336,2018년 10월 8일 14시,월요일,인천광역시 옹진군 영흥면,경상사고,0,0,2,0,차대차 - 측면충돌,안전운전불이행,건조,맑음,단일로 - 기타,특수,남,59세,상해없음,화물,남,51세,경상
2018100800100378,2018년 10월 8일 15시,월요일,인천광역시 미추홀구 도화동,경상사고,0,0,1,0,차대사람 - 횡단중,안전운전불이행,건조,맑음,단일로 - 기타,기타불명,기타불명,미분류,기타불명,보행자,여,32세,경상
2018100800100379,2018년 10월 8일 15시,월요일,인천광역시 미추홀구 학익동,경상사고,0,0,2,0,차대차 - 측면충돌,안전거리미확보,건조,맑음,단일로 - 기타,승용,여,53세,기타불명,승용,남,49세,경상
2018100800100380,2018년 10월 8일 15시,월요일,인천광역시 서구 마전동,중상사고,0,1,1,0,차대차 - 추돌,안전운전불이행,건조,맑음,교차로 - 교차로부근,승용,남,46세,상해없음,승용,남,39세,중상
2018100800100381,2018년 10월 8일 15시,월요일,인천광역시 계양구 서운동,중상사고,0,1,0,0,차대차 - 측면충돌,신호위반,건조,맑음,교차로 - 교차로안,승합,남,74세,상해없음,이륜,남,50세,중상
2018100800100382,2018년 10월 8일 15시,월요일,인천광역시 연수구 송도동,경상사고,0,0,1,0,차대차 - 추돌,안전운전불이행,건조,맑음,교차로 - 교차로부근,건설기계,남,46세,상해없음,승용,남,25세,경상
2018100800100468,2018년 10월 8일 17시,월요일,인천광역시 서구 석남동,중상사고,0,1,0,0,차대사람 - 차도통행중,안전운전불이행,건조,맑음,교차로 - 교차로안,승용,여,47세,상해없음,보행자,여,41세,중상
2018100800100469,2018년 10월 8일 17시,월요일,인천광역시 강화군 삼산면,중상사고,0,1,0,0,차대사람 - 차도통행중,안전운전불이행,건조,맑음,기타 - 기타,승용,남,41세,상해없음,보행자,남,51세,중상