사고번호,사고일시,요일,시군구,사고내용,사망자수,중상자수,경상자수,부상신고자수,사고유형,법규위반,노면상태,기상상태,도로형태,가해운전자 차종,가해운전자 성별,가해운전자 연령,가해운전자 상해정도,피해운전자 차종,피해운전자 성별,피해운전자 연령,피해운전자 상해정도
2018102600100132,2018년 10월 26일 08시,금요일,인천광역시 남동구 구월동,경상사고,0,0,1,0,차대차 - 측면충돌,안전운전불이행,젖음/습기,비,교차로 - 교차로안,승용,남,39세,상해없음,승용,남,38세,경상
2018102600100133,2018년 10월 26일 08시,금요일,인천광역시 연수구 옥련동,경상사고,0,0,1,0,차대차 - 측면충돌,안전운전불이행,젖음/습기,비,단일로 - 기타,승용,남,22세,상해없음,승용,남,44세,경상
2018102600100190,2018년 10월 26일 10시,금요일,인천광역시 연수구 선학동,중상사고,0,1,0,0,차대차 - 측면충돌,신호위반,젖음/습기,비,교차로 - 교차로안,승합,남,48세,기타불명,승용,남,60세,중상
2018102600100217,2018년 10월 26일 11시,금요일,인천광역시 서구 검암동,경상사고,0,0,1,0,차대사람 - 기타,안전운전불이행,젖음/습기,비,단일로 - 기타,승용,여,50세,기타불명,보행자,남,50세,경상
2018102600100243,2018년 10월 26일 12시,금요일,인천광역시 남동구 간석동,경상사고,0,0,4,0,차대차 - 추돌,교차로운행방법위반,젖음/습기,비,교차로 - 교차로안,승용,남,54세,경상,승용,남,33세,경상
2018102600100244,2018년 10월 26일 12시,금요일,인천광역시 서구 가정동,중상사고,0,1,0,0,차량단독 - 기타,안전운전불이행,건조,맑음,단일로 - 기타,승합,남,53세,상해없음,,,,
2018102600100245,2018년 10월 26일 12시,금요일,인천광역시 서구 가정동,경상사고,0,0,1,0,차대차 - 측면충돌,안전운전불이행,젖음/습기,비,단일로 - 기타,승용,여,47세,상해없음,화물,남,32세,경상
2018102600100278,2018년 10월 26일 13시,금요일,인천광역시 미추홀구 학익동,경상사고,0,0,2,0,차대차 - 정면충돌,신호위반,젖음/습기,비,교차로 - 교차로안,승용,남,70세,상해없음,승용,남,28세,경상
2018102600100316,2018년 10월 26일 14시,금요일,인천광역시 남동구 구월동,중상사고,0,1,0,0,차대차 - 측면충돌,차로위반,건조,맑음,단일로 - 기타,승합,남,62세,상해없음,이륜,남,30세,중상
2018102600100352,2018년 10월 26일 15시,금요일,인천광역시 남동구 간석동,경상사고,0,0,1,0,차대차 - 추돌,안전운전불이행,건조,맑음,기타 - 기타,승용,여,51세,상해없음,승용,여,51세,경상
2018102600100353,2018년 10월 26일 15시,금요일,인천광역시 서구 연희동,경상사고,0,0,1,0,차대차 - 추돌,안전운전불이행,건조,맑음,기타 - 기타,승용,여,49세,상해없음,승용,여,44세,경상
2018102600100354,2018년 10월 26일 15시,금요일,인천광역시 남동구 만수동,경상사고,0,0,1,0,차대차 - 측면충돌,불법유턴,건조,맑음,단일로 - 기타,승용,여,57세,상해없음,승용,남,52세,경상
2018102600100393,2018년 10월 26일 16시,금요일,인천광역시 계양구 작전동,중상사고,0,1,0,0,차대사람 - 횡단중,보행자보호의무위반,건조,맑음,교차로 - 교차로부근,화물,남,24세,상해없음,보행자,남,71세,중상
2018102600100433,2018년 10월 26일 17시,금요일,인천광역시 서구 마전동,경상사고,0,0,1,0,차량단독 - 기타,안전운전불이행,건조,맑음,교차로 - 교차로부근,승합,남,60세,상해없음,,,,
2018102600100577,2018년 10월 26일 19시,금요일,인천광역시 미추홀구 용현동,경상사고,0,0,1,0,차대차 - 추돌,안전운전불이행,건조,맑음,단일로 - 기타,승용,남,61세,상해없음,이륜,남,31세,경상
2018102600100578,2018년 10월 26일 19시,금요일,인천광역시 서구 왕길동,경상사고,0,0,1,0,차대차 - 측면충돌,안전운전불이행,건조,맑음,교차로 - 교차로안,승용,남,24세,상해없음,승용,남,57세,경상
2018102600100652,2018년 10월 26일 21시,금요일,인천광역시 서구 연희동,경상사고,0,0,1,0,차대차 - 측면충돌,신호위반,건조,맑음,단일로 - 기타,승용,남,27세,상해없음,승용,남,60세,경상
2018102600100681,2018년 10월 26일 22시,금요일,인천광역시 서구 가좌동,경상사고,0,0,1,0,차대차 - 후진중충돌,안전운전불이행,건조,맑음,교차로 - 교차로부근,승용,여,30세,경상,승용,남,54세,상해없음
2018102600100682,2018년 10월 26일 22시,금요일,인천광역시 남동구 만수동,경상사고,0,0,2,0,차대차 - 측면충돌,안전운전불이행,젖음/습기,흐림,단일로 - 기타,승용,남,37세,기타불명,승용,남,28세,경상
2018102600100702,2018년 10월 26일 23시,금요일,인천광역시 중구 운남동,경상사고,0,0,1,0,차대차 - 추돌,안전운전불이행,건조,맑음,단일로 - 기타,승합,여,46세,상해없음,승용,여,36세,경상
2018102600100703,2018년 10월 26일 23시,금요일,인천광역시 계양구 작전동,경상사고,0,0,2,0,차대차 - 추돌,안전운전불이행,젖음/습기,흐림,단일로 - 기타,승용,남,21세,상해없음,승용,여,35세,경상
2018102700100034,2018년 10월 27일 01시,토요일,인천광역시 남동구 만수동,경상사고,0,0,2,0,차대차 - 추돌,안전운전불이행,건조,맑음,단일로 - 기타,승용,여,24세,상해없음,승용,남,49세,경상
2018102700100078,2018년 10월 27일 04시,토요일,인천광역시 남동구 간석동,중상사고,0,3,1,0,차대차 - 측면충돌,신호위반,건조,맑음,교차로 - 교차로안,승용,여,55세,상해없음,승용,여,39세,중상
2018102700100125,2018년 10월 27일 07시,토요일,인천광역시 계양구 동양동,중상사고,0,1,0,0,차대차 - 추돌,안전운전불이행,건조,맑음,단일로 - 기타,승용,남,21세,상해없음,승용,남,55세,중상
2018102700100192,2018년 10월 27일 09시,토요일,인천광역시 남동구 고잔동,경상사고,0,0,1,0,차대차 - 측면충돌,신호위반,건조,맑음,교차로 - 교차로안,승용,남,64세,상해없음,화물,남,44세,경상
2018102700100291,2018년 10월 27일 12시,토요일,인천광역시 미추홀구 용현동,사망사고,1,0,0,0,차대차 - 정면충돌,안전운전불이행,건조,맑음,교차로 - 교차로부근,이륜,남,75세,사망,화물,남,55세,상해없음
2018102700100292,2018년 10월 27일 12시,토요일,인천광역시 부평구 부평동,경상사고,0,0,1,0,차대사람 - 기타,안전운전불이행,건조,맑음,단일로 - 기타,이륜,남,36세,상해없음,보행자,여,39세,경상
2018102700100319,2018년 10월 27일 13시,토요일,인천광역시 중구 운북동,중상사고,0,1,1,0,차대차 - 추돌,안전운전불이행,건조,맑음,교차로 - 교차로부근,승용,남,36세,상해없음,승용,여,49세,중상
2018102700100320,2018년 10월 27일 13시,토요일,인천광역시 강화군 하점면,중상사고,0,1,0,0,차대차 - 측면충돌,교차로운행방법위반,건조,맑음,교차로 - 교차로안,건설기계,남,44세,상해없음,원동기,남,64세,중상
2018102700100371,2018년 10월 27일 14시,토요일,인천광역시 미추홀구 문학동,중상사고,0,1,0,0,차대차 - 측면충돌,안전운전불이행,건조,맑음,교차로 - 교차로안,승용,남,23세,기타불명,승용,남,58세,중상
2018102700100372,2018년 10월 27일 14시,토요일,인천광역시 미추홀구 주안동,경상사고,0,0,1,0,차대사람 - 횡단중,보행자보호의무위반,건조,맑음,단일로 - 기타,승용,여,62세,상해없음,보행자,남,4세,경상
2018102700100373,2018년 10월 27일 14시,토요일,인천광역시 서구 경서동,중상사고,0,2,0,0,차대차 - 측면충돌,신호위반,건조,맑음,교차로 - 교차로안,승용,여,38세,상해없음,승용,여,45세,중상
2018102700100374,2018년 10월 27일 14시,토요일,인천광역시 계양구 작전동,중상사고,0,2,1,0,차대차 - 추돌,안전거리미확보,건조,맑음,교차로 - 교차로부근,승용,여,58세,상해없음,승용,남,36세,중상
2018102700100418,2018년 10월 27일 15시,토요일,인천광역시 남동구 구월동,경상사고,0,0,1,0,차대사람 - 차도통행중,안전운전불이행,건조,흐림,단일로 - 기타,승용,여,60세,상해없음,보행자,여,50세,경상
2018102700100553,2018년 10월 27일 18시,토요일,인천광역시 남동구 간석동,경상사고,0,0,3,0,차대차 - 기타,안전운전불이행,건조,기타,기타 - 기타,승용,남,59세,상해없음,승용,남,28세,경상
2018102700100554,2018년 10월 27일 18시,토요일,인천광역시 계양구 박촌동,부상신고사고,0,0,0,1,차대차 - 정면충돌,기타,건조,맑음,단일로 - 기타,이륜,남,51세,부상신고,승용,남,43세,상해없음
2018102700100555,2018년 10월 27일 18시,토요일,인천광역시 연수구 송도동,중상사고,0,1,0,0,차대차 - 측면충돌,교차로운행방법위반,건조,맑음,교차로 - 교차로안,승용,남,26세,상해없음,승용,남,51세,중상
2018102700100600,2018년 10월 27일 19시,토요일,인천광역시 미추홀구 주안동,경상사고,0,0,1,0,차대사람 - 횡단중,보행자보호의무위반,건조,맑음,교차로 - 교차로부근,화물,남,45세,상해없음,보행자,남,63세,경상
2018102700100601,2018년 10월 27일 19시,토요일,인천광역시 남동구 서창동,경상사고,0,0,1,0,차대차 - 측면충돌,안전운전불이행,건조,맑음,단일로 - 기타,승용,남,38세,상해없음,개인형이동수단(PM),남,34세,경상
2018102700100667,2018년 10월 27일 21시,토요일,인천광역시 미추홀구 숭의동,경상사고,0,0,1,0,차대차 - 측면충돌,직진우회전진행방해,건조,맑음,교차로 - 교차로안,이륜,남,38세,상해없음,이륜,남,40세,경상
2018102700100719,2018년 10월 27일 23시,토요일,인천광역시 미추홀구 관교동,경상사고,0,0,1,0,차대차 - 추돌,안전운전불이행,건조,맑음,단일로 - 기타,승용,남,36세,상해없음,승용,남,30세,경상
2018102700100720,2018년 10월 27일 23시,토요일,인천광역시 서구 공촌동,중상사고,0,1,2,0,차대차 - 측면충돌,신호위반,건조,맑음,단일로 - 기타,화물,남,54세,경상,승용,남,55세,중상
2018102700100721,2018년 10월 27일 23시,토요일,인천광역시 서구 청라동,경상사고,0,0,1,0,차대차 - 추돌,안전운전불이행,건조,맑음,교차로 - 교차로부근,승용,여,30세,기타불명,승용,여,26세,경상
2018102800100041,2018년 10월 28일 02시,일요일,인천광역시 중구 도원동,중상사고,0,1,0,0,차대사람 - 횡단중,안전운전불이행,건조,맑음,교차로 - 교차로안,승용,남,65세,상해없음,보행자,남,49세,중상
2018102800100042,2018년 10월 28일 02시,일요일,인천광역시 미추홀구 도화동,경상사고,0,0,2,0,차대차 - 추돌,안전운전불이행,건조,맑음,교차로 - 교차로부근,승용,남,52세,상해없음,승용,남,57세,경상
2018102800100057,2018년 10월 28일 03시,일요일,인천광역시 미추홀구 주안동,경상사고,0,0,3,0,차대차 - 후진중충돌,안전운전불이행,기타,흐림,교차로 - 교차로부근,승용,남,24세,상해없음,승합,남,34세,경상
2018102800100081,2018년 10월 28일 05시,일요일,인천광역시 부평구 부개동,중상사고,0,1,0,0,차대차 - 추돌,안전운전불이행,젖음/습기,비,교차로 - 교차로부근,승용,여,39세,상해없음,승용,남,55세,중상
2018102800100124,2018년 10월 28일 08시,일요일,인천광역시 동구 송림동,중상사고,0,1,1,0,차대차 - 측면충돌,신호위반,젖음/습기,흐림,교차로 - 교차로안,화물,남,51세,상해없음,승용,남,43세,경상
2018102800100200,2018년 10월 28일 11시,일요일,인천광역시 미추홀구 문학동,경상사고,0,0,1,0,차대차 - 측면충돌,중앙선침범,건조,맑음,단일로 - 기타,승용,남,59세,상해없음,승용,남,64세,경상
2018102800100249,2018년 10월 28일 13시,일요일,인천광역시 미추홀구 주안동,경상사고,0,0,2,0,차대차 - 측면충돌,안전운전불이행,건조,맑음,교차로 - 교차로안,승용,남,26세,상해없음,승용,남,34세,경상
2018102800100250,2018년 10월 28일 13시,일요일,인천광역시 계양구 계산동,경상사고,0,0,4,0,차대차 - 추돌,안전운전불이행,건조,맑음,단일로 - 기타,승용,남,49세,상해없음,승용,여,30세,경상
2018102800100251,2018년 10월 28일 13시,일요일,인천광역시 강화군 화도면,중상사고,0,1,2,0,차대차 - 정면충돌,중앙선침범,건조,맑음,단일로 - 기타,승용,여,57세,상해없음,승용,남,31세,경상
2018102800100285,2018년 10월 28일 14시,일요일,인천광역시 계양구 효성동,경상사고,0,0,1,0,차대차 - 측면충돌,안전운전불이행,건조,맑음,단일로 - 기타,승용,남,59세,상해없음,화물,남,52세,경상
2018102800100366,2018년 10월 28일 17시,일요일,인천광역시 부평구 삼산동,경상사고,0,0,1,0,차대차 - 측면충돌,안전운전불이행,건조,맑음,단일로 - 기타,승용,남,23세,상해없음,자전거,남,12세,경상
2018102800100423,2018년 10월 28일 18시,일요일,인천광역시 남동구 구월동,경상사고,0,0,1,0,차대사람 - 길가장자리구역통행중,안전운전불이행,건조,맑음,단일로 - 기타,승용,남,48세,상해없음,보행자,남,54세,경상
2018102800100424,2018년 10월 28일 18시,일요일,인천광역시 남동구 서창동,중상사고,0,1,0,0,차대차 - 측면충돌,중앙선침범,건조,맑음,단일로 - 기타,승용,여,49세,상해없음,이륜,남,18세,중상
2018102800100454,2018년 10월 28일 19시,일요일,인천광역시 미추홀구 주안동,경상사고,0,0,1,0,차대차 - 측면충돌,안전운전불이행,건조,맑음,단일로 - 기타,승용,남,59세,상해없음,승용,남,63세,경상
2018102800100455,2018년 10월 28일 19시,일요일,인천광역시 미추홀구 주안동,경상사고,0,0,2,0,차대차 - 측면충돌,교차로운행방법위반,건조,맑음,교차로 - 교차로안,승용,남,52세,기타불명,승용,남,37세,경상
2018102800100456,2018년 10월 28일 19시,일요일,인천광역시 연수구 송도동,경상사고,0,0,4,0,차대차 - 측면충돌,안전운전불이행,건조,맑음,교차로 - 교차로안,승용,남,33세,상해없음,승용,여,55세,경상
2018102800100523,2018년 10월 28일 22시,일요일,인천광역시 계양구 작전동,경상사고,0,0,1,0,차대차 - 측면충돌,차로위반,건조,맑음,교차로 - 교차로부근,승합,여,47세,상해없음,이륜,남,46세,경상
2018102800100536,2018년 10월 28일 23시,일요일,인천광역시 남동구 만수동,경상사고,0,0,2,0,차대차 - 추돌,안전운전불이행,건조,맑음,단일로 - 기타,승용,남,49세,상해없음,승용,남,59세,경상
2018102900100007,2018년 10월 29일 00시,월요일,인천광역시 부평구 부평동,경상사고,0,0,1,0,차대차 - 기타,안전운전불이행,건조,맑음,단일로 - 기타,승용,남,62세,상해없음,이륜,남,17세,경상
2018102900100014,2018년 10월 29일 01시,월요일,인천광역시 미추홀구 주안동,경상사고,0,0,1,0,차대사람 - 횡단중,보행자보호의무위반,건조,맑음,교차로 - 교차로횡단보도내,승용,남,33세,상해없음,보행자,남,50세,경상
2018102900100020,2018년 10월 29일 02시,월요일,인천광역시 부평구 부평동,경상사고,0,0,1,0,차대차 - 추돌,안전운전불이행,건조,맑음,단일로 - 기타,승용,남,56세,상해없음,승용,여,47세,경상
2018102900100060,2018년 10월 29일 06시,월요일,인천광역시 연수구 연수동,경상사고,0,0,1,0,차대차 - 추돌,안전운전불이행,건조,맑음,교차로 - 교차로부근,승용,남,32세,상해없음,승용,남,48세,경상
2018102900100134,2018년 10월 29일 08시,월요일,인천광역시 미추홀구 도화동,경상사고,0,0,1,0,차대차 - 추돌,안전운전불이행,건조,맑음,단일로 - 기타,승용,남,22세,상해없음,승용,남,26세,경상
2018102900100135,2018년 10월 29일 08시,월요일,인천광역시 부평구 산곡동,경상사고,0,0,1,0,차대사람 - 기타,보행자보호의무위반,건조,맑음,교차로 - 교차로횡단보도내,승용,남,45세,상해없음,보행자,여,23세,경상
2018102900100182,2018년 10월 29일 09시,월요일,인천광역시 계양구 장기동,경상사고,0,0,4,0,차대차 - 추돌,안전운전불이행,건조,맑음,교차로 - 교차로안,승합,남,37세,상해없음,승용,남,54세,경상
2018102900100183,2018년 10월 29일 09시,월요일,인천광역시 계양구 작전동,경상사고,0,0,1,2,차대차 - 측면충돌,차로위반,건조,맑음,단일로 - 기타,승용,여,46세,상해없음,승용,여,33세,경상
2018102900100212,2018년 10월 29일 10시,월요일,인천광역시 미추홀구 숭의동,부상신고사고,0,0,0,1,차대사람 - 기타,안전운전불이행,건조,맑음,단일로 - 기타,승용,남,41세,상해없음,보행자,여,78세,부상신고
2018102900100242,2018년 10월 29일 11시,월요일,인천광역시 남동구 구월동,경상사고,0,0,1,0,차대사람 - 기타,안전운전불이행,건조,맑음,교차로 - 교차로부근,화물,남,55세,상해없음,보행자,여,59세,경상
2018102900100243,2018년 10월 29일 11시,월요일,인천광역시 계양구 작전동,중상사고,0,1,0,0,차대사람 - 횡단중,보행자보호의무위반,건조,맑음,교차로 - 교차로부근,승용,남,35세,상해없음,보행자,여,54세,중상
2018102900100276,2018년 10월 29일 12시,월요일,인천광역시 남동구 만수동,경상사고,0,0,2,0,차대차 - 측면충돌,안전운전불이행,건조,맑음,단일로 - 기타,승용,남,27세,경상,승용,남,44세,경상
2018102900100342,2018년 10월 29일 14시,월요일,인천광역시 남동구 구월동,경상사고,0,0,1,0,차대사람 - 기타,안전운전불이행,건조,맑음,단일로 - 기타,화물,남,69세,상해없음,보행자,남,22세,경상
2018102900100343,2018년 10월 29일 14시,월요일,인천광역시 남동구 구월동,중상사고,0,1,1,0,차대차 - 기타,신호위반,건조,맑음,교차로 - 교차로안,승용,여,49세,경상,승용,남,29세,중상
2018102900100344,2018년 10월 29일 14시,월요일,인천광역시 계양구 계산동,경상사고,0,0,2,0,차대사람 - 기타,안전운전불이행,건조,맑음,단일로 - 기타,승용,남,68세,상해없음,보행자,남,57세,경상
2018102900100443,2018년 10월 29일 16시,월요일,인천광역시 남동구 논현동,중상사고,0,1,0,0,차대사람 - 횡단중,보행자보호의무위반,건조,맑음,교차로 - 교차로안,승합,남,71세,상해없음,보행자,여,56세,중상
2018102900100479,2018년 10월 29일 17시,월요일,인천광역시 계양구 계산동,경상사고,0,0,2,0,차대차 - 측면충돌,안전운전불이행,건조,맑음,단일로 - 기타,승합,남,37세,상해없음,승용,남,52세,경상
2018102900100546,2018년 10월 29일 18시,월요일,인천광역시 동구 송현동,중상사고,0,1,0,0,차대사람 - 횡단중,보행자보호의무위반,건조,맑음,교차로 - 교차로안,승합,남,59세,상해없음,보행자,남,60세,중상
2018102900100547,2018년 10월 29일 18시,월요일,인천광역시 연수구 청학동,경상사고,0,0,1,0,차대차 - 측면충돌,안전거리미확보,건조,맑음,교차로 - 교차로안,승용,남,61세,상해없음,승용,남,58세,경상
2018102900100594,2018년 10월 29일 19시,월요일,인천광역시 연수구 연수동,사망사고,1,0,0,0,차대사람 - 횡단중,안전운전불이행,건조,맑음,교차로 - 교차로부근,승합,남,48세,상해없음,보행자,남,66세,사망
2018102900100624,2018년 10월 29일 20시,월요일,인천광역시 남동구 간석동,경상사고,0,0,1,0,차대차 - 추돌,안전운전불이행,건조,맑음,교차로 - 교차로부근,승용,남,48세,상해없음,승용,남,39세,경상
2018102900100662,2018년 10월 29일 22시,월요일,인천광역시 서구 가좌동,중상사고,0,1,0,0,차대차 - 측면충돌,신호위반,건조,맑음,교차로 - 교차로안,승용,남,39세,상해없음,화물,남,33세,중상
2018102900100684,2018년 10월 29일 23시,월요일,인천광역시 연수구 옥련동,경상사고,0,0,2,0,차대차 - 추돌,안전운전불이행,건조,맑음,단일로 - 기타,승용,남,28세,상해없음,승용,남,31세,경상
2018102900100685,2018년 10월 29일 23시,월요일,인천광역시 부평구 삼산동,경상사고,0,0,3,0,차대차 - 추돌,안전운전불이행,건조,맑음,단일로 - 기타,승용,남,57세,상해없음,승용,남,31세,경상
2018103000100011,2018년 10월 30일 00시,화요일,인천광역시 미추홀구 문학동,중상사고,0,1,3,0,차대차 - 측면충돌,안전운전불이행,건조,맑음,교차로 - 교차로안,승용,남,62세,중상,승용,여,53세,경상
2018103000100030,2018년 10월 30일 02시,화요일,인천광역시 연수구 선학동,중상사고,0,1,0,0,차대사람 - 차도통행중,안전운전불이행,건조,맑음,단일로 - 지하차도(도로)내,승용,여,64세,상해없음,보행자,남,46세,중상
2018103000100093,2018년 10월 30일 07시,화요일,인천광역시 미추홀구 용현동,경상사고,0,0,1,0,차대사람 - 횡단중,안전운전불이행,건조,맑음,기타 - 기타,승용,남,31세,상해없음,보행자,여,15세,경상
2018103000100188,2018년 10월 30일 09시,화요일,인천광역시 부평구 부평동,경상사고,0,0,1,0,차대사람 - 기타,안전운전불이행,건조,맑음,단일로 - 기타,기타불명,기타불명,미분류,기타불명,보행자,여,30세,경상
2018103000100189,2018년 10월 30일 09시,화요일,인천광역시 부평구 청천동,경상사고,0,0,1,0,차대사람 - 횡단중,보행자보호의무위반,건조,맑음,단일로 - 기타,화물,남,56세,상해없음,보행자,여,74세,경상
2018103000100218,2018년 10월 30일 10시,화요일,인천광역시 강화군 화도면,경상사고,0,0,1,0,차대사람 - 기타,안전운전불이행,건조,맑음,기타 - 기타,승합,남,62세,상해없음,보행자,여,86세,경상
2018103000100253,2018년 10월 30일 11시,화요일,인천광역시 남동구 구월동,중상사고,0,1,1,0,차대차 - 측면충돌,신호위반,건조,맑음,교차로 - 교차로안,승합,남,31세,상해없음,승용,남,48세,중상
2018103000100398,2018년 10월 30일 15시,화요일,인천광역시 중구 운서동,중상사고,0,1,0,0,차대차 - 측면충돌,신호위반,건조,맑음,교차로 - 교차로부근,승용,남,60세,상해없음,자전거,남,69세,중상
2018103000100435,2018년 10월 30일 16시,화요일,인천광역시 미추홀구 주안동,경상사고,0,0,1,2,차대차 - 측면충돌,안전운전불이행,건조,맑음,교차로 - 교차로안,승용,여,46세,부상신고,승용,남,67세,경상
2018103000100436,2018년 10월 30일 16시,화요일,인천광역시 서구 백석동,경상사고,0,0,1,0,차대사람 - 횡단중,안전운전불이행,건조,맑음,교차로 - 교차로부근,승용,여,33세,상해없음,보행자,여,49세,경상
2018103000100437,2018년 10월 30일 16시,화요일,인천광역시 계양구 임학동,중상사고,0,1,0,0,차대사람 - 기타,안전운전불이행,건조,맑음,단일로 - 기타,승용,남,45세,상해없음,보행자,남,11세,중상
2018103000100482,2018년 10월 30일 17시,화요일,인천광역시 미추홀구 학익동,경상사고,0,0,1,0,차대차 - 측면충돌,안전거리미확보,건조,맑음,단일로 - 기타,승용,여,51세,상해없음,승용,여,48세,경상
2018103000100483,2018년 10월 30일 17시,화요일,인천광역시 남동구 구월동,경상사고,0,0,1,0,차대사람 - 기타,안전운전불이행,건조,맑음,기타 - 기타,승합,남,47세,상해없음,보행자,남,8세,경상
2018103000100484,2018년 10월 30일 17시,화요일,인천광역시 연수구 옥련동,경상사고,0,0,1,0,차대차 - 측면충돌,교차로운행방법위반,건조,맑음,교차로 - 교차로안,승용,여,50세,상해없음,승용,남,64세,경상
2018103000100546,2018년 10월 30일 18시,화요일,인천광역시 서구 당하동,중상사고,0,1,0,0,차대사람 - 횡단중,보행자보호의무위반,건조,맑음,교차로 - 교차로횡단보도내,승용,남,67세,상해없음,보행자,여,45세,중상
2018103000100585,2018년 10월 30일 19시,화요일,인천광역시 중구 운서동,경상사고,0,0,1,0,차대차 - 측면충돌,중앙선침범,건조,흐림,단일로 - 기타,승용,남,66세,상해없음,승용,남,34세,경상
2018103000100586,2018년 10월 30일 19시,화요일,인천광역시 미추홀구 문학동,경상사고,0,0,2,0,차대차 - 기타,안전운전불이행,건조,맑음,단일로 - 기타,승용,여,60세,경상,승용,여,53세,경상
2018103000100588,2018년 10월 30일 19시,화요일,인천광역시 남동구 구월동,중상사고,0,1,1,0,차대차 - 정면충돌,중앙선침범,건조,맑음,단일로 - 기타,이륜,남,56세,기타불명,이륜,남,26세,중상
2018103000100589,2018년 10월 30일 19시,화요일,인천광역시 남동구 서창동,경상사고,0,0,2,0,차대차 - 측면충돌,안전운전불이행,건조,맑음,교차로 - 교차로안,이륜,남,38세,경상,이륜,남,35세,경상
2018103000100633,2018년 10월 30일 20시,화요일,인천광역시 서구 연희동,중상사고,0,2,0,0,차대차 - 측면충돌,중앙선침범,건조,맑음,단일로 - 기타,이륜,남,18세,중상,이륜,남,19세,중상
2018103000100663,2018년 10월 30일 21시,화요일,인천광역시 미추홀구 학익동,경상사고,0,0,1,0,차대차 - 기타,안전운전불이행,건조,맑음,교차로 - 교차로안,승용,남,26세,상해없음,승용,남,60세,경상
2018103000100702,2018년 10월 30일 23시,화요일,인천광역시 부평구 청천동,경상사고,0,0,1,0,차대차 - 추돌,안전운전불이행,건조,맑음,교차로 - 교차로부근,승용,남,44세,상해없음,승용,여,29세,경상
2018103100100013,2018년 10월 31일 00시,수요일,인천광역시 부평구 구산동,경상사고,0,0,2,0,차대차 - 추돌,안전운전불이행,건조,맑음,교차로 - 교차로부근,승용,남,57세,상해없음,화물,남,47세,경상
2018103100100027,2018년 10월 31일 01시,수요일,인천광역시 미추홀구 관교동,경상사고,0,0,1,0,차대사람 - 기타,안전운전불이행,건조,맑음,교차로 - 교차로안,승용,여,58세,상해없음,보행자,남,58세,경상
2018103100100046,2018년 10월 31일 04시,수요일,인천광역시 서구 가정동,경상사고,0,0,1,0,차대차 - 추돌,안전운전불이행,건조,맑음,교차로 - 교차로부근,승용,남,56세,상해없음,승용,남,21세,경상
2018103100100047,2018년 10월 31일 04시,수요일,인천광역시 서구 공촌동,경상사고,0,0,2,0,차량단독 - 기타,안전운전불이행,건조,맑음,단일로 - 기타,승용,남,62세,상해없음,,,,
2018103100100053,2018년 10월 31일 05시,수요일,인천광역시 부평구 산곡동,경상사고,0,0,1,0,차대차 - 측면충돌,안전거리미확보,건조,맑음,단일로 - 기타,승용,남,28세,상해없음,승용,여,53세,경상
2018103100100071,2018년 10월 31일 06시,수요일,인천광역시 남동구 간석동,경상사고,0,0,1,0,차대사람 - 기타,안전운전불이행,건조,맑음,단일로 - 기타,승용,여,23세,상해없음,보행자,남,45세,경상
2018103100100132,2018년 10월 31일 08시,수요일,인천광역시 미추홀구 용현동,중상사고,0,1,1,0,차대차 - 기타,안전거리미확보,건조,맑음,단일로 - 기타,승용,남,28세,상해없음,승용,여,70세,경상
2018103100100133,2018년 10월 31일 08시,수요일,인천광역시 연수구 동춘동,경상사고,0,0,1,0,차대차 - 기타,안전운전불이행,건조,맑음,단일로 - 기타,화물,남,38세,상해없음,승용,남,50세,경상
2018103100100134,2018년 10월 31일 08시,수요일,인천광역시 남동구 고잔동,경상사고,0,0,1,0,차대사람 - 보도통행중,안전운전불이행,건조,맑음,교차로 - 교차로안,승용,남,51세,상해없음,보행자,여,36세,경상
2018103100100135,2018년 10월 31일 08시,수요일,인천광역시 계양구 효성동,중상사고,0,1,0,0,차대차 - 측면충돌,차로위반,건조,맑음,단일로 - 기타,승용,여,61세,상해없음,승용,남,48세,중상
2018103100100170,2018년 10월 31일 09시,수요일,인천광역시 서구 원창동,경상사고,0,0,1,0,차대차 - 측면충돌,신호위반,건조,맑음,교차로 - 교차로안,화물,남,27세,상해없음,승용,남,50세,경상
2018103100100205,2018년 10월 31일 10시,수요일,인천광역시 동구 송현동,중상사고,0,1,0,0,차대사람 - 횡단중,신호위반,건조,맑음,교차로 - 교차로횡단보도내,승용,남,25세,상해없음,보행자,여,48세,중상
2018103100100206,2018년 10월 31일 10시,수요일,인천광역시 계양구 효성동,중상사고,0,1,0,0,차대차 - 측면충돌,안전거리미확보,건조,맑음,단일로 - 교량,건설기계,남,57세,상해없음,승용,여,59세,중상
2018103100100237,2018년 10월 31일 11시,수요일,인천광역시 서구 가좌동,경상사고,0,0,1,0,차대사람 - 횡단중,보행자보호의무위반,건조,맑음,교차로 - 교차로안,화물,남,46세,상해없음,보행자,남,28세,경상
2018103100100238,2018년 10월 31일 11시,수요일,인천광역시 계양구 작전동,중상사고,0,1,0,0,차대차 - 측면충돌,신호위반,건조,맑음,교차로 - 교차로안,이륜,남,58세,중상,승합,남,38세,상해없음