사고번호,사고일시,요일,시군구,사고내용,사망자수,중상자수,경상자수,부상신고자수,사고유형,법규위반,노면상태,기상상태,도로형태,가해운전자 차종,가해운전자 성별,가해운전자 연령,가해운전자 상해정도,피해운전자 차종,피해운전자 성별,피해운전자 연령,피해운전자 상해정도
2018103100100239,2018년 10월 31일 11시,수요일,인천광역시 계양구 효성동,경상사고,0,0,3,0,차대차 - 기타,안전운전불이행,건조,맑음,단일로 - 기타,화물,남,37세,상해없음,승용,남,47세,경상
2018103100100270,2018년 10월 31일 12시,수요일,인천광역시 서구 가정동,경상사고,0,0,1,0,차대차 - 기타,안전운전불이행,건조,맑음,교차로 - 교차로부근,승용,남,60세,상해없음,승용,여,37세,경상
2018103100100271,2018년 10월 31일 12시,수요일,인천광역시 강화군 강화읍,경상사고,0,0,2,0,차대차 - 측면충돌,교차로운행방법위반,건조,맑음,교차로 - 교차로안,승용,남,24세,상해없음,승용,남,34세,경상
2018103100100336,2018년 10월 31일 14시,수요일,인천광역시 동구 송림동,경상사고,0,0,1,0,차대차 - 측면충돌,안전운전불이행,건조,맑음,단일로 - 기타,승용,남,63세,상해없음,화물,남,51세,경상
2018103100100363,2018년 10월 31일 15시,수요일,인천광역시 서구 불로동,중상사고,0,1,0,0,차대사람 - 횡단중,보행자보호의무위반,건조,맑음,교차로 - 교차로횡단보도내,승용,남,73세,상해없음,보행자,여,68세,중상
2018103100100364,2018년 10월 31일 15시,수요일,인천광역시 계양구 서운동,경상사고,0,0,1,0,차대차 - 측면충돌,안전거리미확보,건조,맑음,단일로 - 기타,승용,남,19세,상해없음,승용,남,58세,경상
2018103100100365,2018년 10월 31일 15시,수요일,인천광역시 남동구 남촌동,부상신고사고,0,0,0,1,차대차 - 측면충돌,교차로운행방법위반,건조,맑음,교차로 - 교차로안,화물,남,48세,부상신고,승용,남,29세,상해없음
2018103100100457,2018년 10월 31일 17시,수요일,인천광역시 미추홀구 주안동,중상사고,0,1,0,0,차대차 - 측면충돌,안전운전불이행,건조,맑음,교차로 - 교차로안,화물,남,44세,상해없음,개인형이동수단(PM),남,62세,중상
2018103100100458,2018년 10월 31일 17시,수요일,인천광역시 서구 가정동,경상사고,0,0,1,0,차대차 - 측면충돌,교차로운행방법위반,건조,맑음,교차로 - 교차로안,승용,남,69세,상해없음,자전거,남,16세,경상
2018103100100581,2018년 10월 31일 19시,수요일,인천광역시 부평구 부평동,중상사고,0,1,0,0,차대사람 - 횡단중,신호위반,건조,맑음,단일로 - 기타,이륜,남,17세,상해없음,보행자,남,17세,중상
2018103100100582,2018년 10월 31일 19시,수요일,인천광역시 계양구 박촌동,부상신고사고,0,0,0,1,차대차 - 측면충돌,안전거리미확보,건조,맑음,단일로 - 기타,자전거,남,71세,부상신고,화물,남,41세,상해없음
2018103100100583,2018년 10월 31일 19시,수요일,인천광역시 연수구 옥련동,경상사고,0,0,1,0,차대차 - 추돌,안전운전불이행,건조,맑음,교차로 - 교차로부근,승용,여,29세,상해없음,승용,남,60세,경상
2018103100100667,2018년 10월 31일 22시,수요일,인천광역시 서구 마전동,중상사고,0,1,0,0,차대사람 - 횡단중,신호위반,건조,맑음,단일로 - 기타,승합,여,53세,상해없음,보행자,남,17세,중상
2018103100100688,2018년 10월 31일 23시,수요일,인천광역시 부평구 부평동,경상사고,0,0,1,0,차대차 - 기타,신호위반,건조,맑음,기타 - 기타,승용,남,34세,상해없음,이륜,남,21세,경상
2018110100100029,2018년 11월 1일 02시,목요일,인천광역시 중구 도원동,부상신고사고,0,0,0,3,차대차 - 추돌,안전운전불이행,건조,맑음,단일로 - 기타,이륜,남,33세,상해없음,승용,남,56세,부상신고
2018110100100064,2018년 11월 1일 06시,목요일,인천광역시 미추홀구 주안동,부상신고사고,0,0,0,1,차대차 - 정면충돌,안전운전불이행,건조,맑음,단일로 - 기타,기타불명,기타불명,미분류,기타불명,승합,남,64세,부상신고
2018110100100093,2018년 11월 1일 07시,목요일,인천광역시 서구 석남동,경상사고,0,0,1,0,차대차 - 후진중충돌,안전운전불이행,건조,맑음,단일로 - 기타,승용,여,37세,상해없음,화물,남,41세,경상
2018110100100094,2018년 11월 1일 07시,목요일,인천광역시 서구 가좌동,중상사고,0,1,0,0,차대사람 - 기타,안전운전불이행,건조,맑음,단일로 - 기타,승용,남,32세,상해없음,보행자,남,55세,중상
2018110100100095,2018년 11월 1일 07시,목요일,인천광역시 강화군 강화읍,중상사고,0,2,0,0,차대차 - 측면충돌,신호위반,건조,맑음,교차로 - 교차로안,승용,남,70세,상해없음,이륜,남,78세,중상
2018110100100096,2018년 11월 1일 07시,목요일,인천광역시 남동구 서창동,경상사고,0,0,3,0,차대차 - 기타,신호위반,건조,맑음,교차로 - 교차로부근,기타불명,기타불명,미분류,기타불명,승용,남,58세,경상
2018110100100138,2018년 11월 1일 08시,목요일,인천광역시 남동구 구월동,경상사고,0,0,2,0,차대차 - 측면충돌,안전거리미확보,건조,맑음,기타 - 기타,승용,여,62세,경상,승용,여,45세,경상
2018110100100217,2018년 11월 1일 10시,목요일,인천광역시 미추홀구 주안동,중상사고,0,1,0,0,차대차 - 기타,기타,건조,맑음,단일로 - 기타,승용,남,61세,상해없음,이륜,남,54세,중상
2018110100100281,2018년 11월 1일 12시,목요일,인천광역시 미추홀구 주안동,경상사고,0,0,2,0,차대차 - 정면충돌,안전운전불이행,건조,맑음,단일로 - 기타,승용,남,70세,상해없음,승용,여,26세,경상
2018110100100342,2018년 11월 1일 14시,목요일,인천광역시 서구 가좌동,중상사고,0,1,0,0,차대사람 - 기타,안전운전불이행,건조,맑음,단일로 - 기타,화물,남,38세,상해없음,보행자,남,56세,중상
2018110100100393,2018년 11월 1일 15시,목요일,인천광역시 미추홀구 도화동,경상사고,0,0,3,0,차대차 - 추돌,안전운전불이행,건조,맑음,교차로 - 교차로부근,승용,남,54세,상해없음,승용,남,58세,경상
2018110100100394,2018년 11월 1일 15시,목요일,인천광역시 연수구 송도동,경상사고,0,0,1,0,차대차 - 추돌,안전운전불이행,건조,맑음,교차로 - 교차로부근,승용,남,49세,상해없음,승용,여,44세,경상
2018110100100395,2018년 11월 1일 15시,목요일,인천광역시 부평구 갈산동,경상사고,0,0,1,0,차대사람 - 기타,안전운전불이행,건조,맑음,단일로 - 기타,자전거,남,49세,경상,보행자,남,14세,상해없음
2018110100100396,2018년 11월 1일 15시,목요일,인천광역시 남동구 장수동,경상사고,0,0,1,0,차대차 - 기타,안전운전불이행,건조,맑음,단일로 - 기타,승용,여,47세,상해없음,승용,여,46세,경상
2018110100100478,2018년 11월 1일 17시,목요일,인천광역시 남동구 만수동,경상사고,0,0,1,0,차대사람 - 기타,안전운전불이행,건조,맑음,단일로 - 기타,기타불명,기타불명,미분류,기타불명,보행자,여,60세,경상
2018110100100479,2018년 11월 1일 17시,목요일,인천광역시 남동구 남촌동,중상사고,0,1,0,0,차대차 - 측면충돌,안전거리미확보,건조,맑음,단일로 - 기타,승용,남,77세,상해없음,화물,남,55세,중상
2018110100100537,2018년 11월 1일 18시,목요일,인천광역시 서구 원창동,경상사고,0,0,3,0,차대차 - 추돌,안전운전불이행,건조,맑음,단일로 - 기타,승용,여,36세,상해없음,승용,남,33세,경상
2018110100100581,2018년 11월 1일 19시,목요일,인천광역시 중구 운서동,경상사고,0,0,1,0,차대차 - 측면충돌,안전운전불이행,건조,맑음,교차로 - 교차로부근,승용,여,24세,상해없음,승용,남,56세,경상
2018110100100582,2018년 11월 1일 19시,목요일,인천광역시 동구 송림동,중상사고,0,1,0,0,차대사람 - 횡단중,보행자보호의무위반,건조,맑음,교차로 - 교차로횡단보도내,승용,여,48세,상해없음,보행자,여,36세,중상
2018110100100609,2018년 11월 1일 20시,목요일,인천광역시 서구 신현동,경상사고,0,0,1,0,차대차 - 추돌,안전운전불이행,건조,맑음,기타 - 기타,승용,남,38세,상해없음,승용,여,49세,경상
2018110100100610,2018년 11월 1일 20시,목요일,인천광역시 남동구 서창동,경상사고,0,0,1,0,차대차 - 추돌,안전거리미확보,건조,맑음,단일로 - 교량,승용,남,38세,상해없음,승용,남,40세,상해없음
2018110100100643,2018년 11월 1일 21시,목요일,인천광역시 미추홀구 도화동,경상사고,0,0,1,0,차대차 - 측면충돌,안전운전불이행,건조,맑음,단일로 - 기타,화물,남,67세,상해없음,승용,남,46세,경상
2018110100100644,2018년 11월 1일 21시,목요일,인천광역시 남동구 구월동,경상사고,0,0,2,0,차대차 - 기타,안전거리미확보,건조,맑음,교차로 - 교차로부근,승용,남,38세,상해없음,승용,남,42세,경상
2018110100100645,2018년 11월 1일 21시,목요일,인천광역시 남동구 운연동,중상사고,0,1,0,0,차대차 - 측면충돌,안전운전불이행,건조,맑음,교차로 - 교차로안,승용,여,22세,상해없음,자전거,남,26세,중상
2018110100100670,2018년 11월 1일 22시,목요일,인천광역시 미추홀구 주안동,경상사고,0,0,1,0,차대차 - 기타,안전운전불이행,건조,맑음,단일로 - 기타,이륜,남,49세,경상,승용,남,53세,상해없음
2018110100100671,2018년 11월 1일 22시,목요일,인천광역시 남동구 수산동,경상사고,0,0,1,0,차대차 - 정면충돌,신호위반,건조,맑음,교차로 - 교차로안,승용,남,39세,상해없음,승용,남,20세,경상
2018110200100012,2018년 11월 2일 00시,금요일,인천광역시 부평구 부평동,경상사고,0,0,1,0,차대사람 - 기타,안전운전불이행,건조,맑음,교차로 - 교차로부근,승용,남,55세,상해없음,보행자,남,38세,경상
2018110200100013,2018년 11월 2일 00시,금요일,인천광역시 부평구 갈산동,중상사고,0,1,0,0,차대사람 - 횡단중,안전운전불이행,건조,맑음,단일로 - 기타,승용,남,37세,상해없음,보행자,남,40세,중상
2018110200100042,2018년 11월 2일 03시,금요일,인천광역시 남동구 논현동,중상사고,0,1,0,0,차대차 - 정면충돌,중앙선침범,건조,맑음,단일로 - 기타,승용,남,32세,상해없음,화물,남,45세,중상
2018110200100060,2018년 11월 2일 05시,금요일,인천광역시 남동구 논현동,중상사고,0,1,0,0,차대차 - 측면충돌,중앙선침범,건조,맑음,단일로 - 기타,승용,남,25세,중상,승합,남,48세,상해없음
2018110200100075,2018년 11월 2일 06시,금요일,인천광역시 남동구 간석동,중상사고,0,1,0,0,차대사람 - 차도통행중,안전운전불이행,건조,맑음,단일로 - 기타,승합,남,56세,상해없음,보행자,여,75세,중상
2018110200100098,2018년 11월 2일 07시,금요일,인천광역시 부평구 삼산동,중상사고,0,1,0,0,차대사람 - 횡단중,보행자보호의무위반,건조,맑음,교차로 - 교차로횡단보도내,승용,여,47세,상해없음,보행자,여,61세,중상
2018110200100099,2018년 11월 2일 07시,금요일,인천광역시 남동구 남촌동,중상사고,0,1,0,0,차대사람 - 횡단중,안전운전불이행,건조,맑음,교차로 - 교차로안,화물,남,57세,상해없음,보행자,여,35세,중상
2018110200100148,2018년 11월 2일 08시,금요일,인천광역시 서구 가좌동,경상사고,0,0,1,0,차대차 - 정면충돌,신호위반,건조,맑음,교차로 - 교차로안,승용,여,51세,상해없음,승용,남,34세,경상
2018110200100149,2018년 11월 2일 08시,금요일,인천광역시 서구 청라동,경상사고,0,0,1,0,차대차 - 측면충돌,안전운전불이행,건조,맑음,교차로 - 교차로횡단보도내,승합,남,58세,상해없음,자전거,남,13세,경상
2018110200100150,2018년 11월 2일 08시,금요일,인천광역시 부평구 부평동,경상사고,0,0,1,0,차대차 - 측면충돌,안전운전불이행,건조,맑음,교차로 - 교차로안,승용,남,48세,상해없음,승용,남,40세,경상
2018110200100152,2018년 11월 2일 08시,금요일,인천광역시 남동구 논현동,중상사고,0,1,0,0,차대차 - 측면충돌,신호위반,건조,맑음,교차로 - 교차로안,건설기계,남,55세,상해없음,승용,여,42세,중상
2018110200100193,2018년 11월 2일 09시,금요일,인천광역시 연수구 옥련동,경상사고,0,0,1,0,차대차 - 측면충돌,안전운전불이행,건조,맑음,단일로 - 기타,승용,여,34세,상해없음,승용,여,39세,경상
2018110200100194,2018년 11월 2일 09시,금요일,인천광역시 부평구 일신동,중상사고,0,1,0,0,차대사람 - 기타,안전운전불이행,건조,맑음,단일로 - 기타,승용,남,47세,상해없음,보행자,남,63세,중상
2018110200100195,2018년 11월 2일 09시,금요일,인천광역시 남동구 만수동,경상사고,0,0,1,0,차대사람 - 기타,안전운전불이행,건조,맑음,단일로 - 기타,승용,여,55세,상해없음,보행자,여,69세,경상
2018110200100267,2018년 11월 2일 11시,금요일,인천광역시 강화군 화도면,경상사고,0,0,1,0,차대차 - 기타,안전운전불이행,건조,맑음,기타 - 기타,승용,여,49세,상해없음,화물,남,22세,경상
2018110200100310,2018년 11월 2일 12시,금요일,인천광역시 미추홀구 문학동,중상사고,0,1,0,0,차대차 - 기타,안전운전불이행,건조,맑음,교차로 - 교차로안,승용,남,43세,상해없음,자전거,남,69세,중상
2018110200100355,2018년 11월 2일 13시,금요일,인천광역시 계양구 상야동,경상사고,0,0,1,0,차대차 - 측면충돌,안전운전불이행,건조,맑음,단일로 - 기타,특수,남,38세,상해없음,승용,남,38세,경상
2018110200100440,2018년 11월 2일 15시,금요일,인천광역시 남동구 구월동,경상사고,0,0,2,0,차대차 - 측면충돌,안전운전불이행,건조,맑음,교차로 - 교차로안,승용,여,39세,경상,승합,여,56세,경상
2018110200100441,2018년 11월 2일 15시,금요일,인천광역시 부평구 갈산동,경상사고,0,0,1,0,차대차 - 측면충돌,신호위반,건조,맑음,교차로 - 교차로안,승용,남,37세,상해없음,원동기,남,30세,경상
2018110200100552,2018년 11월 2일 17시,금요일,인천광역시 계양구 계산동,경상사고,0,0,1,0,차대차 - 기타,안전운전불이행,건조,맑음,단일로 - 기타,승용,남,64세,상해없음,화물,남,39세,기타불명
2018110200100553,2018년 11월 2일 17시,금요일,인천광역시 남동구 만수동,경상사고,0,0,1,0,차대사람 - 기타,기타,건조,맑음,단일로 - 기타,승합,남,63세,상해없음,보행자,여,43세,경상
2018110200100641,2018년 11월 2일 18시,금요일,인천광역시 서구 마전동,중상사고,0,1,0,0,차대차 - 기타,안전운전불이행,건조,맑음,단일로 - 기타,승용,남,55세,상해없음,이륜,남,36세,중상
2018110200100642,2018년 11월 2일 18시,금요일,인천광역시 남동구 논현동,경상사고,0,0,1,0,차대차 - 측면충돌,교차로운행방법위반,건조,맑음,교차로 - 교차로안,승용,남,19세,상해없음,승용,남,66세,경상
2018110200100737,2018년 11월 2일 20시,금요일,인천광역시 중구 항동7가,중상사고,0,1,2,0,차대차 - 기타,교차로운행방법위반,건조,맑음,교차로 - 교차로안,승합,남,46세,상해없음,승용,여,34세,중상
2018110200100776,2018년 11월 2일 21시,금요일,인천광역시 중구 인현동,경상사고,0,0,1,0,차대차 - 기타,안전운전불이행,건조,맑음,단일로 - 기타,승용,남,23세,상해없음,승합,남,42세,상해없음
2018110200100813,2018년 11월 2일 22시,금요일,인천광역시 계양구 임학동,중상사고,0,1,0,0,차대사람 - 기타,안전운전불이행,건조,맑음,기타 - 기타,자전거,남,14세,상해없음,보행자,여,18세,중상
2018110200100839,2018년 11월 2일 23시,금요일,인천광역시 미추홀구 도화동,중상사고,0,1,0,0,차대사람 - 기타,안전운전불이행,건조,맑음,교차로 - 교차로부근,승용,여,50세,상해없음,보행자,남,46세,중상
2018110200100840,2018년 11월 2일 23시,금요일,인천광역시 서구 마전동,경상사고,0,0,1,0,차대차 - 정면충돌,중앙선침범,건조,맑음,단일로 - 기타,승용,남,31세,상해없음,승합,남,33세,경상
2018110200100841,2018년 11월 2일 23시,금요일,인천광역시 남동구 논현동,중상사고,0,2,1,0,차대차 - 기타,신호위반,건조,맑음,교차로 - 교차로안,승용,남,26세,상해없음,승용,남,41세,중상
2018110300100013,2018년 11월 3일 00시,토요일,인천광역시 미추홀구 용현동,사망사고,1,0,0,0,차대차 - 추돌,보행자보호의무위반,건조,맑음,단일로 - 기타,이륜,남,24세,사망,건설기계,남,39세,기타불명
2018110300100030,2018년 11월 3일 01시,토요일,인천광역시 부평구 부평동,경상사고,0,0,1,0,차대차 - 기타,안전운전불이행,건조,맑음,단일로 - 기타,승용,남,31세,상해없음,승용,남,73세,경상
2018110300100031,2018년 11월 3일 01시,토요일,인천광역시 연수구 송도동,경상사고,0,0,1,0,차대차 - 추돌,안전운전불이행,건조,맑음,교차로 - 교차로부근,승용,남,46세,상해없음,승용,남,27세,경상
2018110300100095,2018년 11월 3일 06시,토요일,인천광역시 남동구 간석동,경상사고,0,0,1,0,차대차 - 측면충돌,교차로운행방법위반,건조,맑음,교차로 - 교차로부근,승용,남,66세,상해없음,승용,남,29세,경상
2018110300100096,2018년 11월 3일 06시,토요일,인천광역시 연수구 청학동,경상사고,0,0,1,0,차대차 - 정면충돌,안전운전불이행,건조,맑음,교차로 - 교차로안,승용,남,30세,상해없음,승용,여,65세,경상
2018110300100108,2018년 11월 3일 07시,토요일,인천광역시 계양구 박촌동,경상사고,0,0,1,0,차대사람 - 횡단중,신호위반,건조,맑음,단일로 - 기타,건설기계,남,46세,상해없음,보행자,여,44세,경상
2018110300100190,2018년 11월 3일 10시,토요일,인천광역시 부평구 갈산동,경상사고,0,0,1,0,차대차 - 기타,안전운전불이행,건조,맑음,단일로 - 기타,승용,여,47세,상해없음,승용,여,59세,경상
2018110300100191,2018년 11월 3일 10시,토요일,인천광역시 부평구 청천동,경상사고,0,0,1,0,차대차 - 측면충돌,안전운전불이행,건조,맑음,단일로 - 기타,승용,남,24세,상해없음,승용,남,28세,경상
2018110300100283,2018년 11월 3일 12시,토요일,인천광역시 중구 중산동,경상사고,0,0,1,0,차대차 - 추돌,안전운전불이행,건조,맑음,교차로 - 교차로안,승용,여,38세,상해없음,승용,남,45세,경상
2018110300100284,2018년 11월 3일 12시,토요일,인천광역시 연수구 송도동,중상사고,0,1,0,0,차대차 - 정면충돌,신호위반,건조,맑음,단일로 - 기타,승용,여,28세,상해없음,자전거,여,59세,중상
2018110300100320,2018년 11월 3일 13시,토요일,인천광역시 미추홀구 용현동,경상사고,0,0,1,0,차대차 - 측면충돌,안전운전불이행,건조,맑음,교차로 - 교차로안,승용,남,51세,상해없음,승용,남,61세,상해없음
2018110300100321,2018년 11월 3일 13시,토요일,인천광역시 서구 석남동,사망사고,1,0,0,0,차대사람 - 횡단중,안전운전불이행,건조,맑음,교차로 - 교차로안,승용,남,57세,상해없음,보행자,남,60세,사망
2018110300100322,2018년 11월 3일 13시,토요일,인천광역시 연수구 연수동,중상사고,0,1,0,0,차대차 - 측면충돌,신호위반,건조,맑음,교차로 - 교차로안,승용,남,43세,상해없음,승용,남,50세,중상
2018110300100323,2018년 11월 3일 13시,토요일,인천광역시 연수구 송도동,경상사고,0,0,1,0,차대사람 - 기타,안전운전불이행,건조,맑음,단일로 - 기타,승용,여,35세,상해없음,보행자,여,34세,경상
2018110300100393,2018년 11월 3일 15시,토요일,인천광역시 미추홀구 주안동,중상사고,0,1,0,0,차대차 - 추돌,안전운전불이행,건조,맑음,단일로 - 기타,승용,남,60세,상해없음,화물,남,60세,중상
2018110300100394,2018년 11월 3일 15시,토요일,인천광역시 서구 청라동,경상사고,0,0,2,0,차대차 - 기타,기타,건조,맑음,주차장 - 주차장,승용,여,32세,경상,승용,여,32세,경상
2018110300100395,2018년 11월 3일 15시,토요일,인천광역시 서구 경서동,경상사고,0,0,1,0,차대차 - 측면충돌,안전운전불이행,건조,맑음,교차로 - 교차로안,승용,여,51세,상해없음,승용,여,64세,경상
2018110300100435,2018년 11월 3일 16시,토요일,인천광역시 남동구 간석동,경상사고,0,0,2,0,차대차 - 추돌,안전운전불이행,건조,맑음,기타 - 기타,승용,남,53세,상해없음,화물,남,51세,경상
2018110300100479,2018년 11월 3일 17시,토요일,인천광역시 부평구 부평동,경상사고,0,0,2,0,차대차 - 후진중충돌,안전운전불이행,건조,맑음,교차로 - 교차로부근,승용,남,66세,상해없음,기타불명,기타불명,미분류,기타불명
2018110300100529,2018년 11월 3일 18시,토요일,인천광역시 미추홀구 도화동,경상사고,0,0,2,0,차대차 - 기타,안전운전불이행,건조,맑음,단일로 - 기타,승용,남,69세,기타불명,승용,남,49세,경상
2018110300100530,2018년 11월 3일 18시,토요일,인천광역시 부평구 십정동,경상사고,0,0,3,0,차대차 - 추돌,안전운전불이행,건조,맑음,단일로 - 기타,승용,남,31세,상해없음,승용,여,31세,경상
2018110300100567,2018년 11월 3일 19시,토요일,인천광역시 부평구 부개동,경상사고,0,0,1,0,차대사람 - 차도통행중,안전운전불이행,건조,맑음,교차로 - 교차로안,기타불명,기타불명,미분류,기타불명,보행자,여,65세,경상
2018110300100592,2018년 11월 3일 20시,토요일,인천광역시 계양구 서운동,중상사고,0,1,0,0,차대차 - 측면충돌,안전운전불이행,건조,맑음,단일로 - 기타,승용,남,54세,상해없음,건설기계,남,32세,기타불명
2018110300100593,2018년 11월 3일 20시,토요일,인천광역시 연수구 선학동,경상사고,0,0,2,0,차대차 - 기타,안전운전불이행,건조,맑음,교차로 - 교차로안,승용,남,23세,상해없음,승용,남,25세,경상
2018110300100608,2018년 11월 3일 21시,토요일,인천광역시 중구 북성동1가,중상사고,0,1,0,0,차대차 - 추돌,안전운전불이행,젖음/습기,흐림,교차로 - 교차로부근,승합,남,54세,상해없음,승용,여,54세,중상
2018110300100609,2018년 11월 3일 21시,토요일,인천광역시 부평구 부평동,중상사고,0,1,1,0,차대차 - 기타,신호위반,건조,맑음,교차로 - 교차로부근,이륜,남,27세,중상,승용,여,26세,경상
2018110300100634,2018년 11월 3일 22시,토요일,인천광역시 부평구 일신동,중상사고,0,1,0,0,차대차 - 추돌,안전운전불이행,건조,맑음,단일로 - 기타,화물,남,53세,상해없음,자전거,남,44세,중상
2018110400100051,2018년 11월 4일 03시,일요일,인천광역시 남동구 만수동,중상사고,0,1,0,0,차대사람 - 횡단중,안전운전불이행,건조,맑음,단일로 - 기타,승용,남,53세,상해없음,보행자,남,68세,중상
2018110400100064,2018년 11월 4일 05시,일요일,인천광역시 남동구 간석동,중상사고,0,1,0,0,차대차 - 추돌,안전운전불이행,건조,맑음,교차로 - 교차로부근,승용,남,63세,기타불명,승용,여,50세,중상
2018110400100065,2018년 11월 4일 05시,일요일,인천광역시 서구 석남동,경상사고,0,0,1,0,차대차 - 기타,안전운전불이행,건조,맑음,단일로 - 기타,승용,남,21세,상해없음,승용,남,52세,경상
2018110400100080,2018년 11월 4일 06시,일요일,인천광역시 미추홀구 주안동,중상사고,0,1,0,0,차대사람 - 차도통행중,안전운전불이행,건조,맑음,교차로 - 교차로부근,승용,남,74세,상해없음,보행자,남,68세,중상
2018110400100100,2018년 11월 4일 08시,일요일,인천광역시 남동구 간석동,중상사고,0,1,0,0,차대사람 - 횡단중,보행자보호의무위반,건조,맑음,교차로 - 교차로안,승용,남,45세,상해없음,보행자,남,45세,중상
2018110400100177,2018년 11월 4일 11시,일요일,인천광역시 중구 운서동,중상사고,0,1,3,0,차대차 - 측면충돌,신호위반,건조,맑음,교차로 - 교차로안,승용,남,23세,상해없음,승용,남,58세,중상
2018110400100178,2018년 11월 4일 11시,일요일,인천광역시 남동구 구월동,중상사고,0,1,0,0,차대차 - 기타,신호위반,건조,맑음,교차로 - 교차로안,이륜,남,18세,상해없음,이륜,남,39세,중상
2018110400100240,2018년 11월 4일 13시,일요일,인천광역시 중구 운남동,중상사고,0,1,0,0,차량단독 - 기타,안전운전불이행,건조,맑음,기타 - 기타,이륜,남,67세,중상,,,,
2018110400100241,2018년 11월 4일 13시,일요일,인천광역시 계양구 계산동,경상사고,0,0,3,0,차대차 - 측면충돌,안전운전불이행,건조,맑음,교차로 - 교차로횡단보도내,승용,여,43세,상해없음,승용,여,40세,경상
2018110400100274,2018년 11월 4일 14시,일요일,인천광역시 남동구 만수동,경상사고,0,0,1,0,차대사람 - 횡단중,안전운전불이행,건조,맑음,단일로 - 기타,승용,여,34세,상해없음,보행자,여,69세,경상
2018110400100347,2018년 11월 4일 16시,일요일,인천광역시 미추홀구 학익동,경상사고,0,0,3,3,차대차 - 후진중충돌,안전운전불이행,건조,맑음,교차로 - 교차로안,화물,남,57세,부상신고,승용,남,46세,경상
2018110400100348,2018년 11월 4일 16시,일요일,인천광역시 서구 가좌동,중상사고,0,1,0,0,차대차 - 기타,안전운전불이행,건조,맑음,단일로 - 기타,화물,남,59세,상해없음,이륜,남,27세,중상
2018110400100423,2018년 11월 4일 18시,일요일,인천광역시 미추홀구 주안동,중상사고,0,1,0,0,차대차 - 기타,안전운전불이행,건조,맑음,단일로 - 기타,승용,남,60세,기타불명,이륜,남,26세,중상
2018110400100485,2018년 11월 4일 20시,일요일,인천광역시 남동구 간석동,중상사고,0,1,0,0,차대사람 - 기타,안전운전불이행,건조,맑음,교차로 - 교차로안,승용,남,61세,상해없음,보행자,남,51세,중상
2018110400100510,2018년 11월 4일 21시,일요일,인천광역시 옹진군 영흥면,경상사고,0,0,2,0,차대차 - 측면충돌,안전운전불이행,건조,맑음,교차로 - 교차로안,승용,남,28세,상해없음,승용,남,55세,경상
2018110400100527,2018년 11월 4일 22시,일요일,인천광역시 연수구 동춘동,경상사고,0,0,1,0,차대사람 - 횡단중,안전운전불이행,건조,맑음,교차로 - 교차로안,승용,남,35세,상해없음,보행자,남,19세,경상
2018110500100007,2018년 11월 5일 00시,월요일,인천광역시 미추홀구 주안동,경상사고,0,0,1,0,차대차 - 기타,안전운전불이행,건조,맑음,단일로 - 기타,기타불명,기타불명,미분류,기타불명,자전거,남,43세,경상
2018110500100008,2018년 11월 5일 00시,월요일,인천광역시 부평구 부평동,중상사고,0,1,0,0,차대사람 - 횡단중,안전운전불이행,건조,맑음,단일로 - 기타,승용,남,37세,상해없음,보행자,남,82세,중상
2018110500100132,2018년 11월 5일 08시,월요일,인천광역시 남동구 간석동,경상사고,0,0,1,0,차대차 - 측면충돌,안전거리미확보,건조,맑음,기타 - 기타,승용,여,30세,상해없음,승용,남,37세,경상
2018110500100133,2018년 11월 5일 08시,월요일,인천광역시 계양구 작전동,경상사고,0,0,1,0,차대차 - 측면충돌,교차로운행방법위반,건조,맑음,교차로 - 교차로안,승용,남,33세,상해없음,건설기계,남,32세,경상
2018110500100168,2018년 11월 5일 09시,월요일,인천광역시 미추홀구 도화동,경상사고,0,0,1,0,차대차 - 측면충돌,안전운전불이행,건조,맑음,교차로 - 교차로부근,승용,남,72세,상해없음,승용,여,39세,경상
2018110500100169,2018년 11월 5일 09시,월요일,인천광역시 미추홀구 주안동,경상사고,0,0,1,0,차대차 - 기타,안전운전불이행,건조,맑음,기타 - 기타,승용,여,55세,상해없음,승용,여,40세,경상
2018110500100170,2018년 11월 5일 09시,월요일,인천광역시 서구 가좌동,부상신고사고,0,0,0,1,차대사람 - 길가장자리구역통행중,안전운전불이행,건조,맑음,교차로 - 교차로안,승용,여,45세,상해없음,보행자,남,61세,부상신고
2018110500100171,2018년 11월 5일 09시,월요일,인천광역시 서구 오류동,중상사고,0,1,0,0,차대차 - 기타,안전운전불이행,건조,맑음,단일로 - 기타,승용,남,43세,상해없음,화물,남,42세,중상
2018110500100172,2018년 11월 5일 09시,월요일,인천광역시 서구 신현동,경상사고,0,0,2,0,차대차 - 측면충돌,안전운전불이행,건조,맑음,단일로 - 기타,화물,남,24세,상해없음,승용,남,41세,경상
2018110500100206,2018년 11월 5일 10시,월요일,인천광역시 연수구 송도동,경상사고,0,0,1,0,차대차 - 측면충돌,신호위반,건조,맑음,교차로 - 교차로안,승용,남,74세,상해없음,승용,남,54세,경상
2018110500100255,2018년 11월 5일 11시,월요일,인천광역시 미추홀구 주안동,부상신고사고,0,0,0,1,차대사람 - 길가장자리구역통행중,안전운전불이행,건조,맑음,단일로 - 기타,승용,남,71세,상해없음,보행자,여,60세,부상신고