사고번호,사고일시,요일,시군구,사고내용,사망자수,중상자수,경상자수,부상신고자수,사고유형,법규위반,노면상태,기상상태,도로형태,가해운전자 차종,가해운전자 성별,가해운전자 연령,가해운전자 상해정도,피해운전자 차종,피해운전자 성별,피해운전자 연령,피해운전자 상해정도
2018110500100256,2018년 11월 5일 11시,월요일,인천광역시 서구 원창동,경상사고,0,0,1,0,차대차 - 정면충돌,신호위반,건조,맑음,교차로 - 교차로안,승용,남,55세,상해없음,승용,남,43세,경상
2018110500100289,2018년 11월 5일 12시,월요일,인천광역시 미추홀구 학익동,경상사고,0,0,1,0,차대차 - 측면충돌,안전운전불이행,건조,맑음,교차로 - 교차로안,이륜,남,26세,상해없음,화물,남,37세,경상
2018110500100321,2018년 11월 5일 13시,월요일,인천광역시 서구 불로동,중상사고,0,1,0,0,차대사람 - 기타,안전운전불이행,건조,맑음,단일로 - 기타,화물,남,48세,상해없음,보행자,여,71세,중상
2018110500100322,2018년 11월 5일 13시,월요일,인천광역시 연수구 연수동,사망사고,1,0,0,0,차대사람 - 기타,안전운전불이행,건조,맑음,교차로 - 교차로안,화물,남,64세,상해없음,보행자,여,88세,사망
2018110500100396,2018년 11월 5일 15시,월요일,인천광역시 미추홀구 학익동,부상신고사고,0,0,0,1,차대차 - 기타,안전운전불이행,건조,맑음,단일로 - 기타,기타불명,기타불명,미분류,기타불명,자전거,남,82세,부상신고
2018110500100487,2018년 11월 5일 17시,월요일,인천광역시 계양구 작전동,경상사고,0,0,1,0,차대차 - 추돌,안전운전불이행,건조,맑음,교차로 - 교차로부근,승용,남,42세,상해없음,승용,남,24세,경상
2018110500100597,2018년 11월 5일 19시,월요일,인천광역시 부평구 부평동,경상사고,0,0,1,0,차대차 - 기타,신호위반,건조,맑음,교차로 - 교차로부근,승용,남,56세,상해없음,이륜,남,38세,경상
2018110500100620,2018년 11월 5일 20시,월요일,인천광역시 미추홀구 학익동,경상사고,0,0,1,0,차대사람 - 보도통행중,기타,건조,맑음,기타 - 기타,승용,남,44세,상해없음,보행자,남,53세,경상
2018110500100681,2018년 11월 5일 23시,월요일,인천광역시 연수구 청학동,사망사고,1,0,0,0,차대차 - 측면충돌,안전운전불이행,건조,맑음,교차로 - 교차로부근,자전거,여,57세,사망,승합,남,67세,상해없음
2018110600100020,2018년 11월 6일 02시,화요일,인천광역시 연수구 송도동,경상사고,0,0,1,0,차대차 - 추돌,안전운전불이행,건조,맑음,교차로 - 교차로부근,승용,남,57세,상해없음,승용,남,57세,경상
2018110600100052,2018년 11월 6일 06시,화요일,인천광역시 서구 연희동,경상사고,0,0,1,0,차대차 - 정면충돌,신호위반,건조,맑음,교차로 - 교차로안,승용,남,46세,상해없음,승용,남,55세,경상
2018110600100119,2018년 11월 6일 08시,화요일,인천광역시 미추홀구 학익동,경상사고,0,0,1,0,차대사람 - 기타,안전운전불이행,건조,맑음,기타 - 기타,승용,남,18세,상해없음,보행자,남,62세,경상
2018110600100155,2018년 11월 6일 09시,화요일,인천광역시 미추홀구 주안동,경상사고,0,0,1,0,차대차 - 추돌,안전운전불이행,건조,맑음,교차로 - 교차로부근,승용,남,24세,상해없음,화물,남,61세,경상
2018110600100185,2018년 11월 6일 10시,화요일,인천광역시 중구 중앙동1가,중상사고,0,1,0,0,차대사람 - 기타,안전운전불이행,건조,맑음,단일로 - 기타,승용,여,34세,상해없음,보행자,남,12세,중상
2018110600100221,2018년 11월 6일 11시,화요일,인천광역시 옹진군 영흥면,경상사고,0,0,2,0,차대차 - 측면충돌,안전운전불이행,건조,맑음,교차로 - 교차로안,승용,남,45세,상해없음,화물,남,61세,경상
2018110600100222,2018년 11월 6일 11시,화요일,인천광역시 미추홀구 관교동,경상사고,0,0,1,0,차대차 - 후진중충돌,안전운전불이행,건조,맑음,단일로 - 기타,승용,남,85세,상해없음,승합,남,42세,상해없음
2018110600100223,2018년 11월 6일 11시,화요일,인천광역시 서구 당하동,경상사고,0,0,1,0,차대사람 - 기타,안전운전불이행,건조,맑음,기타 - 기타,승합,남,52세,상해없음,보행자,여,43세,경상
2018110600100224,2018년 11월 6일 11시,화요일,인천광역시 강화군 불은면,중상사고,0,1,0,0,차대차 - 기타,안전운전불이행,건조,맑음,교차로 - 교차로부근,화물,남,69세,상해없음,농기계,남,79세,중상
2018110600100278,2018년 11월 6일 13시,화요일,인천광역시 남동구 구월동,중상사고,0,1,0,0,차대사람 - 횡단중,신호위반,건조,맑음,교차로 - 교차로횡단보도내,승용,여,56세,상해없음,보행자,여,58세,중상
2018110600100279,2018년 11월 6일 13시,화요일,인천광역시 남동구 만수동,경상사고,0,0,1,0,차량단독 - 기타,안전운전불이행,건조,맑음,기타 - 기타,승합,남,61세,상해없음,,,,
2018110600100280,2018년 11월 6일 13시,화요일,인천광역시 남동구 구월동,경상사고,0,0,2,0,차대차 - 측면충돌,신호위반,건조,맑음,교차로 - 교차로부근,승용,남,57세,상해없음,승용,여,36세,경상
2018110600100303,2018년 11월 6일 14시,화요일,인천광역시 서구 오류동,경상사고,0,0,1,0,차대차 - 추돌,안전운전불이행,건조,맑음,단일로 - 기타,건설기계,남,49세,상해없음,승용,남,60세,경상
2018110600100373,2018년 11월 6일 16시,화요일,인천광역시 동구 송현동,경상사고,0,0,1,0,차대차 - 기타,안전운전불이행,건조,맑음,교차로 - 교차로부근,화물,남,64세,상해없음,승용,여,52세,경상
2018110600100422,2018년 11월 6일 17시,화요일,인천광역시 미추홀구 관교동,중상사고,0,1,0,0,차대차 - 추돌,중앙선침범,건조,맑음,교차로 - 교차로부근,승용,남,60세,상해없음,이륜,남,55세,중상
2018110600100423,2018년 11월 6일 17시,화요일,인천광역시 미추홀구 용현동,경상사고,0,0,1,0,차대차 - 측면충돌,안전운전불이행,건조,맑음,단일로 - 기타,화물,남,53세,상해없음,승용,여,37세,경상
2018110600100481,2018년 11월 6일 18시,화요일,인천광역시 계양구 작전동,경상사고,0,0,1,0,차대차 - 측면충돌,안전운전불이행,건조,맑음,단일로 - 기타,승용,남,25세,상해없음,승용,남,59세,경상
2018110600100561,2018년 11월 6일 20시,화요일,인천광역시 남동구 간석동,경상사고,0,0,1,0,차대차 - 기타,안전운전불이행,건조,맑음,기타 - 기타,승용,남,52세,상해없음,이륜,남,39세,경상
2018110600100625,2018년 11월 6일 23시,화요일,인천광역시 미추홀구 학익동,경상사고,0,0,1,0,차대차 - 추돌,안전운전불이행,건조,기타,교차로 - 교차로부근,승용,남,48세,상해없음,승용,남,38세,경상
2018110600100626,2018년 11월 6일 23시,화요일,인천광역시 연수구 송도동,중상사고,0,1,0,0,차대사람 - 횡단중,안전운전불이행,건조,맑음,단일로 - 기타,승용,남,27세,상해없음,보행자,남,39세,중상
2018110700100010,2018년 11월 7일 00시,수요일,인천광역시 서구 가정동,경상사고,0,0,1,0,차대차 - 정면충돌,중앙선침범,건조,맑음,교차로 - 교차로부근,승용,남,35세,상해없음,승용,남,33세,경상
2018110700100011,2018년 11월 7일 00시,수요일,인천광역시 연수구 청학동,경상사고,0,0,1,0,차대차 - 측면충돌,안전거리미확보,건조,맑음,단일로 - 기타,승합,남,62세,상해없음,승용,남,27세,경상
2018110700100045,2018년 11월 7일 03시,수요일,인천광역시 서구 청라동,중상사고,0,1,1,0,차대사람 - 횡단중,신호위반,젖음/습기,비,교차로 - 교차로횡단보도내,이륜,남,34세,경상,보행자,남,25세,중상
2018110700100051,2018년 11월 7일 04시,수요일,인천광역시 미추홀구 용현동,중상사고,0,1,0,0,차대사람 - 횡단중,보행자보호의무위반,젖음/습기,비,교차로 - 교차로횡단보도내,승용,남,49세,상해없음,보행자,여,29세,중상
2018110700100052,2018년 11월 7일 04시,수요일,인천광역시 남동구 구월동,부상신고사고,0,0,0,1,차대사람 - 기타,안전운전불이행,젖음/습기,비,교차로 - 교차로안,승용,남,67세,상해없음,보행자,남,32세,부상신고
2018110700100074,2018년 11월 7일 06시,수요일,인천광역시 중구 신흥동3가,경상사고,0,0,2,0,차대차 - 측면충돌,신호위반,젖음/습기,맑음,교차로 - 교차로안,승용,남,61세,경상,화물,남,61세,경상
2018110700100075,2018년 11월 7일 06시,수요일,인천광역시 남동구 고잔동,경상사고,0,0,1,0,차대차 - 측면충돌,안전운전불이행,건조,맑음,단일로 - 기타,화물,남,47세,기타불명,승용,남,49세,경상
2018110700100213,2018년 11월 7일 10시,수요일,인천광역시 부평구 십정동,경상사고,0,0,1,0,차대사람 - 기타,안전운전불이행,건조,맑음,단일로 - 기타,건설기계,남,46세,경상,보행자,남,62세,상해없음
2018110700100239,2018년 11월 7일 11시,수요일,인천광역시 계양구 작전동,경상사고,0,0,1,0,차대차 - 추돌,안전운전불이행,건조,맑음,단일로 - 기타,화물,남,59세,상해없음,승용,남,62세,경상
2018110700100274,2018년 11월 7일 12시,수요일,인천광역시 부평구 구산동,중상사고,0,1,0,0,차대차 - 측면충돌,안전운전불이행,건조,맑음,단일로 - 기타,화물,남,54세,상해없음,화물,남,33세,중상
2018110700100310,2018년 11월 7일 13시,수요일,인천광역시 서구 청라동,경상사고,0,0,1,0,차대차 - 측면충돌,안전운전불이행,건조,맑음,교차로 - 교차로안,승합,남,68세,상해없음,이륜,남,33세,경상
2018110700100331,2018년 11월 7일 14시,수요일,인천광역시 계양구 작전동,중상사고,0,1,0,0,차대차 - 측면충돌,기타,건조,맑음,단일로 - 기타,승용,남,57세,상해없음,자전거,여,47세,중상
2018110700100542,2018년 11월 7일 18시,수요일,인천광역시 미추홀구 용현동,경상사고,0,0,1,0,차대차 - 기타,안전운전불이행,건조,맑음,단일로 - 기타,승용,여,42세,상해없음,승용,남,49세,경상
2018110700100543,2018년 11월 7일 18시,수요일,인천광역시 강화군 길상면,경상사고,0,0,2,0,차대차 - 측면충돌,교차로운행방법위반,건조,맑음,교차로 - 교차로안,승합,여,66세,상해없음,화물,남,53세,경상
2018110700100544,2018년 11월 7일 18시,수요일,인천광역시 부평구 부평동,중상사고,0,1,0,0,차대사람 - 기타,중앙선침범,건조,맑음,단일로 - 기타,승합,남,48세,상해없음,보행자,여,79세,중상
2018110700100545,2018년 11월 7일 18시,수요일,인천광역시 남동구 만수동,경상사고,0,0,1,0,차대차 - 측면충돌,안전거리미확보,건조,맑음,단일로 - 기타,승합,여,52세,상해없음,승용,여,47세,경상
2018110700100602,2018년 11월 7일 19시,수요일,인천광역시 계양구 동양동,중상사고,0,1,0,0,차대차 - 측면충돌,안전운전불이행,젖음/습기,비,교차로 - 교차로안,승용,남,31세,상해없음,승합,남,51세,중상
2018110700100640,2018년 11월 7일 20시,수요일,인천광역시 연수구 청학동,중상사고,0,1,1,0,차대차 - 추돌,안전운전불이행,젖음/습기,흐림,단일로 - 기타,승용,남,34세,기타불명,승용,남,32세,중상
2018110700100676,2018년 11월 7일 21시,수요일,인천광역시 남동구 구월동,경상사고,0,0,1,0,차대사람 - 기타,안전운전불이행,건조,맑음,기타 - 기타,기타불명,기타불명,미분류,기타불명,보행자,여,29세,경상
2018110700100677,2018년 11월 7일 21시,수요일,인천광역시 서구 석남동,경상사고,0,0,2,0,차대차 - 측면충돌,신호위반,건조,맑음,교차로 - 교차로부근,승용,여,36세,상해없음,승용,남,62세,상해없음
2018110700100678,2018년 11월 7일 21시,수요일,인천광역시 남동구 장수동,경상사고,0,0,1,0,차대차 - 추돌,안전운전불이행,건조,맑음,교차로 - 교차로부근,승용,남,63세,상해없음,승용,여,52세,경상
2018110700100691,2018년 11월 7일 22시,수요일,인천광역시 연수구 청학동,경상사고,0,0,1,0,차대차 - 추돌,안전운전불이행,젖음/습기,비,교차로 - 교차로부근,승용,남,27세,상해없음,승용,여,44세,경상
2018110700100718,2018년 11월 7일 23시,수요일,인천광역시 부평구 부평동,경상사고,0,0,1,0,차대차 - 추돌,안전운전불이행,건조,맑음,단일로 - 기타,승용,남,61세,상해없음,승용,남,61세,경상
2018110800100019,2018년 11월 8일 00시,목요일,인천광역시 계양구 계산동,중상사고,0,1,0,0,차대사람 - 차도통행중,안전운전불이행,젖음/습기,비,교차로 - 교차로부근,승용,남,34세,상해없음,보행자,여,51세,중상
2018110800100020,2018년 11월 8일 00시,목요일,인천광역시 부평구 부개동,중상사고,0,1,0,0,차량단독 - 공작물충돌,안전운전불이행,젖음/습기,비,교차로 - 교차로안,승합,남,30세,상해없음,,,,
2018110800100081,2018년 11월 8일 05시,목요일,인천광역시 계양구 작전동,중상사고,0,1,0,0,차대사람 - 차도통행중,안전운전불이행,젖음/습기,비,교차로 - 교차로안,승용,남,60세,상해없음,보행자,남,77세,중상
2018110800100109,2018년 11월 8일 06시,목요일,인천광역시 미추홀구 용현동,중상사고,0,1,0,0,차대사람 - 횡단중,보행자보호의무위반,젖음/습기,비,교차로 - 교차로횡단보도내,승용,남,47세,상해없음,보행자,여,58세,중상
2018110800100142,2018년 11월 8일 07시,목요일,인천광역시 서구 오류동,경상사고,0,0,1,0,차대차 - 추돌,안전운전불이행,건조,맑음,단일로 - 기타,승용,남,58세,상해없음,승용,남,27세,경상
2018110800100275,2018년 11월 8일 11시,목요일,인천광역시 부평구 부평동,중상사고,0,1,1,0,차대차 - 기타,신호위반,젖음/습기,비,교차로 - 교차로부근,승용,여,79세,중상,승용,여,50세,경상
2018110800100276,2018년 11월 8일 11시,목요일,인천광역시 남동구 구월동,경상사고,0,0,1,0,차대차 - 추돌,안전거리미확보,건조,맑음,단일로 - 기타,승용,여,38세,상해없음,승용,남,40세,경상
2018110800100367,2018년 11월 8일 14시,목요일,인천광역시 부평구 십정동,경상사고,0,0,1,0,차대차 - 기타,안전운전불이행,젖음/습기,비,단일로 - 기타,승용,남,54세,상해없음,화물,남,47세,경상
2018110800100477,2018년 11월 8일 17시,목요일,인천광역시 계양구 작전동,경상사고,0,0,2,0,차대차 - 기타,안전운전불이행,젖음/습기,비,단일로 - 기타,승용,남,27세,상해없음,승용,남,51세,경상
2018110800100478,2018년 11월 8일 17시,목요일,인천광역시 부평구 부개동,중상사고,0,1,0,0,차대사람 - 횡단중,안전운전불이행,젖음/습기,비,교차로 - 교차로부근,승용,여,52세,상해없음,보행자,여,63세,중상
2018110800100572,2018년 11월 8일 18시,목요일,인천광역시 미추홀구 문학동,중상사고,0,1,0,0,차대차 - 측면충돌,안전운전불이행,기타,기타,교차로 - 교차로안,승용,여,45세,상해없음,승용,여,50세,중상
2018110800100573,2018년 11월 8일 18시,목요일,인천광역시 서구 청라동,경상사고,0,0,1,0,차대차 - 측면충돌,안전운전불이행,젖음/습기,비,단일로 - 기타,화물,남,37세,상해없음,원동기,남,17세,경상
2018110800100574,2018년 11월 8일 18시,목요일,인천광역시 계양구 계산동,경상사고,0,0,2,0,차대사람 - 횡단중,신호위반,젖음/습기,맑음,단일로 - 기타,승용,남,61세,상해없음,보행자,여,57세,경상
2018110800100575,2018년 11월 8일 18시,목요일,인천광역시 강화군 강화읍,중상사고,0,1,0,0,차대사람 - 횡단중,안전운전불이행,젖음/습기,비,교차로 - 교차로횡단보도내,승용,남,58세,상해없음,보행자,여,16세,중상
2018110800100658,2018년 11월 8일 19시,목요일,인천광역시 중구 항동7가,중상사고,0,1,0,0,차대차 - 측면충돌,신호위반,젖음/습기,비,교차로 - 교차로부근,승용,남,19세,상해없음,승용,남,27세,중상
2018110800100659,2018년 11월 8일 19시,목요일,인천광역시 부평구 부평동,경상사고,0,0,2,0,차대차 - 정면충돌,신호위반,젖음/습기,비,교차로 - 교차로안,승용,여,32세,상해없음,승용,여,43세,경상
2018110800100660,2018년 11월 8일 19시,목요일,인천광역시 계양구 임학동,경상사고,0,0,1,0,차대사람 - 보도통행중,안전운전불이행,젖음/습기,비,단일로 - 기타,승용,남,56세,상해없음,보행자,여,23세,경상
2018110800100661,2018년 11월 8일 19시,목요일,인천광역시 남동구 만수동,중상사고,0,1,1,0,차대차 - 측면충돌,교차로운행방법위반,젖음/습기,비,교차로 - 교차로안,승용,여,61세,상해없음,승용,남,34세,경상
2018110800100721,2018년 11월 8일 20시,목요일,인천광역시 연수구 송도동,경상사고,0,0,1,0,차대사람 - 횡단중,보행자보호의무위반,젖음/습기,비,교차로 - 교차로횡단보도내,이륜,남,56세,상해없음,보행자,남,35세,경상
2018110800100722,2018년 11월 8일 20시,목요일,인천광역시 남동구 수산동,경상사고,0,0,1,0,차대차 - 추돌,안전운전불이행,젖음/습기,비,교차로 - 교차로부근,승용,여,41세,상해없음,승용,여,39세,경상
2018110800100768,2018년 11월 8일 21시,목요일,인천광역시 부평구 부평동,경상사고,0,0,1,0,차대차 - 추돌,안전운전불이행,젖음/습기,비,단일로 - 기타,승용,남,45세,상해없음,승용,남,29세,경상
2018110800100769,2018년 11월 8일 21시,목요일,인천광역시 부평구 십정동,부상신고사고,0,0,0,1,차대사람 - 기타,안전운전불이행,젖음/습기,비,단일로 - 기타,기타불명,기타불명,미분류,기타불명,보행자,남,45세,부상신고
2018110800100770,2018년 11월 8일 21시,목요일,인천광역시 부평구 일신동,부상신고사고,0,0,0,1,차대차 - 측면충돌,안전거리미확보,젖음/습기,비,단일로 - 기타,기타불명,기타불명,미분류,기타불명,승용,남,38세,부상신고
2018110800100822,2018년 11월 8일 22시,목요일,인천광역시 미추홀구 도화동,경상사고,0,0,1,0,차대차 - 추돌,안전운전불이행,젖음/습기,비,단일로 - 기타,화물,남,33세,상해없음,승용,남,30세,경상
2018110800100823,2018년 11월 8일 22시,목요일,인천광역시 서구 청라동,경상사고,0,0,1,0,차대차 - 측면충돌,신호위반,젖음/습기,맑음,교차로 - 교차로안,승용,남,26세,상해없음,승합,남,48세,경상
2018110800100824,2018년 11월 8일 22시,목요일,인천광역시 서구 청라동,경상사고,0,0,1,0,차대차 - 기타,안전운전불이행,젖음/습기,비,교차로 - 교차로안,승용,남,57세,상해없음,화물,남,26세,경상
2018110800100825,2018년 11월 8일 22시,목요일,인천광역시 연수구 옥련동,경상사고,0,0,2,0,차대차 - 추돌,안전운전불이행,젖음/습기,비,교차로 - 교차로부근,승용,남,51세,상해없음,승용,남,57세,경상
2018110800100826,2018년 11월 8일 22시,목요일,인천광역시 부평구 부평동,경상사고,0,0,2,0,차대차 - 기타,안전운전불이행,건조,맑음,단일로 - 기타,승용,남,45세,상해없음,승용,남,48세,경상
2018110800100875,2018년 11월 8일 23시,목요일,인천광역시 서구 가정동,경상사고,0,0,1,0,차대차 - 측면충돌,신호위반,젖음/습기,비,교차로 - 교차로안,승용,여,55세,상해없음,승용,남,41세,경상
2018110800100876,2018년 11월 8일 23시,목요일,인천광역시 연수구 옥련동,중상사고,0,1,0,0,차대사람 - 횡단중,보행자보호의무위반,건조,맑음,교차로 - 교차로횡단보도내,승용,남,56세,상해없음,보행자,남,46세,중상
2018110800100877,2018년 11월 8일 23시,목요일,인천광역시 남동구 만수동,경상사고,0,0,1,0,차대차 - 추돌,안전운전불이행,젖음/습기,비,단일로 - 기타,승용,남,55세,상해없음,승합,남,61세,상해없음
2018110900100019,2018년 11월 9일 00시,금요일,인천광역시 서구 당하동,경상사고,0,0,1,0,차량단독 - 기타,안전운전불이행,건조,맑음,주차장 - 주차장,화물,남,53세,상해없음,,,,
2018110900100032,2018년 11월 9일 01시,금요일,인천광역시 미추홀구 문학동,중상사고,0,1,1,0,차대차 - 추돌,안전운전불이행,기타,기타,단일로 - 기타,승용,남,27세,상해없음,승용,남,59세,경상
2018110900100092,2018년 11월 9일 06시,금요일,인천광역시 부평구 부평동,경상사고,0,0,2,0,차대사람 - 보도통행중,보행자보호의무위반,젖음/습기,맑음,단일로 - 기타,화물,남,75세,경상,보행자,남,41세,경상
2018110900100117,2018년 11월 9일 07시,금요일,인천광역시 서구 가좌동,경상사고,0,0,1,0,차대차 - 추돌,안전운전불이행,건조,맑음,단일로 - 기타,화물,남,37세,상해없음,승용,남,34세,경상
2018110900100200,2018년 11월 9일 09시,금요일,인천광역시 강화군 강화읍,경상사고,0,0,1,0,차대차 - 추돌,안전운전불이행,건조,맑음,단일로 - 기타,승합,남,46세,기타불명,자전거,여,82세,경상
2018110900100358,2018년 11월 9일 14시,금요일,인천광역시 부평구 십정동,경상사고,0,0,3,0,차대차 - 측면충돌,안전운전불이행,건조,맑음,단일로 - 기타,화물,남,52세,상해없음,승용,여,36세,경상
2018110900100359,2018년 11월 9일 14시,금요일,인천광역시 계양구 작전동,경상사고,0,0,1,0,차대차 - 측면충돌,안전운전불이행,건조,맑음,단일로 - 기타,화물,남,52세,상해없음,승용,남,43세,경상
2018110900100449,2018년 11월 9일 16시,금요일,인천광역시 서구 가정동,중상사고,0,1,0,0,차대사람 - 보도통행중,보행자보호의무위반,건조,맑음,교차로 - 교차로안,승합,남,58세,상해없음,보행자,여,9세,중상
2018110900100563,2018년 11월 9일 18시,금요일,인천광역시 서구 연희동,경상사고,0,0,1,0,차대사람 - 보도통행중,보행자보호의무위반,건조,맑음,기타 - 기타,이륜,남,30세,상해없음,보행자,남,41세,경상
2018110900100621,2018년 11월 9일 19시,금요일,인천광역시 미추홀구 용현동,경상사고,0,0,1,0,차대차 - 측면충돌,안전운전불이행,건조,맑음,기타 - 기타,승용,여,23세,상해없음,승용,여,41세,경상
2018110900100622,2018년 11월 9일 19시,금요일,인천광역시 미추홀구 용현동,경상사고,0,0,2,0,차대차 - 측면충돌,안전운전불이행,건조,맑음,단일로 - 기타,승용,남,42세,경상,승용,남,46세,경상
2018110900100623,2018년 11월 9일 19시,금요일,인천광역시 계양구 서운동,경상사고,0,0,1,0,차대차 - 측면충돌,안전운전불이행,건조,맑음,교차로 - 교차로안,화물,남,47세,상해없음,승용,여,47세,경상
2018110900100624,2018년 11월 9일 19시,금요일,인천광역시 남동구 남촌동,경상사고,0,0,2,0,차대차 - 측면충돌,중앙선침범,건조,맑음,단일로 - 기타,승용,남,31세,상해없음,승용,남,41세,경상
2018110900100625,2018년 11월 9일 19시,금요일,인천광역시 남동구 남촌동,경상사고,0,0,1,0,차대차 - 측면충돌,안전운전불이행,건조,맑음,단일로 - 기타,승용,여,58세,기타불명,승용,남,31세,경상
2018110900100735,2018년 11월 9일 23시,금요일,인천광역시 서구 연희동,중상사고,0,1,2,0,차대차 - 정면충돌,신호위반,건조,맑음,교차로 - 교차로안,승용,남,38세,상해없음,승용,남,54세,중상
2018110900100736,2018년 11월 9일 23시,금요일,인천광역시 연수구 연수동,중상사고,0,1,0,0,차대사람 - 횡단중,안전운전불이행,건조,맑음,교차로 - 교차로부근,원동기,남,51세,상해없음,보행자,여,57세,중상
2018111000100018,2018년 11월 10일 00시,토요일,인천광역시 남동구 구월동,부상신고사고,0,0,0,1,차대사람 - 차도통행중,안전운전불이행,건조,흐림,단일로 - 기타,기타불명,기타불명,미분류,기타불명,보행자,남,47세,부상신고
2018111000100028,2018년 11월 10일 01시,토요일,인천광역시 부평구 산곡동,경상사고,0,0,3,0,차대차 - 기타,안전운전불이행,건조,맑음,교차로 - 교차로부근,승용,남,25세,상해없음,승용,남,60세,경상
2018111000100029,2018년 11월 10일 01시,토요일,인천광역시 부평구 청천동,경상사고,0,0,1,0,차대차 - 추돌,안전운전불이행,건조,맑음,교차로 - 교차로부근,승용,남,55세,상해없음,승용,남,44세,경상
2018111000100030,2018년 11월 10일 01시,토요일,인천광역시 남동구 도림동,경상사고,0,0,1,0,차대차 - 측면충돌,차로위반,건조,맑음,단일로 - 기타,승용,남,32세,상해없음,승합,남,57세,경상
2018111000100040,2018년 11월 10일 02시,토요일,인천광역시 연수구 송도동,중상사고,0,1,0,0,차대차 - 기타,안전운전불이행,건조,맑음,단일로 - 기타,화물,남,28세,상해없음,승용,남,23세,중상
2018111000100059,2018년 11월 10일 03시,토요일,인천광역시 동구 화수동,경상사고,0,0,2,0,차대차 - 정면충돌,안전운전불이행,젖음/습기,비,교차로 - 교차로부근,승용,남,31세,기타불명,승용,남,46세,경상
2018111000100072,2018년 11월 10일 04시,토요일,인천광역시 부평구 청천동,경상사고,0,0,1,0,차대차 - 측면충돌,차로위반,건조,맑음,단일로 - 기타,기타불명,기타불명,미분류,기타불명,승용,남,47세,경상
2018111000100205,2018년 11월 10일 10시,토요일,인천광역시 부평구 십정동,중상사고,0,1,1,1,차대차 - 기타,안전운전불이행,건조,맑음,교차로 - 교차로부근,승용,남,78세,부상신고,승용,남,27세,경상
2018111000100279,2018년 11월 10일 12시,토요일,인천광역시 미추홀구 주안동,중상사고,0,1,0,0,차대사람 - 길가장자리구역통행중,안전운전불이행,건조,맑음,단일로 - 기타,승용,남,73세,상해없음,보행자,여,66세,중상
2018111000100453,2018년 11월 10일 16시,토요일,인천광역시 서구 경서동,경상사고,0,0,1,0,차대차 - 추돌,안전운전불이행,건조,맑음,단일로 - 기타,화물,남,30세,상해없음,승용,여,40세,경상
2018111000100454,2018년 11월 10일 16시,토요일,인천광역시 계양구 작전동,경상사고,0,0,1,0,차대차 - 측면충돌,기타,건조,맑음,교차로 - 교차로부근,승용,남,67세,상해없음,이륜,남,22세,경상
2018111100100014,2018년 11월 11일 00시,일요일,인천광역시 미추홀구 주안동,경상사고,0,0,1,0,차대차 - 기타,안전운전불이행,건조,맑음,교차로 - 교차로부근,이륜,남,43세,상해없음,이륜,남,39세,경상
2018111100100056,2018년 11월 11일 04시,일요일,인천광역시 동구 송현동,경상사고,0,0,1,0,차대사람 - 기타,안전운전불이행,건조,맑음,기타 - 기타,승용,남,31세,상해없음,보행자,남,39세,경상
2018111100100077,2018년 11월 11일 06시,일요일,인천광역시 서구 경서동,경상사고,0,0,1,0,차대차 - 추돌,안전거리미확보,건조,맑음,단일로 - 교량,승용,남,39세,상해없음,승용,남,53세,상해없음
2018111100100087,2018년 11월 11일 07시,일요일,인천광역시 미추홀구 학익동,경상사고,0,0,1,0,차대차 - 측면충돌,신호위반,건조,맑음,교차로 - 교차로안,승용,남,42세,상해없음,승용,남,45세,경상
2018111100100099,2018년 11월 11일 08시,일요일,인천광역시 서구 가좌동,경상사고,0,0,2,0,차대차 - 추돌,안전운전불이행,건조,맑음,교차로 - 교차로부근,기타불명,기타불명,미분류,기타불명,기타불명,기타불명,미분류,기타불명
2018111100100116,2018년 11월 11일 09시,일요일,인천광역시 부평구 산곡동,경상사고,0,0,1,0,차대차 - 기타,보행자보호의무위반,건조,맑음,교차로 - 교차로안,화물,남,49세,상해없음,자전거,남,10세,경상
2018111100100190,2018년 11월 11일 13시,일요일,인천광역시 남동구 만수동,경상사고,0,0,1,0,차대차 - 측면충돌,신호위반,건조,맑음,단일로 - 기타,승용,남,51세,상해없음,이륜,남,45세,경상
2018111100100215,2018년 11월 11일 14시,일요일,인천광역시 부평구 부평동,경상사고,0,0,1,0,차대사람 - 횡단중,보행자보호의무위반,건조,맑음,단일로 - 기타,화물,남,71세,상해없음,보행자,남,22세,경상
2018111100100251,2018년 11월 11일 15시,일요일,인천광역시 강화군 강화읍,경상사고,0,0,3,0,차대차 - 측면충돌,교차로운행방법위반,건조,맑음,교차로 - 교차로안,승합,남,64세,상해없음,승용,남,35세,경상
2018111100100252,2018년 11월 11일 15시,일요일,인천광역시 남동구 논현동,경상사고,0,0,1,0,차대차 - 측면충돌,안전운전불이행,건조,맑음,교차로 - 교차로부근,승용,남,64세,상해없음,승용,여,59세,경상
2018111100100323,2018년 11월 11일 17시,일요일,인천광역시 미추홀구 도화동,경상사고,0,0,1,0,차량단독 - 기타,기타,건조,맑음,단일로 - 기타,승합,여,52세,상해없음,,,,
2018111100100362,2018년 11월 11일 18시,일요일,인천광역시 서구 가정동,중상사고,0,1,0,0,차량단독 - 기타,안전운전불이행,건조,맑음,교차로 - 교차로부근,승합,남,51세,상해없음,,,,