사고번호,사고일시,요일,시군구,사고내용,사망자수,중상자수,경상자수,부상신고자수,사고유형,법규위반,노면상태,기상상태,도로형태,가해운전자 차종,가해운전자 성별,가해운전자 연령,가해운전자 상해정도,피해운전자 차종,피해운전자 성별,피해운전자 연령,피해운전자 상해정도
2018111100100404,2018년 11월 11일 19시,일요일,인천광역시 부평구 갈산동,중상사고,0,1,0,0,차대차 - 측면충돌,신호위반,건조,맑음,교차로 - 교차로횡단보도내,승용,남,33세,상해없음,자전거,여,60세,중상
2018111100100432,2018년 11월 11일 20시,일요일,인천광역시 미추홀구 주안동,경상사고,0,0,1,0,차량단독 - 기타,안전운전불이행,건조,맑음,주차장 - 주차장,승용,남,46세,경상,,,,
2018111100100433,2018년 11월 11일 20시,일요일,인천광역시 부평구 십정동,경상사고,0,0,1,0,차대차 - 기타,차로위반,건조,맑음,교차로 - 교차로부근,기타불명,기타불명,미분류,기타불명,승용,여,26세,경상
2018111200100014,2018년 11월 12일 01시,월요일,인천광역시 계양구 병방동,중상사고,0,2,0,0,차대차 - 추돌,안전운전불이행,건조,맑음,단일로 - 기타,승용,남,31세,상해없음,화물,남,33세,중상
2018111200100032,2018년 11월 12일 05시,월요일,인천광역시 부평구 갈산동,중상사고,0,1,0,0,차대차 - 측면충돌,신호위반,건조,맑음,교차로 - 교차로안,승용,남,69세,상해없음,승용,여,53세,중상
2018111200100057,2018년 11월 12일 06시,월요일,인천광역시 연수구 송도동,경상사고,0,0,1,0,차대차 - 측면충돌,신호위반,건조,맑음,교차로 - 교차로안,승용,여,60세,상해없음,승용,여,37세,경상
2018111200100127,2018년 11월 12일 08시,월요일,인천광역시 남동구 구월동,경상사고,0,0,1,0,차대차 - 측면충돌,안전거리미확보,건조,맑음,기타 - 기타,승용,여,60세,상해없음,승용,여,56세,경상
2018111200100128,2018년 11월 12일 08시,월요일,인천광역시 서구 연희동,중상사고,0,1,0,0,차대사람 - 길가장자리구역통행중,안전운전불이행,건조,맑음,교차로 - 교차로부근,승용,여,55세,상해없음,보행자,여,71세,중상
2018111200100161,2018년 11월 12일 09시,월요일,인천광역시 중구 신흥동3가,경상사고,0,0,2,0,차대차 - 측면충돌,교차로운행방법위반,건조,맑음,교차로 - 교차로부근,승용,남,41세,경상,화물,남,47세,경상
2018111200100251,2018년 11월 12일 12시,월요일,인천광역시 계양구 작전동,경상사고,0,0,1,0,차대차 - 추돌,안전운전불이행,건조,맑음,교차로 - 교차로안,승용,남,55세,상해없음,승합,남,39세,경상
2018111200100280,2018년 11월 12일 13시,월요일,인천광역시 미추홀구 숭의동,경상사고,0,0,1,0,차대차 - 측면충돌,안전운전불이행,건조,맑음,교차로 - 교차로안,건설기계,남,54세,상해없음,승용,여,52세,경상
2018111200100356,2018년 11월 12일 15시,월요일,인천광역시 중구 신흥동3가,경상사고,0,0,1,0,차대차 - 측면충돌,교차로운행방법위반,건조,맑음,교차로 - 교차로안,건설기계,남,54세,상해없음,승용,남,43세,경상
2018111200100431,2018년 11월 12일 17시,월요일,인천광역시 부평구 일신동,경상사고,0,0,2,0,차대차 - 기타,안전운전불이행,건조,맑음,기타 - 기타,특수,남,59세,상해없음,승용,여,45세,경상
2018111200100432,2018년 11월 12일 17시,월요일,인천광역시 남동구 논현동,경상사고,0,0,1,0,차대차 - 측면충돌,안전거리미확보,건조,맑음,단일로 - 기타,승용,여,61세,경상,건설기계,남,45세,상해없음
2018111200100483,2018년 11월 12일 18시,월요일,인천광역시 남동구 간석동,경상사고,0,0,2,0,차대차 - 기타,안전운전불이행,건조,맑음,기타 - 기타,승용,여,44세,기타불명,승용,여,39세,경상
2018111200100484,2018년 11월 12일 18시,월요일,인천광역시 서구 당하동,경상사고,0,0,1,0,차대차 - 기타,안전운전불이행,건조,맑음,교차로 - 교차로부근,이륜,남,22세,기타불명,승용,남,63세,경상
2018111200100485,2018년 11월 12일 18시,월요일,인천광역시 연수구 동춘동,중상사고,0,1,0,0,차대차 - 측면충돌,안전운전불이행,건조,맑음,교차로 - 교차로횡단보도내,기타불명,기타불명,미분류,기타불명,자전거,여,27세,중상
2018111200100604,2018년 11월 12일 22시,월요일,인천광역시 서구 가정동,중상사고,0,1,0,0,차대차 - 기타,안전운전불이행,건조,맑음,단일로 - 기타,승용,남,67세,상해없음,승합,남,26세,상해없음
2018111200100617,2018년 11월 12일 23시,월요일,인천광역시 연수구 연수동,경상사고,0,0,2,0,차대차 - 측면충돌,신호위반,건조,맑음,교차로 - 교차로안,승용,남,52세,상해없음,승용,남,23세,경상
2018111300100029,2018년 11월 13일 03시,화요일,인천광역시 남동구 만수동,경상사고,0,0,1,0,차대사람 - 보도통행중,보행자보호의무위반,건조,맑음,교차로 - 교차로횡단보도내,승합,남,58세,상해없음,보행자,남,59세,경상
2018111300100065,2018년 11월 13일 06시,화요일,인천광역시 서구 금곡동,중상사고,0,1,0,0,차대차 - 추돌,안전운전불이행,건조,맑음,단일로 - 기타,승합,남,62세,상해없음,승용,여,40세,중상
2018111300100136,2018년 11월 13일 08시,화요일,인천광역시 서구 신현동,경상사고,0,0,1,0,차대차 - 정면충돌,과속,건조,맑음,단일로 - 기타,승용,남,27세,상해없음,승용,남,45세,경상
2018111300100173,2018년 11월 13일 09시,화요일,인천광역시 부평구 청천동,중상사고,0,1,0,0,차량단독 - 기타,기타,건조,맑음,기타 - 기타,승합,남,56세,상해없음,,,,
2018111300100272,2018년 11월 13일 12시,화요일,인천광역시 남동구 구월동,경상사고,0,0,1,0,차대사람 - 기타,안전운전불이행,건조,맑음,단일로 - 기타,승용,여,57세,상해없음,보행자,남,63세,경상
2018111300100273,2018년 11월 13일 12시,화요일,인천광역시 서구 불로동,경상사고,0,0,1,0,차대차 - 측면충돌,안전거리미확보,건조,맑음,단일로 - 기타,승용,남,71세,상해없음,승용,여,29세,경상
2018111300100302,2018년 11월 13일 13시,화요일,인천광역시 계양구 효성동,경상사고,0,0,1,0,차대차 - 기타,안전운전불이행,건조,맑음,교차로 - 교차로안,승용,남,53세,상해없음,승용,여,55세,경상
2018111300100406,2018년 11월 13일 16시,화요일,인천광역시 미추홀구 주안동,경상사고,0,0,1,0,차대사람 - 기타,안전운전불이행,건조,맑음,단일로 - 기타,승용,여,70세,상해없음,보행자,남,48세,경상
2018111300100498,2018년 11월 13일 18시,화요일,인천광역시 계양구 효성동,경상사고,0,0,1,0,차대차 - 정면충돌,안전운전불이행,건조,맑음,교차로 - 교차로부근,화물,남,81세,상해없음,이륜,남,56세,경상
2018111300100534,2018년 11월 13일 19시,화요일,인천광역시 계양구 계산동,중상사고,0,1,0,0,차대사람 - 차도통행중,안전운전불이행,건조,맑음,교차로 - 교차로안,승용,남,67세,상해없음,보행자,여,29세,중상
2018111300100594,2018년 11월 13일 21시,화요일,인천광역시 중구 중산동,경상사고,0,0,1,0,차대차 - 측면충돌,안전운전불이행,건조,맑음,교차로 - 교차로안,이륜,남,31세,상해없음,승용,남,29세,경상
2018111300100633,2018년 11월 13일 23시,화요일,인천광역시 미추홀구 숭의동,중상사고,0,1,0,0,차대사람 - 횡단중,안전운전불이행,건조,맑음,단일로 - 기타,이륜,남,37세,상해없음,보행자,여,44세,중상
2018111300100634,2018년 11월 13일 23시,화요일,인천광역시 서구 불로동,중상사고,0,1,0,0,차대차 - 측면충돌,신호위반,건조,맑음,교차로 - 교차로안,승용,여,55세,상해없음,이륜,남,18세,중상
2018111400100017,2018년 11월 14일 01시,수요일,인천광역시 부평구 십정동,중상사고,0,1,1,0,차대차 - 추돌,안전운전불이행,건조,맑음,단일로 - 기타,승용,남,24세,상해없음,승용,남,66세,중상
2018111400100018,2018년 11월 14일 01시,수요일,인천광역시 부평구 부평동,경상사고,0,0,3,0,차대차 - 기타,교차로운행방법위반,건조,맑음,교차로 - 교차로안,승용,남,60세,상해없음,승용,남,25세,경상
2018111400100025,2018년 11월 14일 02시,수요일,인천광역시 부평구 부평동,경상사고,0,0,1,0,차대차 - 추돌,안전운전불이행,건조,맑음,단일로 - 기타,승용,남,60세,상해없음,화물,남,24세,경상
2018111400100045,2018년 11월 14일 05시,수요일,인천광역시 남동구 장수동,부상신고사고,0,0,0,1,차대차 - 측면충돌,안전운전불이행,건조,맑음,교차로 - 교차로부근,화물,남,53세,상해없음,승용,남,43세,부상신고
2018111400100126,2018년 11월 14일 08시,수요일,인천광역시 중구 유동,중상사고,0,1,0,0,차대사람 - 횡단중,안전운전불이행,건조,맑음,단일로 - 기타,승용,남,34세,상해없음,보행자,여,69세,중상
2018111400100127,2018년 11월 14일 08시,수요일,인천광역시 남동구 남촌동,경상사고,0,0,1,0,차대차 - 측면충돌,안전운전불이행,건조,맑음,단일로 - 기타,승용,남,76세,상해없음,자전거,남,60세,경상
2018111400100170,2018년 11월 14일 09시,수요일,인천광역시 부평구 산곡동,중상사고,0,2,2,0,차대차 - 기타,교차로운행방법위반,건조,맑음,교차로 - 교차로안,승용,여,57세,상해없음,승합,남,57세,상해없음
2018111400100241,2018년 11월 14일 11시,수요일,인천광역시 미추홀구 주안동,중상사고,0,1,0,0,차대사람 - 기타,안전운전불이행,건조,맑음,단일로 - 기타,승합,남,44세,상해없음,보행자,여,70세,중상
2018111400100242,2018년 11월 14일 11시,수요일,인천광역시 서구 신현동,경상사고,0,0,1,0,차대사람 - 차도통행중,안전운전불이행,건조,맑음,단일로 - 기타,승용,여,62세,상해없음,보행자,여,18세,경상
2018111400100243,2018년 11월 14일 11시,수요일,인천광역시 계양구 작전동,부상신고사고,0,0,0,1,차대차 - 추돌,안전운전불이행,건조,맑음,교차로 - 교차로부근,승용,남,61세,상해없음,승용,남,26세,부상신고
2018111400100244,2018년 11월 14일 11시,수요일,인천광역시 남동구 논현동,경상사고,0,0,1,0,차대차 - 측면충돌,교차로운행방법위반,건조,맑음,교차로 - 교차로부근,승용,남,67세,상해없음,승용,남,21세,경상
2018111400100280,2018년 11월 14일 12시,수요일,인천광역시 서구 경서동,경상사고,0,0,1,0,차대차 - 추돌,안전운전불이행,건조,맑음,단일로 - 기타,화물,남,53세,상해없음,화물,남,47세,경상
2018111400100307,2018년 11월 14일 13시,수요일,인천광역시 미추홀구 도화동,경상사고,0,0,3,0,차대차 - 측면충돌,차로위반,건조,맑음,단일로 - 기타,승용,남,70세,상해없음,승용,남,45세,경상
2018111400100308,2018년 11월 14일 13시,수요일,인천광역시 계양구 작전동,경상사고,0,0,2,0,차대차 - 측면충돌,안전운전불이행,건조,맑음,단일로 - 기타,승용,여,57세,상해없음,승용,남,21세,경상
2018111400100339,2018년 11월 14일 14시,수요일,인천광역시 미추홀구 주안동,경상사고,0,0,1,0,차대사람 - 기타,안전운전불이행,건조,맑음,단일로 - 기타,화물,남,62세,상해없음,보행자,여,60세,경상
2018111400100373,2018년 11월 14일 15시,수요일,인천광역시 남동구 구월동,중상사고,0,1,0,0,차대차 - 측면충돌,안전운전불이행,건조,맑음,교차로 - 교차로부근,이륜,남,18세,상해없음,승용,남,65세,상해없음
2018111400100472,2018년 11월 14일 17시,수요일,인천광역시 서구 청라동,경상사고,0,0,1,0,차대차 - 측면충돌,신호위반,건조,맑음,교차로 - 교차로안,이륜,남,16세,상해없음,승용,남,47세,경상
2018111400100473,2018년 11월 14일 17시,수요일,인천광역시 서구 가좌동,사망사고,1,0,0,0,차대사람 - 횡단중,안전운전불이행,건조,맑음,교차로 - 교차로안,승합,남,42세,상해없음,보행자,남,72세,사망
2018111400100474,2018년 11월 14일 17시,수요일,인천광역시 서구 석남동,경상사고,0,0,3,0,차대차 - 기타,안전운전불이행,건조,맑음,단일로 - 기타,건설기계,남,47세,상해없음,승용,여,28세,경상
2018111400100475,2018년 11월 14일 17시,수요일,인천광역시 남동구 서창동,부상신고사고,0,0,0,1,차대차 - 기타,안전운전불이행,건조,맑음,기타 - 기타,기타불명,기타불명,미분류,기타불명,자전거,남,13세,부상신고
2018111400100476,2018년 11월 14일 17시,수요일,인천광역시 남동구 남촌동,경상사고,0,0,2,0,차대차 - 추돌,안전운전불이행,건조,맑음,교차로 - 교차로안,승용,남,45세,상해없음,승용,남,25세,경상
2018111400100545,2018년 11월 14일 18시,수요일,인천광역시 강화군 양도면,경상사고,0,0,1,0,차대차 - 후진중충돌,안전운전불이행,건조,맑음,단일로 - 기타,화물,남,57세,상해없음,승용,여,57세,경상
2018111400100546,2018년 11월 14일 18시,수요일,인천광역시 부평구 부평동,경상사고,0,0,1,0,차대차 - 추돌,안전운전불이행,건조,맑음,단일로 - 기타,승용,남,24세,상해없음,승용,남,50세,경상
2018111400100638,2018년 11월 14일 20시,수요일,인천광역시 중구 사동,경상사고,0,0,1,0,차대차 - 추돌,안전운전불이행,건조,맑음,단일로 - 기타,승용,여,22세,상해없음,승용,남,44세,경상
2018111400100709,2018년 11월 14일 23시,수요일,인천광역시 연수구 선학동,중상사고,0,1,0,0,차대차 - 측면충돌,신호위반,건조,맑음,교차로 - 교차로안,승용,남,32세,상해없음,승용,남,69세,중상
2018111500100016,2018년 11월 15일 01시,목요일,인천광역시 남동구 구월동,중상사고,0,1,1,0,차대차 - 추돌,안전운전불이행,건조,맑음,기타 - 기타,승용,남,58세,상해없음,승용,남,58세,중상
2018111500100054,2018년 11월 15일 05시,목요일,인천광역시 남동구 장수동,중상사고,0,1,0,0,차대차 - 기타,안전운전불이행,건조,맑음,교차로 - 교차로부근,화물,남,54세,상해없음,건설기계,남,43세,중상
2018111500100075,2018년 11월 15일 06시,목요일,인천광역시 중구 항동7가,경상사고,0,0,1,0,차대사람 - 보도통행중,신호위반,건조,맑음,단일로 - 기타,승용,남,76세,상해없음,보행자,남,47세,경상
2018111500100096,2018년 11월 15일 07시,목요일,인천광역시 서구 왕길동,사망사고,1,1,0,0,차대차 - 정면충돌,안전운전불이행,건조,맑음,교차로 - 교차로안,승합,남,60세,중상,화물,남,60세,사망
2018111500100097,2018년 11월 15일 07시,목요일,인천광역시 부평구 부개동,경상사고,0,0,1,0,차대차 - 추돌,안전운전불이행,건조,맑음,단일로 - 기타,승용,남,39세,상해없음,승용,여,28세,경상
2018111500100098,2018년 11월 15일 07시,목요일,인천광역시 부평구 부개동,경상사고,0,0,1,0,차대차 - 기타,안전운전불이행,건조,맑음,교차로 - 교차로안,승용,남,37세,상해없음,승용,남,61세,상해없음
2018111500100099,2018년 11월 15일 07시,목요일,인천광역시 남동구 남촌동,경상사고,0,0,3,0,차대차 - 기타,안전운전불이행,건조,맑음,기타 - 기타,승용,남,17세,기타불명,승용,남,52세,경상
2018111500100128,2018년 11월 15일 08시,목요일,인천광역시 중구 운서동,경상사고,0,0,1,0,차대차 - 측면충돌,안전운전불이행,건조,맑음,교차로 - 교차로안,승용,남,42세,상해없음,승용,남,31세,경상
2018111500100129,2018년 11월 15일 08시,목요일,인천광역시 미추홀구 용현동,경상사고,0,0,5,0,차대차 - 측면충돌,안전거리미확보,건조,맑음,단일로 - 기타,승용,남,35세,경상,승용,여,38세,경상
2018111500100130,2018년 11월 15일 08시,목요일,인천광역시 부평구 부평동,경상사고,0,0,1,0,차대사람 - 차도통행중,안전운전불이행,건조,맑음,교차로 - 교차로안,화물,남,61세,상해없음,보행자,남,33세,경상
2018111500100167,2018년 11월 15일 09시,목요일,인천광역시 연수구 송도동,중상사고,0,2,0,0,차대차 - 측면충돌,안전운전불이행,건조,맑음,단일로 - 기타,건설기계,남,42세,상해없음,승용,여,33세,중상
2018111500100168,2018년 11월 15일 09시,목요일,인천광역시 남동구 논현동,경상사고,0,0,2,0,차대차 - 측면충돌,안전운전불이행,건조,맑음,교차로 - 교차로부근,승용,남,60세,상해없음,승용,남,58세,경상
2018111500100253,2018년 11월 15일 12시,목요일,인천광역시 남동구 간석동,경상사고,0,0,1,0,차대차 - 기타,안전운전불이행,건조,맑음,기타 - 기타,승용,남,44세,상해없음,승용,남,61세,경상
2018111500100290,2018년 11월 15일 13시,목요일,인천광역시 서구 오류동,경상사고,0,0,1,0,차대차 - 측면충돌,안전운전불이행,건조,맑음,기타 - 기타,승용,여,53세,상해없음,화물,남,72세,경상
2018111500100292,2018년 11월 15일 13시,목요일,인천광역시 남동구 서창동,경상사고,0,0,2,0,차대차 - 측면충돌,안전거리미확보,건조,맑음,단일로 - 기타,승용,남,47세,상해없음,승용,남,27세,경상
2018111500100317,2018년 11월 15일 14시,목요일,인천광역시 서구 청라동,중상사고,0,1,0,0,차대차 - 추돌,안전운전불이행,건조,맑음,단일로 - 기타,이륜,남,30세,중상,승용,남,28세,상해없음
2018111500100379,2018년 11월 15일 16시,목요일,인천광역시 연수구 송도동,경상사고,0,0,3,0,차대차 - 추돌,안전운전불이행,건조,맑음,교차로 - 교차로안,승용,남,66세,상해없음,승용,여,39세,경상
2018111500100426,2018년 11월 15일 17시,목요일,인천광역시 미추홀구 주안동,경상사고,0,0,1,0,차대사람 - 기타,안전운전불이행,건조,맑음,단일로 - 기타,승합,여,58세,상해없음,보행자,남,56세,경상
2018111500100495,2018년 11월 15일 18시,목요일,인천광역시 중구 운서동,경상사고,0,0,1,0,차대차 - 측면충돌,안전거리미확보,건조,맑음,단일로 - 기타,승용,남,47세,상해없음,승용,남,37세,경상
2018111500100538,2018년 11월 15일 19시,목요일,인천광역시 연수구 옥련동,경상사고,0,0,3,0,차대차 - 추돌,안전운전불이행,건조,맑음,단일로 - 기타,승용,남,47세,상해없음,승용,남,34세,경상
2018111500100597,2018년 11월 15일 21시,목요일,인천광역시 부평구 산곡동,경상사고,0,0,2,0,차대차 - 추돌,안전운전불이행,건조,맑음,교차로 - 교차로부근,승용,남,26세,상해없음,승용,남,30세,경상
2018111500100598,2018년 11월 15일 21시,목요일,인천광역시 남동구 구월동,경상사고,0,0,1,0,차량단독 - 기타,안전운전불이행,건조,맑음,단일로 - 기타,승합,남,48세,상해없음,,,,
2018111500100620,2018년 11월 15일 22시,목요일,인천광역시 중구 을왕동,중상사고,0,1,0,0,차량단독 - 기타,안전운전불이행,건조,맑음,교차로 - 교차로부근,승용,남,39세,중상,,,,
2018111500100621,2018년 11월 15일 22시,목요일,인천광역시 서구 석남동,중상사고,0,1,0,0,차대차 - 측면충돌,안전운전불이행,건조,맑음,교차로 - 교차로부근,승용,여,55세,상해없음,이륜,남,59세,중상
2018111500100632,2018년 11월 15일 23시,목요일,인천광역시 남동구 장수동,경상사고,0,0,2,0,차대차 - 측면충돌,안전운전불이행,건조,맑음,교차로 - 교차로안,승용,남,30세,상해없음,승용,남,28세,경상
2018111600100027,2018년 11월 16일 01시,금요일,인천광역시 미추홀구 학익동,경상사고,0,0,2,0,차대사람 - 횡단중,신호위반,건조,맑음,기타 - 기타,기타불명,기타불명,미분류,기타불명,보행자,남,47세,경상
2018111600100059,2018년 11월 16일 05시,금요일,인천광역시 남동구 구월동,중상사고,0,1,0,0,차량단독 - 기타,안전운전불이행,건조,맑음,단일로 - 기타,승합,남,67세,상해없음,,,,
2018111600100060,2018년 11월 16일 05시,금요일,인천광역시 부평구 부개동,중상사고,0,1,0,0,차대차 - 측면충돌,신호위반,건조,맑음,교차로 - 교차로안,승용,남,66세,상해없음,원동기,남,73세,중상
2018111600100102,2018년 11월 16일 07시,금요일,인천광역시 서구 연희동,경상사고,0,0,2,0,차대차 - 추돌,안전운전불이행,건조,맑음,단일로 - 기타,승합,여,56세,상해없음,승합,남,61세,상해없음
2018111600100139,2018년 11월 16일 08시,금요일,인천광역시 미추홀구 주안동,경상사고,0,0,1,0,차대사람 - 기타,안전운전불이행,건조,맑음,기타 - 기타,승용,남,32세,상해없음,보행자,남,36세,경상
2018111600100198,2018년 11월 16일 10시,금요일,인천광역시 계양구 서운동,경상사고,0,0,1,0,차대차 - 기타,안전운전불이행,건조,맑음,기타 - 기타,화물,남,49세,상해없음,승용,여,55세,경상
2018111600100199,2018년 11월 16일 10시,금요일,인천광역시 연수구 연수동,경상사고,0,0,1,0,차대차 - 측면충돌,중앙선침범,건조,맑음,교차로 - 교차로부근,기타불명,남,71세,상해없음,이륜,남,51세,경상
2018111600100225,2018년 11월 16일 11시,금요일,인천광역시 계양구 박촌동,경상사고,0,0,1,0,차대차 - 추돌,안전운전불이행,건조,맑음,교차로 - 교차로부근,화물,남,77세,상해없음,승용,여,42세,경상
2018111600100284,2018년 11월 16일 13시,금요일,인천광역시 미추홀구 용현동,경상사고,0,0,1,0,차대사람 - 보도통행중,안전운전불이행,건조,맑음,기타 - 기타,승용,남,21세,상해없음,보행자,남,33세,경상
2018111600100356,2018년 11월 16일 15시,금요일,인천광역시 부평구 청천동,중상사고,0,1,1,0,차대차 - 추돌,안전운전불이행,건조,맑음,단일로 - 기타,화물,남,39세,상해없음,승용,여,35세,경상
2018111600100381,2018년 11월 16일 16시,금요일,인천광역시 연수구 옥련동,경상사고,0,0,2,0,차대차 - 측면충돌,안전운전불이행,건조,맑음,교차로 - 교차로안,승합,남,49세,상해없음,승용,남,40세,경상
2018111600100423,2018년 11월 16일 17시,금요일,인천광역시 계양구 작전동,경상사고,0,0,1,0,차대차 - 측면충돌,안전운전불이행,건조,맑음,단일로 - 기타,승용,여,29세,상해없음,화물,남,56세,경상
2018111600100490,2018년 11월 16일 18시,금요일,인천광역시 연수구 송도동,사망사고,1,0,0,0,차대차 - 기타,기타,건조,맑음,교차로 - 교차로안,이륜,남,17세,사망,화물,남,43세,상해없음
2018111600100539,2018년 11월 16일 19시,금요일,인천광역시 남동구 간석동,경상사고,0,0,1,0,차대차 - 기타,안전운전불이행,건조,맑음,교차로 - 교차로안,승합,남,39세,상해없음,이륜,남,51세,경상
2018111600100583,2018년 11월 16일 20시,금요일,인천광역시 연수구 송도동,중상사고,0,1,0,0,차대차 - 기타,신호위반,건조,맑음,교차로 - 교차로안,승합,남,62세,상해없음,승용,여,48세,중상
2018111600100622,2018년 11월 16일 21시,금요일,인천광역시 중구 운서동,경상사고,0,0,3,0,차대차 - 기타,기타,건조,맑음,단일로 - 기타,승용,남,43세,상해없음,승용,남,24세,상해없음
2018111600100623,2018년 11월 16일 21시,금요일,인천광역시 부평구 부평동,경상사고,0,0,1,0,차대차 - 측면충돌,신호위반,건조,맑음,교차로 - 교차로안,승용,남,67세,상해없음,승용,여,28세,경상
2018111600100668,2018년 11월 16일 23시,금요일,인천광역시 남동구 구월동,사망사고,1,0,0,0,차대사람 - 기타,안전운전불이행,건조,맑음,단일로 - 기타,승용,여,35세,상해없음,보행자,여,50세,사망
2018111600100669,2018년 11월 16일 23시,금요일,인천광역시 남동구 논현동,경상사고,0,0,1,0,차대사람 - 횡단중,신호위반,건조,맑음,교차로 - 교차로횡단보도내,승용,남,55세,상해없음,보행자,여,25세,경상
2018111700100019,2018년 11월 17일 00시,토요일,인천광역시 서구 가좌동,중상사고,0,1,0,0,차대사람 - 횡단중,안전운전불이행,건조,맑음,교차로 - 교차로부근,승용,남,52세,기타불명,보행자,남,19세,중상
2018111700100062,2018년 11월 17일 03시,토요일,인천광역시 남동구 간석동,중상사고,0,1,3,0,차대차 - 기타,안전운전불이행,건조,맑음,기타 - 기타,승합,남,24세,상해없음,승용,남,24세,경상
2018111700100086,2018년 11월 17일 05시,토요일,인천광역시 남동구 간석동,경상사고,0,0,1,0,차대사람 - 기타,안전운전불이행,건조,맑음,기타 - 기타,승용,남,45세,상해없음,보행자,남,50세,경상
2018111700100118,2018년 11월 17일 07시,토요일,인천광역시 계양구 작전동,중상사고,0,1,0,0,차대사람 - 횡단중,안전운전불이행,건조,맑음,교차로 - 교차로부근,승용,남,61세,상해없음,보행자,여,54세,중상
2018111700100139,2018년 11월 17일 08시,토요일,인천광역시 부평구 구산동,경상사고,0,0,1,0,차대차 - 추돌,안전운전불이행,건조,맑음,단일로 - 기타,승합,남,63세,상해없음,승용,여,43세,경상
2018111700100168,2018년 11월 17일 09시,토요일,인천광역시 미추홀구 주안동,경상사고,0,0,2,0,차대차 - 측면충돌,안전운전불이행,건조,맑음,단일로 - 기타,승용,남,66세,상해없음,승용,남,37세,경상
2018111700100209,2018년 11월 17일 10시,토요일,인천광역시 계양구 병방동,경상사고,0,0,1,0,차대사람 - 횡단중,신호위반,건조,맑음,교차로 - 교차로횡단보도내,이륜,남,45세,상해없음,보행자,여,70세,경상
2018111700100245,2018년 11월 17일 11시,토요일,인천광역시 중구 운서동,경상사고,0,0,2,0,차대차 - 기타,불법유턴,건조,맑음,주차장 - 주차장,승용,남,49세,상해없음,승용,남,47세,경상
2018111700100286,2018년 11월 17일 12시,토요일,인천광역시 남동구 구월동,경상사고,0,0,1,0,차대차 - 기타,안전운전불이행,건조,맑음,단일로 - 기타,승용,남,75세,상해없음,승합,남,52세,경상
2018111700100329,2018년 11월 17일 13시,토요일,인천광역시 남동구 간석동,중상사고,0,1,0,0,차대사람 - 차도통행중,안전운전불이행,건조,맑음,단일로 - 기타,승용,남,74세,기타불명,보행자,여,61세,중상
2018111700100330,2018년 11월 17일 13시,토요일,인천광역시 남동구 논현동,경상사고,0,0,1,0,차대차 - 측면충돌,차로위반,건조,맑음,교차로 - 교차로부근,승용,여,49세,상해없음,이륜,남,47세,경상
2018111700100366,2018년 11월 17일 14시,토요일,인천광역시 부평구 부평동,경상사고,0,0,1,0,차대차 - 기타,안전운전불이행,건조,맑음,단일로 - 기타,특수,남,69세,상해없음,승합,남,53세,경상
2018111700100398,2018년 11월 17일 15시,토요일,인천광역시 강화군 양도면,중상사고,0,1,1,0,차량단독 - 공작물충돌,안전운전불이행,건조,맑음,단일로 - 기타,승용,남,55세,상해없음,,,,
2018111700100430,2018년 11월 17일 16시,토요일,인천광역시 미추홀구 주안동,중상사고,0,1,0,0,차대차 - 기타,안전운전불이행,건조,맑음,교차로 - 교차로부근,승용,여,53세,상해없음,승용,여,35세,중상
2018111700100469,2018년 11월 17일 17시,토요일,인천광역시 미추홀구 주안동,경상사고,0,0,1,0,차대차 - 기타,안전운전불이행,건조,흐림,단일로 - 기타,이륜,남,42세,상해없음,이륜,남,27세,경상
2018111700100470,2018년 11월 17일 17시,토요일,인천광역시 부평구 청천동,경상사고,0,0,5,0,차대차 - 추돌,안전운전불이행,건조,맑음,단일로 - 기타,승합,남,45세,상해없음,승용,남,24세,경상
2018111700100471,2018년 11월 17일 17시,토요일,인천광역시 부평구 청천동,경상사고,0,0,2,0,차대차 - 기타,안전운전불이행,건조,맑음,단일로 - 기타,승용,남,34세,상해없음,화물,남,62세,경상
2018111700100472,2018년 11월 17일 17시,토요일,인천광역시 부평구 부평동,경상사고,0,0,1,0,차대사람 - 길가장자리구역통행중,안전운전불이행,건조,맑음,단일로 - 기타,승용,여,19세,상해없음,보행자,여,54세,경상
2018111700100524,2018년 11월 17일 18시,토요일,인천광역시 서구 석남동,경상사고,0,0,1,0,차대사람 - 길가장자리구역통행중,안전운전불이행,건조,맑음,교차로 - 교차로부근,승용,여,23세,상해없음,보행자,여,48세,경상
2018111700100525,2018년 11월 17일 18시,토요일,인천광역시 남동구 남촌동,중상사고,0,2,2,0,차대차 - 측면충돌,교차로운행방법위반,건조,맑음,교차로 - 교차로부근,승용,여,37세,경상,승용,남,37세,중상
2018111700100569,2018년 11월 17일 19시,토요일,인천광역시 연수구 청학동,중상사고,0,1,0,0,차대차 - 측면충돌,교차로운행방법위반,건조,맑음,교차로 - 교차로안,승용,여,72세,상해없음,승용,남,33세,중상
2018111700100570,2018년 11월 17일 19시,토요일,인천광역시 남동구 논현동,중상사고,0,1,0,0,차대차 - 측면충돌,신호위반,건조,맑음,교차로 - 교차로안,승용,여,41세,상해없음,이륜,남,21세,중상