사고번호,사고일시,요일,시군구,사고내용,사망자수,중상자수,경상자수,부상신고자수,사고유형,법규위반,노면상태,기상상태,도로형태,가해운전자 차종,가해운전자 성별,가해운전자 연령,가해운전자 상해정도,피해운전자 차종,피해운전자 성별,피해운전자 연령,피해운전자 상해정도
2018111700100599,2018년 11월 17일 20시,토요일,인천광역시 중구 운남동,경상사고,0,0,2,0,차대차 - 측면충돌,안전운전불이행,건조,맑음,교차로 - 교차로부근,화물,남,47세,상해없음,승용,남,33세,경상
2018111700100630,2018년 11월 17일 21시,토요일,인천광역시 남동구 만수동,중상사고,0,1,0,0,차대사람 - 차도통행중,안전운전불이행,건조,흐림,단일로 - 기타,승용,남,43세,상해없음,보행자,여,55세,중상
2018111700100631,2018년 11월 17일 21시,토요일,인천광역시 남동구 간석동,경상사고,0,0,1,0,차량단독 - 기타,안전운전불이행,건조,맑음,기타 - 기타,승합,남,58세,상해없음,,,,
2018111700100676,2018년 11월 17일 23시,토요일,인천광역시 미추홀구 주안동,경상사고,0,0,1,0,차대사람 - 보도통행중,안전운전불이행,건조,맑음,기타 - 기타,승용,남,44세,상해없음,보행자,남,35세,경상
2018111700100677,2018년 11월 17일 23시,토요일,인천광역시 계양구 작전동,경상사고,0,0,1,0,차대차 - 기타,안전운전불이행,건조,맑음,단일로 - 기타,승용,남,37세,상해없음,이륜,남,38세,경상
2018111800100010,2018년 11월 18일 00시,일요일,인천광역시 계양구 효성동,중상사고,0,2,0,0,차대차 - 기타,안전운전불이행,건조,맑음,단일로 - 기타,승용,남,16세,상해없음,승용,여,29세,중상
2018111800100023,2018년 11월 18일 01시,일요일,인천광역시 남동구 간석동,경상사고,0,0,2,1,차대차 - 측면충돌,안전운전불이행,건조,흐림,단일로 - 기타,화물,남,38세,상해없음,승용,남,50세,경상
2018111800100044,2018년 11월 18일 03시,일요일,인천광역시 서구 신현동,중상사고,0,1,0,0,차량단독 - 공작물충돌,안전운전불이행,건조,맑음,교차로 - 교차로안,승용,남,33세,중상,,,,
2018111800100045,2018년 11월 18일 03시,일요일,인천광역시 부평구 부평동,경상사고,0,0,3,0,차대차 - 추돌,안전운전불이행,건조,맑음,단일로 - 기타,승용,남,23세,상해없음,승용,남,56세,경상
2018111800100088,2018년 11월 18일 08시,일요일,인천광역시 남동구 구월동,중상사고,0,1,0,0,차대차 - 측면충돌,안전운전불이행,건조,맑음,기타 - 기타,승용,여,45세,상해없음,자전거,남,65세,중상
2018111800100098,2018년 11월 18일 09시,일요일,인천광역시 연수구 청학동,경상사고,0,0,1,0,차대차 - 기타,안전운전불이행,건조,맑음,교차로 - 교차로부근,승용,남,37세,상해없음,승용,남,32세,경상
2018111800100150,2018년 11월 18일 12시,일요일,인천광역시 계양구 서운동,경상사고,0,0,3,0,차대차 - 측면충돌,안전운전불이행,건조,맑음,단일로 - 기타,승용,남,67세,상해없음,승용,남,35세,경상
2018111800100171,2018년 11월 18일 13시,일요일,인천광역시 서구 신현동,중상사고,0,2,0,0,차대사람 - 횡단중,신호위반,건조,맑음,교차로 - 교차로안,이륜,남,32세,상해없음,보행자,여,55세,중상
2018111800100172,2018년 11월 18일 13시,일요일,인천광역시 서구 청라동,중상사고,0,1,0,0,차대사람 - 기타,안전운전불이행,건조,맑음,단일로 - 기타,승합,남,59세,상해없음,보행자,여,65세,중상
2018111800100173,2018년 11월 18일 13시,일요일,인천광역시 계양구 효성동,경상사고,0,0,1,0,차대차 - 측면충돌,교차로운행방법위반,건조,맑음,교차로 - 교차로부근,승합,남,52세,상해없음,승용,여,49세,경상
2018111800100191,2018년 11월 18일 14시,일요일,인천광역시 남동구 구월동,경상사고,0,0,1,0,차대사람 - 기타,안전운전불이행,건조,맑음,교차로 - 교차로안,승용,남,29세,기타불명,보행자,남,50세,경상
2018111800100192,2018년 11월 18일 14시,일요일,인천광역시 남동구 도림동,경상사고,0,0,1,0,차대차 - 측면충돌,신호위반,건조,맑음,단일로 - 고가도로위,승용,남,33세,상해없음,이륜,남,19세,경상
2018111800100224,2018년 11월 18일 15시,일요일,인천광역시 동구 송림동,중상사고,0,1,0,0,차대사람 - 횡단중,안전운전불이행,건조,맑음,교차로 - 교차로안,이륜,남,69세,상해없음,보행자,여,71세,중상
2018111800100330,2018년 11월 18일 18시,일요일,인천광역시 서구 석남동,경상사고,0,0,1,0,차대사람 - 횡단중,보행자보호의무위반,건조,맑음,기타 - 기타,승용,여,46세,상해없음,보행자,남,55세,경상
2018111800100399,2018년 11월 18일 20시,일요일,인천광역시 중구 운서동,중상사고,0,1,0,0,차대차 - 측면충돌,신호위반,건조,맑음,교차로 - 교차로안,승용,여,35세,상해없음,승용,남,54세,중상
2018111800100416,2018년 11월 18일 21시,일요일,인천광역시 미추홀구 주안동,부상신고사고,0,0,0,1,차대차 - 측면충돌,안전운전불이행,건조,맑음,교차로 - 교차로안,기타불명,기타불명,미분류,기타불명,기타불명,기타불명,미분류,기타불명
2018111800100417,2018년 11월 18일 21시,일요일,인천광역시 부평구 삼산동,중상사고,0,3,1,0,차대차 - 추돌,안전운전불이행,건조,맑음,단일로 - 기타,승합,남,42세,상해없음,승용,남,41세,중상
2018111800100435,2018년 11월 18일 22시,일요일,인천광역시 계양구 계산동,중상사고,0,1,0,0,차대사람 - 차도통행중,안전운전불이행,건조,맑음,단일로 - 기타,승용,여,45세,상해없음,보행자,여,41세,중상
2018111800100436,2018년 11월 18일 22시,일요일,인천광역시 서구 경서동,경상사고,0,0,5,0,차대차 - 측면충돌,차로위반,건조,맑음,단일로 - 기타,승용,남,41세,상해없음,승용,여,31세,경상
2018111900100107,2018년 11월 19일 08시,월요일,인천광역시 서구 불로동,경상사고,0,0,1,0,차대차 - 측면충돌,안전운전불이행,건조,맑음,교차로 - 교차로안,승용,남,53세,상해없음,승용,남,70세,상해없음
2018111900100170,2018년 11월 19일 10시,월요일,인천광역시 남동구 간석동,경상사고,0,0,1,0,차대차 - 측면충돌,안전운전불이행,건조,맑음,교차로 - 교차로안,승합,남,59세,상해없음,승용,남,64세,상해없음
2018111900100197,2018년 11월 19일 11시,월요일,인천광역시 미추홀구 주안동,중상사고,0,1,0,0,차대차 - 기타,안전운전불이행,건조,맑음,교차로 - 교차로횡단보도내,자전거,남,78세,중상,승용,남,74세,상해없음
2018111900100255,2018년 11월 19일 13시,월요일,인천광역시 남동구 수산동,부상신고사고,0,0,0,1,차대차 - 측면충돌,안전운전불이행,건조,맑음,교차로 - 교차로안,이륜,남,18세,부상신고,승용,남,46세,상해없음
2018111900100332,2018년 11월 19일 15시,월요일,인천광역시 중구 운서동,경상사고,0,0,1,0,차대차 - 측면충돌,안전운전불이행,건조,맑음,교차로 - 교차로안,승용,남,45세,상해없음,승용,남,68세,상해없음
2018111900100333,2018년 11월 19일 15시,월요일,인천광역시 남동구 논현동,부상신고사고,0,0,0,1,차대차 - 측면충돌,안전운전불이행,건조,맑음,교차로 - 교차로안,자전거,남,73세,부상신고,화물,남,46세,상해없음
2018111900100334,2018년 11월 19일 15시,월요일,인천광역시 남동구 남촌동,경상사고,0,0,1,0,차대사람 - 기타,안전운전불이행,건조,맑음,단일로 - 기타,승용,남,41세,상해없음,보행자,여,72세,경상
2018111900100375,2018년 11월 19일 16시,월요일,인천광역시 미추홀구 주안동,경상사고,0,0,2,0,차대사람 - 기타,안전운전불이행,건조,맑음,기타 - 기타,승용,남,60세,상해없음,보행자,여,19세,경상
2018111900100415,2018년 11월 19일 17시,월요일,인천광역시 남동구 간석동,경상사고,0,0,1,0,차대차 - 정면충돌,신호위반,건조,맑음,교차로 - 교차로안,승용,남,19세,상해없음,화물,남,66세,경상
2018111900100416,2018년 11월 19일 17시,월요일,인천광역시 남동구 구월동,중상사고,0,1,0,0,차대차 - 기타,안전운전불이행,건조,맑음,교차로 - 교차로안,기타불명,기타불명,미분류,기타불명,자전거,남,64세,중상
2018111900100417,2018년 11월 19일 17시,월요일,인천광역시 연수구 송도동,경상사고,0,0,1,0,차대차 - 측면충돌,교차로운행방법위반,건조,맑음,교차로 - 교차로부근,승용,남,29세,상해없음,승용,남,34세,경상
2018111900100509,2018년 11월 19일 19시,월요일,인천광역시 연수구 동춘동,중상사고,0,1,2,0,차대차 - 기타,신호위반,건조,맑음,교차로 - 교차로안,승용,남,58세,경상,승용,남,40세,중상
2018111900100539,2018년 11월 19일 20시,월요일,인천광역시 계양구 작전동,경상사고,0,0,2,0,차대차 - 추돌,안전운전불이행,건조,맑음,단일로 - 기타,승용,남,60세,상해없음,승용,남,32세,경상
2018111900100566,2018년 11월 19일 21시,월요일,인천광역시 미추홀구 관교동,중상사고,0,1,0,0,차대사람 - 기타,안전운전불이행,건조,맑음,단일로 - 기타,승합,남,47세,상해없음,보행자,여,77세,중상
2018111900100567,2018년 11월 19일 21시,월요일,인천광역시 남동구 간석동,경상사고,0,0,1,0,차대차 - 측면충돌,신호위반,건조,맑음,교차로 - 교차로안,승용,남,33세,상해없음,승용,남,40세,경상
2018111900100568,2018년 11월 19일 21시,월요일,인천광역시 서구 마전동,경상사고,0,0,1,0,차대차 - 측면충돌,안전운전불이행,건조,맑음,교차로 - 교차로안,승합,남,62세,상해없음,승용,여,36세,경상
2018111900100569,2018년 11월 19일 21시,월요일,인천광역시 서구 경서동,경상사고,0,0,2,0,차대차 - 추돌,안전거리미확보,건조,맑음,단일로 - 터널,승용,남,26세,경상,승용,남,24세,경상
2018111900100570,2018년 11월 19일 21시,월요일,인천광역시 중구 중산동,부상신고사고,0,0,0,1,차량단독 - 기타,기타,건조,맑음,단일로 - 교량,승용,남,46세,상해없음,,,,
2018112000100023,2018년 11월 20일 02시,화요일,인천광역시 남동구 만수동,중상사고,0,2,1,0,차대차 - 측면충돌,안전운전불이행,건조,맑음,교차로 - 교차로안,승용,남,23세,상해없음,화물,남,37세,경상
2018112000100067,2018년 11월 20일 07시,화요일,인천광역시 계양구 계산동,경상사고,0,0,1,0,차대차 - 추돌,안전운전불이행,건조,맑음,단일로 - 기타,승합,남,22세,상해없음,승합,남,40세,상해없음
2018112000100221,2018년 11월 20일 11시,화요일,인천광역시 계양구 서운동,경상사고,0,0,1,0,차대차 - 추돌,안전운전불이행,건조,맑음,교차로 - 교차로부근,화물,남,65세,상해없음,승용,남,54세,경상
2018112000100275,2018년 11월 20일 13시,화요일,인천광역시 부평구 삼산동,경상사고,0,0,2,0,차대차 - 기타,교차로운행방법위반,건조,맑음,교차로 - 교차로안,승용,남,63세,상해없음,승용,여,44세,경상
2018112000100276,2018년 11월 20일 13시,화요일,인천광역시 부평구 산곡동,경상사고,0,0,1,0,차대차 - 기타,안전운전불이행,건조,맑음,단일로 - 기타,승용,남,47세,상해없음,승용,여,31세,경상
2018112000100344,2018년 11월 20일 15시,화요일,인천광역시 미추홀구 용현동,경상사고,0,0,2,0,차대사람 - 보도통행중,보행자보호의무위반,건조,맑음,교차로 - 교차로안,승합,여,48세,상해없음,보행자,여,31세,경상
2018112000100394,2018년 11월 20일 16시,화요일,인천광역시 서구 청라동,경상사고,0,0,1,0,차대차 - 추돌,안전운전불이행,건조,맑음,교차로 - 교차로안,승용,남,38세,상해없음,승용,여,22세,경상
2018112000100454,2018년 11월 20일 17시,화요일,인천광역시 연수구 동춘동,경상사고,0,0,1,0,차대차 - 기타,교차로운행방법위반,건조,맑음,교차로 - 교차로안,화물,남,60세,상해없음,승용,여,35세,경상
2018112000100571,2018년 11월 20일 19시,화요일,인천광역시 서구 연희동,부상신고사고,0,0,0,1,차대차 - 측면충돌,중앙선침범,건조,맑음,교차로 - 교차로부근,이륜,남,16세,부상신고,승용,남,33세,상해없음
2018112000100598,2018년 11월 20일 20시,화요일,인천광역시 서구 가좌동,중상사고,0,1,0,0,차대사람 - 기타,안전운전불이행,건조,맑음,단일로 - 기타,화물,남,64세,상해없음,보행자,남,55세,중상
2018112000100624,2018년 11월 20일 21시,화요일,인천광역시 서구 당하동,경상사고,0,0,1,0,차대사람 - 기타,신호위반,건조,맑음,교차로 - 교차로부근,승용,남,55세,상해없음,보행자,여,39세,경상
2018112000100644,2018년 11월 20일 22시,화요일,인천광역시 미추홀구 숭의동,중상사고,0,2,1,0,차대차 - 측면충돌,신호위반,건조,흐림,교차로 - 교차로안,승용,남,57세,경상,승용,남,53세,중상
2018112100100016,2018년 11월 21일 00시,수요일,인천광역시 남동구 남촌동,중상사고,0,1,1,0,차대차 - 추돌,안전운전불이행,젖음/습기,비,교차로 - 교차로부근,승용,남,27세,상해없음,승용,여,45세,중상
2018112100100026,2018년 11월 21일 01시,수요일,인천광역시 계양구 작전동,경상사고,0,0,3,0,차대차 - 추돌,안전운전불이행,젖음/습기,비,교차로 - 교차로안,승용,남,29세,상해없음,승용,남,65세,경상
2018112100100056,2018년 11월 21일 04시,수요일,인천광역시 남동구 간석동,중상사고,0,1,1,0,차대차 - 측면충돌,신호위반,건조,맑음,기타 - 기타,승합,남,24세,기타불명,승용,남,55세,중상
2018112100100071,2018년 11월 21일 05시,수요일,인천광역시 중구 북성동1가,중상사고,0,1,0,0,차대차 - 측면충돌,교차로운행방법위반,건조,맑음,교차로 - 교차로안,자전거,남,68세,중상,승용,남,56세,상해없음
2018112100100111,2018년 11월 21일 07시,수요일,인천광역시 부평구 청천동,경상사고,0,0,2,0,차대차 - 기타,안전운전불이행,건조,맑음,단일로 - 기타,승용,남,58세,상해없음,승용,남,56세,경상
2018112100100112,2018년 11월 21일 07시,수요일,인천광역시 부평구 부개동,중상사고,0,1,0,0,차대차 - 측면충돌,안전운전불이행,건조,맑음,교차로 - 교차로부근,승용,남,66세,상해없음,자전거,여,60세,중상
2018112100100144,2018년 11월 21일 08시,수요일,인천광역시 미추홀구 주안동,경상사고,0,0,1,0,차대사람 - 기타,안전운전불이행,건조,맑음,단일로 - 기타,기타불명,기타불명,미분류,기타불명,보행자,남,23세,경상
2018112100100145,2018년 11월 21일 08시,수요일,인천광역시 남동구 간석동,경상사고,0,0,1,0,차대사람 - 차도통행중,안전운전불이행,건조,맑음,교차로 - 교차로안,승용,남,62세,상해없음,보행자,여,46세,경상
2018112100100146,2018년 11월 21일 08시,수요일,인천광역시 남동구 만수동,경상사고,0,0,1,0,차대사람 - 횡단중,안전운전불이행,건조,맑음,단일로 - 기타,승용,여,42세,상해없음,보행자,여,12세,경상
2018112100100147,2018년 11월 21일 08시,수요일,인천광역시 연수구 선학동,경상사고,0,0,4,1,차대차 - 측면충돌,중앙선침범,건조,맑음,단일로 - 고가도로위,승용,남,48세,상해없음,승용,남,61세,경상
2018112100100173,2018년 11월 21일 09시,수요일,인천광역시 부평구 십정동,중상사고,0,1,0,0,차량단독 - 기타,안전운전불이행,건조,맑음,단일로 - 기타,승합,남,48세,상해없음,,,,
2018112100100203,2018년 11월 21일 10시,수요일,인천광역시 남동구 간석동,경상사고,0,0,2,0,차대차 - 측면충돌,신호위반,건조,맑음,교차로 - 교차로안,화물,남,55세,상해없음,승용,남,60세,경상
2018112100100229,2018년 11월 21일 11시,수요일,인천광역시 남동구 장수동,중상사고,0,1,0,0,차대차 - 기타,신호위반,건조,맑음,교차로 - 교차로안,화물,남,43세,상해없음,승용,여,57세,중상
2018112100100370,2018년 11월 21일 16시,수요일,인천광역시 서구 마전동,중상사고,0,1,0,0,차대차 - 측면충돌,신호위반,건조,맑음,단일로 - 기타,화물,남,71세,상해없음,승용,여,55세,중상
2018112100100421,2018년 11월 21일 17시,수요일,인천광역시 계양구 동양동,부상신고사고,0,0,0,2,차대차 - 측면충돌,안전거리미확보,건조,맑음,단일로 - 기타,기타불명,기타불명,미분류,기타불명,승용,남,73세,부상신고
2018112100100517,2018년 11월 21일 19시,수요일,인천광역시 미추홀구 용현동,경상사고,0,0,2,0,차대차 - 추돌,안전운전불이행,건조,맑음,교차로 - 교차로부근,승용,남,56세,상해없음,승용,남,32세,경상
2018112200100020,2018년 11월 22일 01시,목요일,인천광역시 부평구 삼산동,경상사고,0,0,1,0,차대차 - 측면충돌,안전거리미확보,건조,맑음,교차로 - 교차로부근,승용,남,28세,상해없음,이륜,남,37세,경상
2018112200100027,2018년 11월 22일 02시,목요일,인천광역시 연수구 동춘동,경상사고,0,0,1,0,차대차 - 측면충돌,안전운전불이행,건조,맑음,교차로 - 교차로안,승용,여,38세,상해없음,승용,남,54세,경상
2018112200100199,2018년 11월 22일 09시,목요일,인천광역시 서구 왕길동,경상사고,0,0,1,0,차대사람 - 횡단중,신호위반,건조,맑음,교차로 - 교차로횡단보도내,승용,남,58세,상해없음,보행자,여,67세,경상
2018112200100231,2018년 11월 22일 10시,목요일,인천광역시 미추홀구 도화동,경상사고,0,0,1,0,차대차 - 기타,안전운전불이행,건조,맑음,교차로 - 교차로부근,승용,남,50세,상해없음,승용,여,49세,경상
2018112200100232,2018년 11월 22일 10시,목요일,인천광역시 미추홀구 관교동,중상사고,0,1,0,0,차대차 - 측면충돌,안전운전불이행,건조,맑음,교차로 - 교차로부근,이륜,남,56세,중상,승용,여,34세,상해없음
2018112200100287,2018년 11월 22일 12시,목요일,인천광역시 부평구 부평동,중상사고,0,1,0,0,차대사람 - 차도통행중,안전운전불이행,건조,맑음,교차로 - 교차로부근,승합,남,68세,상해없음,보행자,남,79세,중상
2018112200100288,2018년 11월 22일 12시,목요일,인천광역시 계양구 계산동,경상사고,0,0,1,0,차대차 - 측면충돌,안전운전불이행,건조,맑음,단일로 - 기타,승용,남,40세,상해없음,자전거,남,58세,경상
2018112200100289,2018년 11월 22일 12시,목요일,인천광역시 연수구 연수동,경상사고,0,0,1,0,차대차 - 기타,안전운전불이행,건조,맑음,단일로 - 기타,승용,여,48세,상해없음,승합,남,51세,경상
2018112200100290,2018년 11월 22일 12시,목요일,인천광역시 남동구 서창동,경상사고,0,0,1,0,차대사람 - 보도통행중,기타,건조,맑음,기타 - 기타,화물,남,44세,상해없음,보행자,여,58세,경상
2018112200100329,2018년 11월 22일 13시,목요일,인천광역시 미추홀구 주안동,경상사고,0,0,1,0,차대차 - 기타,안전운전불이행,건조,맑음,단일로 - 기타,승용,여,21세,상해없음,이륜,남,26세,경상
2018112200100485,2018년 11월 22일 17시,목요일,인천광역시 연수구 동춘동,경상사고,0,0,1,0,차대차 - 측면충돌,교차로운행방법위반,건조,맑음,교차로 - 교차로안,승용,여,30세,상해없음,승용,남,43세,경상
2018112200100577,2018년 11월 22일 19시,목요일,인천광역시 중구 신흥동3가,경상사고,0,0,1,0,차대차 - 측면충돌,안전운전불이행,건조,맑음,단일로 - 기타,승용,여,51세,상해없음,승용,남,27세,경상
2018112200100578,2018년 11월 22일 19시,목요일,인천광역시 미추홀구 용현동,중상사고,0,1,0,0,차대사람 - 횡단중,보행자보호의무위반,건조,맑음,교차로 - 교차로안,화물,남,48세,상해없음,보행자,여,17세,중상
2018112200100579,2018년 11월 22일 19시,목요일,인천광역시 서구 청라동,중상사고,0,1,0,0,차대차 - 정면충돌,신호위반,건조,맑음,교차로 - 교차로안,이륜,남,16세,상해없음,이륜,남,33세,중상
2018112200100607,2018년 11월 22일 20시,목요일,인천광역시 중구 신포동,중상사고,0,1,2,0,차대차 - 기타,교차로운행방법위반,건조,맑음,교차로 - 교차로안,승용,남,37세,상해없음,승용,남,61세,경상
2018112200100608,2018년 11월 22일 20시,목요일,인천광역시 계양구 용종동,경상사고,0,0,1,0,차대차 - 측면충돌,안전거리미확보,건조,맑음,단일로 - 기타,화물,남,60세,상해없음,승용,여,52세,경상
2018112200100656,2018년 11월 22일 22시,목요일,인천광역시 남동구 구월동,경상사고,0,0,3,0,차대차 - 기타,안전운전불이행,건조,맑음,교차로 - 교차로안,승용,여,60세,상해없음,승용,여,48세,경상
2018112200100657,2018년 11월 22일 22시,목요일,인천광역시 서구 연희동,경상사고,0,0,1,0,차대사람 - 기타,안전운전불이행,건조,맑음,교차로 - 교차로부근,특수,남,31세,상해없음,보행자,남,58세,경상
2018112300100022,2018년 11월 23일 01시,금요일,인천광역시 미추홀구 주안동,경상사고,0,0,1,0,차대차 - 기타,안전운전불이행,건조,맑음,단일로 - 기타,기타불명,기타불명,미분류,기타불명,승용,남,62세,경상
2018112300100023,2018년 11월 23일 01시,금요일,인천광역시 중구 신흥동3가,경상사고,0,0,1,0,차대차 - 기타,안전운전불이행,건조,맑음,단일로 - 기타,화물,남,54세,상해없음,승용,남,24세,경상
2018112300100053,2018년 11월 23일 05시,금요일,인천광역시 미추홀구 주안동,중상사고,0,1,0,0,차대사람 - 차도통행중,안전운전불이행,건조,맑음,교차로 - 교차로부근,화물,남,59세,상해없음,보행자,남,56세,중상
2018112300100099,2018년 11월 23일 07시,금요일,인천광역시 강화군 길상면,중상사고,0,1,0,0,차대차 - 측면충돌,신호위반,건조,맑음,교차로 - 교차로안,승용,여,57세,상해없음,이륜,남,78세,중상
2018112300100150,2018년 11월 23일 08시,금요일,인천광역시 동구 송림동,중상사고,0,1,0,0,차대사람 - 횡단중,안전운전불이행,건조,맑음,교차로 - 교차로안,승용,여,51세,상해없음,보행자,여,20세,중상
2018112300100151,2018년 11월 23일 08시,금요일,인천광역시 미추홀구 용현동,경상사고,0,0,1,0,차대차 - 측면충돌,안전운전불이행,건조,맑음,교차로 - 교차로안,승용,여,50세,상해없음,승용,남,66세,경상
2018112300100152,2018년 11월 23일 08시,금요일,인천광역시 남동구 간석동,중상사고,0,1,0,0,차대사람 - 횡단중,신호위반,건조,맑음,교차로 - 교차로부근,화물,남,55세,상해없음,보행자,여,21세,중상
2018112300100224,2018년 11월 23일 10시,금요일,인천광역시 중구 운서동,사망사고,1,1,3,0,차대사람 - 기타,기타,건조,맑음,기타 - 기타,승합,남,39세,상해없음,보행자,남,73세,경상
2018112300100250,2018년 11월 23일 11시,금요일,인천광역시 계양구 장기동,중상사고,0,1,0,0,차대차 - 측면충돌,안전운전불이행,건조,맑음,단일로 - 기타,승용,남,37세,상해없음,이륜,남,56세,중상
2018112300100284,2018년 11월 23일 12시,금요일,인천광역시 남동구 간석동,경상사고,0,0,1,0,차대사람 - 기타,안전운전불이행,건조,맑음,기타 - 기타,화물,남,27세,상해없음,보행자,남,59세,경상
2018112300100285,2018년 11월 23일 12시,금요일,인천광역시 연수구 청학동,경상사고,0,0,1,0,차대차 - 측면충돌,안전거리미확보,건조,맑음,단일로 - 기타,승용,여,65세,상해없음,승용,여,28세,경상
2018112300100319,2018년 11월 23일 13시,금요일,인천광역시 부평구 부평동,경상사고,0,0,2,0,차대차 - 측면충돌,안전운전불이행,건조,맑음,교차로 - 교차로안,승용,남,48세,상해없음,승용,남,49세,경상
2018112300100320,2018년 11월 23일 13시,금요일,인천광역시 부평구 부평동,경상사고,0,0,1,0,차대차 - 측면충돌,안전운전불이행,건조,맑음,단일로 - 기타,승용,여,31세,상해없음,승용,여,52세,경상
2018112300100352,2018년 11월 23일 14시,금요일,인천광역시 서구 불로동,경상사고,0,0,1,0,차대차 - 측면충돌,안전운전불이행,건조,맑음,단일로 - 기타,승용,남,64세,상해없음,이륜,남,27세,경상
2018112300100483,2018년 11월 23일 17시,금요일,인천광역시 서구 석남동,중상사고,0,1,0,0,차대사람 - 횡단중,안전운전불이행,건조,맑음,단일로 - 기타,승용,남,44세,상해없음,보행자,남,72세,중상
2018112300100484,2018년 11월 23일 17시,금요일,인천광역시 서구 가좌동,경상사고,0,0,1,0,차대차 - 측면충돌,안전운전불이행,건조,맑음,기타 - 기타,특수,남,40세,상해없음,승용,남,28세,경상
2018112300100485,2018년 11월 23일 17시,금요일,인천광역시 서구 석남동,경상사고,0,0,1,0,차대사람 - 횡단중,안전운전불이행,건조,맑음,교차로 - 교차로부근,승용,여,47세,상해없음,보행자,남,9세,경상
2018112300100486,2018년 11월 23일 17시,금요일,인천광역시 부평구 구산동,경상사고,0,0,2,0,차대차 - 측면충돌,안전운전불이행,건조,맑음,교차로 - 교차로안,승용,남,67세,상해없음,승용,남,20세,경상
2018112300100556,2018년 11월 23일 18시,금요일,인천광역시 남동구 구월동,경상사고,0,0,1,0,차대차 - 기타,차로위반,건조,맑음,교차로 - 교차로부근,승용,남,24세,상해없음,승합,남,52세,상해없음
2018112300100609,2018년 11월 23일 19시,금요일,인천광역시 중구 신흥동3가,경상사고,0,0,1,0,차대차 - 측면충돌,안전거리미확보,건조,맑음,기타 - 기타,승용,남,62세,기타불명,승용,남,32세,경상
2018112300100610,2018년 11월 23일 19시,금요일,인천광역시 남동구 구월동,경상사고,0,0,3,0,차대차 - 추돌,안전운전불이행,건조,맑음,단일로 - 기타,승용,남,54세,상해없음,승용,남,20세,경상
2018112300100611,2018년 11월 23일 19시,금요일,인천광역시 서구 가정동,경상사고,0,0,2,0,차대차 - 측면충돌,안전운전불이행,건조,맑음,교차로 - 교차로부근,승용,남,43세,상해없음,승용,남,36세,경상
2018112300100612,2018년 11월 23일 19시,금요일,인천광역시 계양구 계산동,경상사고,0,0,1,0,차대사람 - 길가장자리구역통행중,안전운전불이행,건조,맑음,단일로 - 기타,승용,남,54세,상해없음,보행자,남,62세,경상
2018112300100613,2018년 11월 23일 19시,금요일,인천광역시 연수구 송도동,부상신고사고,0,0,0,1,차대사람 - 횡단중,안전운전불이행,건조,맑음,교차로 - 교차로횡단보도내,승용,여,50세,상해없음,보행자,여,16세,부상신고
2018112400100023,2018년 11월 24일 00시,토요일,인천광역시 남동구 만수동,경상사고,0,0,1,0,차대사람 - 차도통행중,안전운전불이행,건조,맑음,교차로 - 교차로안,승용,남,54세,상해없음,보행자,여,55세,경상
2018112400100024,2018년 11월 24일 00시,토요일,인천광역시 연수구 송도동,경상사고,0,0,1,0,차대차 - 측면충돌,안전운전불이행,건조,맑음,단일로 - 기타,승용,여,51세,상해없음,승용,여,53세,경상
2018112400100039,2018년 11월 24일 01시,토요일,인천광역시 미추홀구 주안동,경상사고,0,0,3,0,차대차 - 기타,신호위반,건조,맑음,교차로 - 교차로안,승용,여,56세,경상,승용,남,61세,경상
2018112400100076,2018년 11월 24일 04시,토요일,인천광역시 동구 송림동,중상사고,0,3,1,0,차대차 - 측면충돌,신호위반,건조,맑음,교차로 - 교차로안,이륜,남,26세,중상,승용,남,49세,경상
2018112400100126,2018년 11월 24일 06시,토요일,인천광역시 계양구 계산동,경상사고,0,0,1,0,차대사람 - 차도통행중,안전운전불이행,적설,눈,단일로 - 기타,승용,남,50세,상해없음,보행자,남,77세,경상
2018112400100127,2018년 11월 24일 06시,토요일,인천광역시 강화군 강화읍,경상사고,0,0,1,0,차대사람 - 횡단중,안전운전불이행,젖음/습기,눈,교차로 - 교차로부근,승용,남,47세,상해없음,보행자,여,72세,경상
2018112400100152,2018년 11월 24일 07시,토요일,인천광역시 미추홀구 숭의동,경상사고,0,0,1,0,차대차 - 기타,안전운전불이행,젖음/습기,눈,단일로 - 기타,화물,남,40세,상해없음,승용,남,29세,경상
2018112400100186,2018년 11월 24일 08시,토요일,인천광역시 중구 신흥동1가,경상사고,0,0,1,0,차대차 - 측면충돌,안전거리미확보,젖음/습기,비,교차로 - 교차로부근,승용,남,76세,기타불명,건설기계,남,47세,경상
2018112400100187,2018년 11월 24일 08시,토요일,인천광역시 서구 가정동,경상사고,0,0,1,0,차대차 - 측면충돌,안전운전불이행,서리/결빙,눈,단일로 - 기타,승용,남,73세,상해없음,승용,남,42세,경상
2018112400100188,2018년 11월 24일 08시,토요일,인천광역시 계양구 작전동,경상사고,0,0,2,0,차대차 - 추돌,안전운전불이행,적설,눈,교차로 - 교차로부근,승용,남,22세,상해없음,승용,남,57세,경상