사고번호,사고일시,요일,시군구,사고내용,사망자수,중상자수,경상자수,부상신고자수,사고유형,법규위반,노면상태,기상상태,도로형태,가해운전자 차종,가해운전자 성별,가해운전자 연령,가해운전자 상해정도,피해운전자 차종,피해운전자 성별,피해운전자 연령,피해운전자 상해정도
2018112400100189,2018년 11월 24일 08시,토요일,인천광역시 남동구 만수동,경상사고,0,0,2,0,차대차 - 추돌,안전거리미확보,건조,맑음,단일로 - 기타,승용,남,26세,상해없음,승용,남,36세,경상
2018112400100239,2018년 11월 24일 09시,토요일,인천광역시 중구 운서동,중상사고,0,1,0,0,차대차 - 기타,안전운전불이행,젖음/습기,흐림,교차로 - 교차로부근,승용,남,42세,상해없음,승용,여,50세,중상
2018112400100240,2018년 11월 24일 09시,토요일,인천광역시 부평구 십정동,경상사고,0,0,2,0,차대차 - 기타,안전운전불이행,적설,맑음,단일로 - 기타,승용,여,59세,상해없음,승용,남,60세,경상
2018112400100275,2018년 11월 24일 10시,토요일,인천광역시 중구 유동,경상사고,0,0,2,0,차대차 - 측면충돌,안전거리미확보,건조,흐림,교차로 - 교차로부근,승용,여,63세,상해없음,승용,여,38세,경상
2018112400100276,2018년 11월 24일 10시,토요일,인천광역시 부평구 청천동,경상사고,0,0,2,0,차대차 - 추돌,안전운전불이행,건조,흐림,단일로 - 기타,승용,남,49세,상해없음,화물,남,45세,경상
2018112400100308,2018년 11월 24일 11시,토요일,인천광역시 남동구 구월동,경상사고,0,0,2,0,차대차 - 측면충돌,안전거리미확보,젖음/습기,맑음,교차로 - 교차로안,승용,남,27세,경상,승용,여,34세,경상
2018112400100309,2018년 11월 24일 11시,토요일,인천광역시 서구 원당동,경상사고,0,0,2,0,차대차 - 측면충돌,안전운전불이행,젖음/습기,눈,단일로 - 기타,승용,남,59세,경상,승용,여,54세,경상
2018112400100402,2018년 11월 24일 14시,토요일,인천광역시 계양구 계산동,경상사고,0,0,1,0,차대차 - 측면충돌,차로위반,젖음/습기,흐림,단일로 - 기타,승합,남,55세,상해없음,승용,남,36세,경상
2018112400100432,2018년 11월 24일 15시,토요일,인천광역시 남동구 구월동,경상사고,0,0,1,0,차대사람 - 보도통행중,보행자보호의무위반,건조,맑음,단일로 - 기타,승용,남,44세,상해없음,보행자,남,26세,경상
2018112400100433,2018년 11월 24일 15시,토요일,인천광역시 연수구 청학동,중상사고,0,1,0,0,차대사람 - 보도통행중,기타,건조,맑음,교차로 - 교차로부근,화물,남,50세,상해없음,보행자,여,47세,중상
2018112400100458,2018년 11월 24일 16시,토요일,인천광역시 남동구 만수동,중상사고,0,1,0,0,차대사람 - 횡단중,안전운전불이행,건조,맑음,교차로 - 교차로부근,건설기계,남,69세,상해없음,보행자,남,69세,중상
2018112400100495,2018년 11월 24일 17시,토요일,인천광역시 남동구 간석동,중상사고,0,3,0,0,차대차 - 기타,신호위반,건조,맑음,기타 - 기타,승용,남,63세,상해없음,승용,남,36세,중상
2018112400100496,2018년 11월 24일 17시,토요일,인천광역시 남동구 구월동,경상사고,0,0,1,0,차대차 - 추돌,안전운전불이행,건조,맑음,교차로 - 교차로부근,승용,남,24세,상해없음,승용,남,39세,경상
2018112400100497,2018년 11월 24일 17시,토요일,인천광역시 서구 마전동,사망사고,1,0,0,0,차대사람 - 기타,안전운전불이행,건조,맑음,교차로 - 교차로안,승용,남,28세,상해없음,보행자,남,85세,사망
2018112400100498,2018년 11월 24일 17시,토요일,인천광역시 연수구 옥련동,중상사고,0,1,0,0,차대사람 - 횡단중,보행자보호의무위반,건조,맑음,단일로 - 기타,승용,남,29세,상해없음,보행자,남,69세,중상
2018112400100547,2018년 11월 24일 18시,토요일,인천광역시 미추홀구 주안동,경상사고,0,0,1,0,차대차 - 기타,안전운전불이행,건조,맑음,단일로 - 기타,이륜,남,48세,경상,승용,남,42세,상해없음
2018112400100579,2018년 11월 24일 19시,토요일,인천광역시 중구 항동7가,중상사고,0,1,0,0,차대사람 - 차도통행중,안전운전불이행,건조,맑음,단일로 - 기타,승용,남,56세,상해없음,보행자,여,78세,중상
2018112400100580,2018년 11월 24일 19시,토요일,인천광역시 미추홀구 주안동,경상사고,0,0,1,0,차대차 - 기타,안전운전불이행,건조,기타,단일로 - 기타,승용,남,63세,상해없음,승용,남,57세,상해없음
2018112400100581,2018년 11월 24일 19시,토요일,인천광역시 연수구 동춘동,경상사고,0,0,2,0,차대차 - 기타,안전운전불이행,건조,맑음,단일로 - 기타,승용,남,37세,상해없음,자전거,남,28세,경상
2018112400100582,2018년 11월 24일 19시,토요일,인천광역시 부평구 부평동,경상사고,0,0,1,0,차대차 - 후진중충돌,안전운전불이행,건조,맑음,교차로 - 교차로부근,승용,남,71세,상해없음,승용,남,23세,경상
2018112400100621,2018년 11월 24일 20시,토요일,인천광역시 남동구 논현동,경상사고,0,0,1,0,차대사람 - 기타,교차로운행방법위반,건조,맑음,교차로 - 교차로부근,승용,남,48세,상해없음,보행자,여,25세,경상
2018112400100651,2018년 11월 24일 21시,토요일,인천광역시 중구 운남동,경상사고,0,0,2,0,차대차 - 측면충돌,교차로운행방법위반,건조,맑음,교차로 - 교차로안,승용,남,58세,상해없음,승용,남,54세,경상
2018112400100652,2018년 11월 24일 21시,토요일,인천광역시 연수구 옥련동,중상사고,0,1,0,0,차대사람 - 기타,안전운전불이행,건조,맑음,단일로 - 기타,승용,남,40세,상해없음,보행자,여,41세,중상
2018112400100686,2018년 11월 24일 22시,토요일,인천광역시 중구 운서동,중상사고,0,1,1,0,차대차 - 측면충돌,신호위반,건조,맑음,교차로 - 교차로부근,승용,남,55세,상해없음,승용,여,55세,중상
2018112400100687,2018년 11월 24일 22시,토요일,인천광역시 연수구 송도동,경상사고,0,0,1,0,차대차 - 측면충돌,중앙선침범,건조,맑음,단일로 - 기타,승용,여,36세,상해없음,승용,여,43세,경상
2018112500100023,2018년 11월 25일 01시,일요일,인천광역시 남동구 남촌동,경상사고,0,0,1,0,차대차 - 측면충돌,안전운전불이행,건조,맑음,단일로 - 고가도로위,승용,남,28세,상해없음,승용,남,51세,경상
2018112500100043,2018년 11월 25일 03시,일요일,인천광역시 부평구 부평동,경상사고,0,0,1,0,차대차 - 측면충돌,안전운전불이행,건조,맑음,단일로 - 기타,이륜,남,18세,상해없음,승용,남,59세,경상
2018112500100069,2018년 11월 25일 06시,일요일,인천광역시 계양구 작전동,경상사고,0,0,3,0,차대차 - 측면충돌,신호위반,젖음/습기,맑음,교차로 - 교차로안,승용,남,61세,경상,승합,남,61세,상해없음
2018112500100092,2018년 11월 25일 08시,일요일,인천광역시 서구 원창동,경상사고,0,0,1,0,차대차 - 정면충돌,안전운전불이행,건조,맑음,교차로 - 교차로안,승용,남,46세,상해없음,승용,남,46세,경상
2018112500100164,2018년 11월 25일 12시,일요일,인천광역시 계양구 작전동,경상사고,0,0,2,0,차대차 - 후진중충돌,안전운전불이행,건조,맑음,교차로 - 교차로부근,승용,남,37세,상해없음,승용,남,29세,경상
2018112500100189,2018년 11월 25일 13시,일요일,인천광역시 남동구 논현동,경상사고,0,0,1,0,차대차 - 측면충돌,안전거리미확보,건조,맑음,단일로 - 기타,승용,남,64세,상해없음,화물,남,43세,경상
2018112500100210,2018년 11월 25일 14시,일요일,인천광역시 미추홀구 문학동,경상사고,0,0,1,0,차대사람 - 차도통행중,안전운전불이행,건조,맑음,단일로 - 기타,승용,남,54세,상해없음,보행자,남,34세,경상
2018112500100211,2018년 11월 25일 14시,일요일,인천광역시 부평구 부평동,경상사고,0,0,3,0,차대차 - 기타,안전운전불이행,건조,맑음,단일로 - 기타,승용,남,53세,상해없음,승용,남,40세,경상
2018112500100212,2018년 11월 25일 14시,일요일,인천광역시 남동구 간석동,중상사고,0,1,0,0,차대차 - 측면충돌,신호위반,건조,맑음,단일로 - 기타,이륜,남,40세,중상,승용,남,55세,상해없음
2018112500100245,2018년 11월 25일 15시,일요일,인천광역시 남동구 간석동,경상사고,0,0,1,0,차대차 - 측면충돌,안전운전불이행,건조,맑음,단일로 - 기타,승용,남,58세,상해없음,승용,남,48세,상해없음
2018112500100272,2018년 11월 25일 16시,일요일,인천광역시 서구 금곡동,경상사고,0,0,2,0,차대차 - 기타,안전운전불이행,건조,맑음,단일로 - 기타,승용,남,54세,상해없음,승용,여,48세,경상
2018112500100303,2018년 11월 25일 17시,일요일,인천광역시 부평구 부평동,경상사고,0,0,1,0,차대차 - 기타,중앙선침범,건조,맑음,단일로 - 기타,승용,남,51세,상해없음,이륜,남,18세,경상
2018112500100336,2018년 11월 25일 18시,일요일,인천광역시 부평구 십정동,중상사고,0,1,0,0,차대차 - 측면충돌,안전운전불이행,건조,흐림,단일로 - 기타,승용,남,35세,상해없음,승용,남,59세,중상
2018112500100337,2018년 11월 25일 18시,일요일,인천광역시 부평구 부평동,경상사고,0,0,1,0,차대차 - 측면충돌,안전운전불이행,건조,맑음,교차로 - 교차로안,화물,남,50세,상해없음,화물,남,55세,경상
2018112500100368,2018년 11월 25일 19시,일요일,인천광역시 남동구 만수동,경상사고,0,0,1,0,차대사람 - 차도통행중,안전운전불이행,건조,흐림,단일로 - 기타,기타불명,기타불명,미분류,기타불명,보행자,여,21세,경상
2018112500100394,2018년 11월 25일 20시,일요일,인천광역시 미추홀구 주안동,경상사고,0,0,1,0,차대차 - 추돌,안전운전불이행,건조,맑음,교차로 - 교차로부근,승용,남,32세,기타불명,승용,남,52세,경상
2018112500100409,2018년 11월 25일 21시,일요일,인천광역시 서구 검암동,경상사고,0,0,1,0,차대사람 - 기타,안전운전불이행,건조,맑음,단일로 - 기타,승합,남,57세,상해없음,보행자,여,43세,경상
2018112500100410,2018년 11월 25일 21시,일요일,인천광역시 남동구 장수동,경상사고,0,0,1,0,차대차 - 측면충돌,차로위반,건조,맑음,단일로 - 기타,화물,남,51세,상해없음,승용,남,32세,경상
2018112600100021,2018년 11월 26일 01시,월요일,인천광역시 서구 석남동,중상사고,0,2,0,0,차대차 - 기타,신호위반,건조,맑음,기타 - 기타,이륜,남,19세,중상,기타불명,기타불명,미분류,기타불명
2018112600100040,2018년 11월 26일 04시,월요일,인천광역시 연수구 연수동,경상사고,0,0,1,0,차대차 - 측면충돌,신호위반,건조,맑음,교차로 - 교차로안,승용,남,62세,상해없음,승용,여,28세,경상
2018112600100073,2018년 11월 26일 06시,월요일,인천광역시 중구 운북동,경상사고,0,0,1,0,차대차 - 측면충돌,신호위반,건조,맑음,교차로 - 교차로안,승용,남,46세,상해없음,승합,남,63세,경상
2018112600100142,2018년 11월 26일 08시,월요일,인천광역시 서구 신현동,부상신고사고,0,0,0,1,차대사람 - 길가장자리구역통행중,안전운전불이행,건조,맑음,단일로 - 기타,승용,남,58세,상해없음,보행자,남,7세,부상신고
2018112600100143,2018년 11월 26일 08시,월요일,인천광역시 계양구 계산동,경상사고,0,0,1,0,차대사람 - 길가장자리구역통행중,안전운전불이행,건조,맑음,교차로 - 교차로부근,승용,여,44세,상해없음,보행자,남,10세,경상
2018112600100236,2018년 11월 26일 11시,월요일,인천광역시 계양구 작전동,경상사고,0,0,1,0,차대차 - 추돌,안전운전불이행,건조,맑음,교차로 - 교차로부근,승용,남,54세,상해없음,승용,남,26세,경상
2018112600100237,2018년 11월 26일 11시,월요일,인천광역시 연수구 송도동,경상사고,0,0,1,0,차대차 - 기타,교차로운행방법위반,건조,맑음,단일로 - 기타,건설기계,남,65세,상해없음,특수,남,49세,경상
2018112600100238,2018년 11월 26일 11시,월요일,인천광역시 부평구 부개동,중상사고,0,1,0,0,차대사람 - 기타,안전운전불이행,건조,맑음,교차로 - 교차로안,승용,여,53세,상해없음,보행자,여,79세,중상
2018112600100273,2018년 11월 26일 12시,월요일,인천광역시 남동구 만수동,경상사고,0,0,1,0,차대차 - 측면충돌,안전운전불이행,건조,맑음,교차로 - 교차로안,승용,여,24세,상해없음,이륜,남,32세,경상
2018112600100310,2018년 11월 26일 13시,월요일,인천광역시 부평구 부평동,중상사고,0,1,0,0,차대사람 - 횡단중,중앙선침범,건조,맑음,단일로 - 기타,화물,남,65세,상해없음,보행자,여,43세,중상
2018112600100387,2018년 11월 26일 15시,월요일,인천광역시 계양구 서운동,경상사고,0,0,1,0,차대차 - 측면충돌,차로위반,건조,맑음,단일로 - 기타,특수,남,58세,상해없음,화물,남,38세,경상
2018112600100432,2018년 11월 26일 16시,월요일,인천광역시 동구 송림동,중상사고,0,2,0,0,차대차 - 측면충돌,차로위반,건조,맑음,교차로 - 교차로안,기타불명,기타불명,미분류,기타불명,승합,남,44세,상해없음
2018112600100468,2018년 11월 26일 17시,월요일,인천광역시 계양구 서운동,중상사고,0,4,1,0,차대차 - 추돌,안전운전불이행,건조,맑음,단일로 - 기타,화물,남,64세,상해없음,승용,남,71세,중상
2018112600100527,2018년 11월 26일 18시,월요일,인천광역시 남동구 간석동,경상사고,0,0,1,0,차대차 - 기타,안전운전불이행,건조,맑음,기타 - 기타,승합,남,51세,기타불명,승용,남,29세,경상
2018112600100528,2018년 11월 26일 18시,월요일,인천광역시 연수구 송도동,경상사고,0,0,2,0,차대차 - 측면충돌,신호위반,젖음/습기,흐림,교차로 - 교차로안,승용,남,30세,상해없음,승용,남,34세,경상
2018112600100593,2018년 11월 26일 20시,월요일,인천광역시 강화군 화도면,경상사고,0,0,2,0,차대차 - 측면충돌,중앙선침범,건조,맑음,단일로 - 기타,승용,남,44세,상해없음,승용,여,57세,경상
2018112600100641,2018년 11월 26일 22시,월요일,인천광역시 미추홀구 주안동,경상사고,0,0,1,0,차대차 - 기타,안전운전불이행,건조,맑음,단일로 - 기타,이륜,남,58세,상해없음,승합,남,54세,상해없음
2018112600100652,2018년 11월 26일 23시,월요일,인천광역시 중구 신흥동3가,중상사고,0,1,1,0,차대차 - 추돌,안전운전불이행,건조,맑음,단일로 - 기타,화물,남,36세,상해없음,승용,남,32세,경상
2018112700100043,2018년 11월 27일 05시,화요일,인천광역시 계양구 계산동,중상사고,0,1,0,0,차대차 - 측면충돌,신호위반,건조,맑음,교차로 - 교차로안,승용,남,59세,상해없음,화물,남,63세,중상
2018112700100062,2018년 11월 27일 06시,화요일,인천광역시 중구 중산동,사망사고,1,1,0,0,차대차 - 추돌,안전운전불이행,건조,맑음,단일로 - 기타,화물,남,46세,사망,건설기계,남,62세,중상
2018112700100091,2018년 11월 27일 07시,화요일,인천광역시 서구 왕길동,경상사고,0,0,1,0,차대차 - 측면충돌,안전운전불이행,건조,맑음,단일로 - 기타,승용,남,36세,상해없음,승용,여,45세,경상
2018112700100130,2018년 11월 27일 08시,화요일,인천광역시 부평구 십정동,경상사고,0,0,2,0,차대차 - 추돌,안전운전불이행,건조,맑음,기타 - 기타,승합,남,55세,상해없음,승용,남,24세,경상
2018112700100171,2018년 11월 27일 09시,화요일,인천광역시 부평구 부평동,경상사고,0,0,1,0,차대사람 - 차도통행중,안전운전불이행,건조,맑음,단일로 - 기타,화물,남,43세,상해없음,보행자,남,26세,경상
2018112700100273,2018년 11월 27일 13시,화요일,인천광역시 미추홀구 주안동,경상사고,0,0,1,0,차대사람 - 차도통행중,안전운전불이행,건조,맑음,단일로 - 기타,승용,남,29세,상해없음,보행자,여,39세,경상
2018112700100274,2018년 11월 27일 13시,화요일,인천광역시 부평구 부평동,중상사고,0,2,5,0,차대차 - 정면충돌,중앙선침범,건조,맑음,교차로 - 교차로부근,승용,남,60세,상해없음,승용,남,37세,기타불명
2018112700100329,2018년 11월 27일 15시,화요일,인천광역시 남동구 간석동,경상사고,0,0,1,0,차대사람 - 기타,안전운전불이행,건조,맑음,기타 - 기타,승용,여,49세,상해없음,보행자,남,10세,경상
2018112700100330,2018년 11월 27일 15시,화요일,인천광역시 서구 왕길동,경상사고,0,0,1,0,차대차 - 측면충돌,신호위반,건조,맑음,단일로 - 기타,건설기계,남,40세,상해없음,건설기계,남,44세,경상
2018112700100331,2018년 11월 27일 15시,화요일,인천광역시 서구 가정동,경상사고,0,0,1,0,차대차 - 측면충돌,안전운전불이행,건조,맑음,단일로 - 기타,승용,남,40세,상해없음,승용,남,56세,경상
2018112700100332,2018년 11월 27일 15시,화요일,인천광역시 서구 석남동,경상사고,0,0,1,0,차대사람 - 횡단중,보행자보호의무위반,건조,맑음,교차로 - 교차로안,승합,남,60세,상해없음,보행자,남,8세,경상
2018112700100359,2018년 11월 27일 16시,화요일,인천광역시 강화군 불은면,경상사고,0,0,3,0,차대차 - 측면충돌,안전운전불이행,건조,맑음,교차로 - 교차로안,승용,여,42세,상해없음,승용,여,66세,경상
2018112700100414,2018년 11월 27일 17시,화요일,인천광역시 서구 청라동,부상신고사고,0,0,0,1,차대차 - 기타,안전운전불이행,건조,맑음,교차로 - 교차로부근,승용,여,64세,상해없음,승합,여,48세,상해없음
2018112700100466,2018년 11월 27일 18시,화요일,인천광역시 남동구 구월동,중상사고,0,1,0,0,차대사람 - 보도통행중,보행자보호의무위반,건조,맑음,교차로 - 교차로횡단보도내,승용,여,33세,상해없음,보행자,남,31세,중상
2018112700100513,2018년 11월 27일 19시,화요일,인천광역시 동구 만석동,중상사고,0,1,0,0,차대사람 - 횡단중,보행자보호의무위반,건조,맑음,교차로 - 교차로횡단보도내,승합,여,57세,상해없음,보행자,여,53세,중상
2018112700100514,2018년 11월 27일 19시,화요일,인천광역시 미추홀구 학익동,경상사고,0,0,1,0,차대차 - 추돌,안전운전불이행,건조,맑음,교차로 - 교차로부근,승용,여,59세,상해없음,승용,여,52세,경상
2018112700100515,2018년 11월 27일 19시,화요일,인천광역시 연수구 연수동,중상사고,0,1,0,0,차대차 - 측면충돌,안전운전불이행,건조,맑음,단일로 - 기타,화물,남,55세,상해없음,승용,여,63세,중상
2018112700100561,2018년 11월 27일 21시,화요일,인천광역시 부평구 갈산동,경상사고,0,0,1,0,차대차 - 기타,신호위반,건조,맑음,교차로 - 교차로부근,승용,남,62세,상해없음,승용,남,38세,경상
2018112700100562,2018년 11월 27일 21시,화요일,인천광역시 계양구 귤현동,경상사고,0,0,1,0,차대차 - 추돌,안전운전불이행,건조,맑음,단일로 - 기타,승용,남,35세,상해없음,화물,남,40세,경상
2018112700100586,2018년 11월 27일 22시,화요일,인천광역시 서구 경서동,중상사고,0,1,0,0,차대차 - 기타,안전운전불이행,건조,맑음,단일로 - 기타,승용,남,46세,상해없음,이륜,남,31세,중상
2018112800100045,2018년 11월 28일 05시,수요일,인천광역시 계양구 동양동,중상사고,0,1,0,0,차대차 - 추돌,안전운전불이행,건조,흐림,단일로 - 기타,화물,남,60세,상해없음,승용,남,33세,중상
2018112800100125,2018년 11월 28일 08시,수요일,인천광역시 서구 당하동,경상사고,0,0,2,0,차대차 - 추돌,안전운전불이행,건조,맑음,단일로 - 기타,승용,남,36세,상해없음,승용,남,33세,경상
2018112800100126,2018년 11월 28일 08시,수요일,인천광역시 연수구 연수동,중상사고,0,1,0,0,차대차 - 측면충돌,교차로운행방법위반,건조,맑음,교차로 - 교차로안,승합,남,73세,상해없음,화물,남,27세,중상
2018112800100127,2018년 11월 28일 08시,수요일,인천광역시 남동구 논현동,경상사고,0,0,1,0,차량단독 - 기타,안전운전불이행,건조,맑음,기타 - 기타,승합,남,51세,상해없음,,,,
2018112800100197,2018년 11월 28일 10시,수요일,인천광역시 부평구 청천동,경상사고,0,0,1,0,차대차 - 측면충돌,안전운전불이행,건조,맑음,단일로 - 기타,화물,남,54세,상해없음,승용,남,36세,경상
2018112800100198,2018년 11월 28일 10시,수요일,인천광역시 부평구 부평동,중상사고,0,2,0,0,차대차 - 정면충돌,신호위반,건조,맑음,교차로 - 교차로안,이륜,남,71세,중상,승용,여,33세,상해없음
2018112800100236,2018년 11월 28일 11시,수요일,인천광역시 남동구 간석동,경상사고,0,0,1,0,차대차 - 측면충돌,안전운전불이행,건조,맑음,단일로 - 기타,승용,남,39세,상해없음,승합,남,42세,상해없음
2018112800100267,2018년 11월 28일 12시,수요일,인천광역시 서구 석남동,중상사고,0,1,3,0,차대차 - 측면충돌,안전운전불이행,건조,맑음,단일로 - 기타,승용,남,64세,상해없음,승용,남,58세,중상
2018112800100330,2018년 11월 28일 14시,수요일,인천광역시 서구 가좌동,경상사고,0,0,1,0,차대차 - 측면충돌,안전운전불이행,건조,맑음,단일로 - 기타,승합,남,51세,상해없음,승용,남,46세,경상
2018112800100439,2018년 11월 28일 17시,수요일,인천광역시 부평구 산곡동,경상사고,0,0,1,0,차대차 - 추돌,안전거리미확보,건조,맑음,단일로 - 기타,승용,남,39세,상해없음,승용,여,29세,경상
2018112800100440,2018년 11월 28일 17시,수요일,인천광역시 계양구 동양동,경상사고,0,0,1,0,차대사람 - 보도통행중,안전운전불이행,건조,맑음,교차로 - 교차로부근,승용,여,51세,상해없음,보행자,여,14세,경상
2018112800100441,2018년 11월 28일 17시,수요일,인천광역시 부평구 부평동,경상사고,0,0,1,0,차대사람 - 기타,안전운전불이행,건조,맑음,단일로 - 기타,기타불명,기타불명,미분류,기타불명,보행자,여,67세,경상
2018112800100442,2018년 11월 28일 17시,수요일,인천광역시 남동구 수산동,경상사고,0,0,1,0,차대차 - 측면충돌,안전거리미확보,건조,맑음,단일로 - 기타,승용,여,70세,상해없음,승용,남,59세,경상
2018112800100489,2018년 11월 28일 18시,수요일,인천광역시 미추홀구 도화동,경상사고,0,0,1,0,차대사람 - 기타,안전운전불이행,건조,맑음,단일로 - 기타,승용,남,71세,상해없음,보행자,여,50세,경상
2018112800100490,2018년 11월 28일 18시,수요일,인천광역시 남동구 간석동,부상신고사고,0,0,0,1,차대사람 - 기타,안전운전불이행,건조,맑음,단일로 - 기타,승용,여,40세,상해없음,보행자,남,50세,부상신고
2018112800100534,2018년 11월 28일 19시,수요일,인천광역시 미추홀구 도화동,경상사고,0,0,1,0,차대차 - 기타,안전운전불이행,건조,맑음,기타 - 기타,승용,남,27세,경상,승용,남,61세,상해없음
2018112800100535,2018년 11월 28일 19시,수요일,인천광역시 남동구 구월동,중상사고,0,1,0,0,차대차 - 정면충돌,신호위반,건조,맑음,교차로 - 교차로안,승용,여,47세,상해없음,이륜,남,29세,중상
2018112800100563,2018년 11월 28일 20시,수요일,인천광역시 서구 석남동,경상사고,0,0,1,0,차량단독 - 기타,안전운전불이행,건조,맑음,교차로 - 교차로안,승용,남,51세,상해없음,,,,
2018112900100052,2018년 11월 29일 05시,목요일,인천광역시 서구 당하동,중상사고,0,1,0,0,차대사람 - 길가장자리구역통행중,안전운전불이행,건조,맑음,교차로 - 교차로부근,화물,남,50세,상해없음,보행자,남,54세,중상
2018112900100070,2018년 11월 29일 06시,목요일,인천광역시 중구 항동7가,경상사고,0,0,1,0,차대차 - 측면충돌,교차로운행방법위반,건조,맑음,교차로 - 교차로안,승용,남,72세,상해없음,승용,남,52세,경상
2018112900100088,2018년 11월 29일 07시,목요일,인천광역시 계양구 계산동,중상사고,0,1,0,0,차대차 - 측면충돌,교차로운행방법위반,건조,맑음,교차로 - 교차로안,승용,여,54세,상해없음,이륜,남,23세,중상
2018112900100172,2018년 11월 29일 10시,목요일,인천광역시 남동구 고잔동,경상사고,0,0,2,0,차대차 - 기타,안전운전불이행,건조,맑음,기타 - 기타,승용,남,49세,상해없음,승용,여,32세,경상
2018112900100248,2018년 11월 29일 13시,목요일,인천광역시 중구 을왕동,부상신고사고,0,0,0,1,차대차 - 측면충돌,안전운전불이행,건조,맑음,교차로 - 교차로안,사륜오토바이(ATV),남,76세,부상신고,화물,남,55세,상해없음
2018112900100249,2018년 11월 29일 13시,목요일,인천광역시 서구 청라동,경상사고,0,0,2,0,차대차 - 측면충돌,신호위반,건조,맑음,교차로 - 교차로안,승용,여,42세,상해없음,승용,남,34세,경상
2018112900100250,2018년 11월 29일 13시,목요일,인천광역시 연수구 송도동,경상사고,0,0,1,0,차대차 - 측면충돌,신호위반,건조,맑음,교차로 - 교차로안,승용,남,72세,상해없음,승용,여,44세,경상
2018112900100251,2018년 11월 29일 13시,목요일,인천광역시 남동구 장수동,경상사고,0,0,1,0,차대차 - 측면충돌,안전거리미확보,건조,맑음,단일로 - 기타,화물,남,57세,상해없음,승용,여,25세,경상
2018112900100274,2018년 11월 29일 14시,목요일,인천광역시 계양구 계산동,경상사고,0,0,2,0,차대차 - 측면충돌,안전운전불이행,건조,맑음,교차로 - 교차로부근,승용,남,35세,상해없음,승용,여,26세,경상
2018112900100310,2018년 11월 29일 15시,목요일,인천광역시 미추홀구 숭의동,경상사고,0,0,1,0,차대차 - 측면충돌,신호위반,건조,맑음,교차로 - 교차로안,이륜,남,29세,경상,승용,여,66세,상해없음
2018112900100345,2018년 11월 29일 16시,목요일,인천광역시 계양구 효성동,경상사고,0,0,1,0,차대사람 - 길가장자리구역통행중,안전운전불이행,건조,맑음,단일로 - 기타,승용,남,36세,상해없음,보행자,남,26세,경상
2018112900100384,2018년 11월 29일 17시,목요일,인천광역시 미추홀구 도화동,경상사고,0,0,1,0,차대사람 - 기타,안전운전불이행,건조,맑음,기타 - 기타,승용,남,62세,상해없음,보행자,여,78세,경상
2018112900100439,2018년 11월 29일 18시,목요일,인천광역시 남동구 간석동,경상사고,0,0,2,0,차대차 - 측면충돌,안전거리미확보,건조,흐림,단일로 - 기타,승용,남,51세,상해없음,승용,남,27세,경상
2018112900100553,2018년 11월 29일 22시,목요일,인천광역시 서구 청라동,중상사고,0,1,0,0,차대차 - 추돌,안전거리미확보,건조,맑음,교차로 - 교차로안,승용,남,42세,상해없음,승용,여,38세,중상
2018112900100554,2018년 11월 29일 22시,목요일,인천광역시 강화군 강화읍,중상사고,0,1,0,0,차대사람 - 횡단중,안전운전불이행,건조,맑음,교차로 - 교차로부근,승용,여,54세,상해없음,보행자,여,60세,중상
2018112900100555,2018년 11월 29일 22시,목요일,인천광역시 연수구 연수동,경상사고,0,0,1,0,차대차 - 추돌,안전운전불이행,건조,맑음,교차로 - 교차로부근,승용,남,35세,상해없음,승용,남,68세,경상
2018113000100021,2018년 11월 30일 00시,금요일,인천광역시 남동구 구월동,경상사고,0,0,1,0,차대사람 - 횡단중,안전운전불이행,건조,맑음,단일로 - 기타,승용,남,44세,상해없음,보행자,남,62세,경상
2018113000100080,2018년 11월 30일 06시,금요일,인천광역시 남동구 구월동,경상사고,0,0,1,0,차대사람 - 횡단중,신호위반,건조,맑음,단일로 - 기타,승용,남,64세,상해없음,보행자,여,60세,경상
2018113000100201,2018년 11월 30일 10시,금요일,인천광역시 옹진군 북도면,경상사고,0,0,3,0,차대차 - 측면충돌,안전거리미확보,건조,맑음,교차로 - 교차로안,화물,남,63세,상해없음,화물,남,43세,경상
2018113000100202,2018년 11월 30일 10시,금요일,인천광역시 미추홀구 숭의동,중상사고,0,1,0,0,차대사람 - 횡단중,안전운전불이행,건조,맑음,교차로 - 교차로안,화물,남,46세,상해없음,보행자,여,87세,중상
2018113000100203,2018년 11월 30일 10시,금요일,인천광역시 미추홀구 도화동,경상사고,0,0,2,0,차대차 - 측면충돌,차로위반,건조,맑음,단일로 - 기타,승용,남,57세,상해없음,승용,여,32세,경상
2018113000100235,2018년 11월 30일 11시,금요일,인천광역시 미추홀구 용현동,경상사고,0,0,1,0,차대차 - 기타,안전운전불이행,건조,맑음,단일로 - 기타,건설기계,남,44세,상해없음,승용,남,65세,경상
2018113000100236,2018년 11월 30일 11시,금요일,인천광역시 남동구 간석동,중상사고,0,1,0,0,차대차 - 측면충돌,안전운전불이행,건조,맑음,기타 - 기타,화물,남,48세,상해없음,승용,남,42세,중상