사고번호,사고일시,요일,시군구,사고내용,사망자수,중상자수,경상자수,부상신고자수,사고유형,법규위반,노면상태,기상상태,도로형태,가해운전자 차종,가해운전자 성별,가해운전자 연령,가해운전자 상해정도,피해운전자 차종,피해운전자 성별,피해운전자 연령,피해운전자 상해정도
2018120700100546,2018년 12월 7일 18시,금요일,인천광역시 부평구 청천동,경상사고,0,0,1,0,차대차 - 측면충돌,안전운전불이행,건조,맑음,교차로 - 교차로안,승용,남,62세,상해없음,승용,여,29세,경상
2018120700100547,2018년 12월 7일 18시,금요일,인천광역시 연수구 옥련동,경상사고,0,0,2,0,차대차 - 측면충돌,기타,건조,맑음,단일로 - 기타,승용,남,44세,경상,승용,여,55세,경상
2018120700100581,2018년 12월 7일 19시,금요일,인천광역시 남동구 구월동,경상사고,0,0,1,0,차대사람 - 차도통행중,안전운전불이행,건조,맑음,단일로 - 기타,승용,남,58세,상해없음,보행자,여,44세,경상
2018120700100582,2018년 12월 7일 19시,금요일,인천광역시 남동구 만수동,경상사고,0,0,1,0,차대차 - 측면충돌,안전거리미확보,건조,맑음,단일로 - 고가도로위,승용,남,24세,상해없음,승용,남,45세,경상
2018120700100612,2018년 12월 7일 20시,금요일,인천광역시 미추홀구 용현동,경상사고,0,0,2,0,차대차 - 측면충돌,안전운전불이행,건조,맑음,교차로 - 교차로안,승용,남,25세,상해없음,승용,남,44세,경상
2018120700100613,2018년 12월 7일 20시,금요일,인천광역시 계양구 임학동,부상신고사고,0,0,0,1,차대차 - 측면충돌,안전운전불이행,건조,맑음,단일로 - 기타,승용,남,41세,상해없음,승용,남,38세,부상신고
2018120700100614,2018년 12월 7일 20시,금요일,인천광역시 계양구 작전동,중상사고,0,1,0,0,차대사람 - 기타,안전운전불이행,건조,맑음,교차로 - 교차로횡단보도내,승용,남,58세,상해없음,보행자,여,55세,중상
2018120700100650,2018년 12월 7일 21시,금요일,인천광역시 미추홀구 용현동,중상사고,0,1,0,0,차대사람 - 보도통행중,보행자보호의무위반,건조,맑음,교차로 - 교차로안,화물,남,58세,상해없음,보행자,여,36세,중상
2018120700100651,2018년 12월 7일 21시,금요일,인천광역시 부평구 십정동,경상사고,0,0,1,0,차대차 - 기타,신호위반,건조,맑음,교차로 - 교차로안,기타불명,기타불명,미분류,기타불명,승용,여,32세,경상
2018120700100652,2018년 12월 7일 21시,금요일,인천광역시 부평구 일신동,경상사고,0,0,2,0,차대차 - 추돌,안전거리미확보,건조,맑음,단일로 - 교량,화물,남,66세,상해없음,승용,남,61세,경상
2018120700100715,2018년 12월 7일 23시,금요일,인천광역시 남동구 간석동,경상사고,0,0,3,0,차대차 - 측면충돌,안전운전불이행,건조,흐림,단일로 - 기타,승용,남,50세,상해없음,승용,남,60세,상해없음
2018120700100716,2018년 12월 7일 23시,금요일,인천광역시 서구 검암동,경상사고,0,0,1,0,차대차 - 기타,안전운전불이행,건조,맑음,기타 - 기타,승용,여,46세,상해없음,승용,여,47세,경상
2018120800100055,2018년 12월 8일 02시,토요일,인천광역시 미추홀구 주안동,경상사고,0,0,1,0,차대차 - 기타,안전운전불이행,건조,맑음,교차로 - 교차로안,기타불명,기타불명,미분류,기타불명,승용,남,55세,경상
2018120800100080,2018년 12월 8일 04시,토요일,인천광역시 계양구 계산동,경상사고,0,0,1,0,차대차 - 측면충돌,신호위반,건조,맑음,교차로 - 교차로안,화물,남,40세,상해없음,승용,남,42세,경상
2018120800100089,2018년 12월 8일 05시,토요일,인천광역시 서구 청라동,경상사고,0,0,1,0,차대차 - 측면충돌,중앙선침범,건조,맑음,교차로 - 교차로부근,승용,여,24세,상해없음,승용,남,34세,경상
2018120800100156,2018년 12월 8일 09시,토요일,인천광역시 계양구 병방동,경상사고,0,0,1,0,차대차 - 측면충돌,안전운전불이행,건조,맑음,교차로 - 교차로안,승용,여,40세,상해없음,승용,남,30세,경상
2018120800100183,2018년 12월 8일 10시,토요일,인천광역시 계양구 작전동,경상사고,0,0,1,0,차대차 - 측면충돌,직진우회전진행방해,건조,맑음,교차로 - 교차로안,승용,남,62세,상해없음,승용,남,65세,경상
2018120800100213,2018년 12월 8일 11시,토요일,인천광역시 남동구 간석동,중상사고,0,1,0,0,차량단독 - 기타,기타,건조,맑음,단일로 - 기타,승합,남,50세,상해없음,,,,
2018120800100241,2018년 12월 8일 12시,토요일,인천광역시 계양구 효성동,경상사고,0,0,1,0,차대차 - 측면충돌,안전운전불이행,건조,맑음,교차로 - 교차로안,승용,여,34세,상해없음,이륜,남,33세,경상
2018120800100269,2018년 12월 8일 13시,토요일,인천광역시 남동구 간석동,중상사고,0,1,0,0,차대사람 - 기타,보행자보호의무위반,건조,맑음,교차로 - 교차로안,승용,남,26세,상해없음,보행자,남,38세,중상
2018120800100300,2018년 12월 8일 14시,토요일,인천광역시 부평구 산곡동,경상사고,0,0,1,0,차대사람 - 기타,보행자보호의무위반,건조,맑음,단일로 - 기타,승용,남,54세,상해없음,보행자,남,7세,경상
2018120800100336,2018년 12월 8일 15시,토요일,인천광역시 남동구 구월동,경상사고,0,0,1,0,차대차 - 기타,교차로운행방법위반,건조,맑음,교차로 - 교차로안,승용,남,35세,기타불명,승용,남,59세,경상
2018120800100374,2018년 12월 8일 16시,토요일,인천광역시 동구 송현동,경상사고,0,0,1,0,차대사람 - 기타,안전운전불이행,건조,맑음,기타 - 기타,승용,여,47세,상해없음,보행자,남,22세,경상
2018120800100375,2018년 12월 8일 16시,토요일,인천광역시 강화군 강화읍,부상신고사고,0,0,0,1,차대차 - 추돌,기타,건조,맑음,교차로 - 교차로부근,승용,여,36세,상해없음,승용,여,26세,부상신고
2018120800100376,2018년 12월 8일 16시,토요일,인천광역시 남동구 장수동,경상사고,0,0,1,0,차대차 - 기타,안전운전불이행,건조,맑음,단일로 - 기타,승합,남,54세,상해없음,승용,남,44세,경상
2018120800100414,2018년 12월 8일 17시,토요일,인천광역시 연수구 선학동,경상사고,0,0,2,0,차대차 - 기타,교차로운행방법위반,건조,맑음,교차로 - 교차로부근,승용,남,63세,상해없음,승용,여,42세,경상
2018120800100598,2018년 12월 8일 22시,토요일,인천광역시 서구 청라동,경상사고,0,0,2,0,차대차 - 추돌,안전운전불이행,건조,맑음,단일로 - 기타,승용,남,23세,상해없음,승용,여,41세,경상
2018120800100624,2018년 12월 8일 23시,토요일,인천광역시 서구 가정동,중상사고,0,1,0,0,차대차 - 기타,신호위반,건조,맑음,교차로 - 교차로안,승용,남,40세,상해없음,이륜,남,25세,중상
2018120900100058,2018년 12월 9일 05시,일요일,인천광역시 미추홀구 용현동,경상사고,0,0,1,0,차대차 - 후진중충돌,안전운전불이행,건조,맑음,교차로 - 교차로부근,화물,남,56세,상해없음,승용,여,29세,경상
2018120900100124,2018년 12월 9일 11시,일요일,인천광역시 부평구 부평동,경상사고,0,0,1,0,차대차 - 후진중충돌,안전운전불이행,건조,맑음,단일로 - 기타,화물,남,49세,상해없음,승용,여,51세,경상
2018120900100186,2018년 12월 9일 14시,일요일,인천광역시 연수구 송도동,경상사고,0,0,1,0,차대차 - 측면충돌,신호위반,건조,맑음,단일로 - 기타,승용,남,22세,상해없음,자전거,여,38세,경상
2018120900100233,2018년 12월 9일 16시,일요일,인천광역시 미추홀구 주안동,경상사고,0,0,1,0,차대차 - 기타,안전운전불이행,건조,맑음,교차로 - 교차로안,승용,여,57세,상해없음,자전거,남,59세,경상
2018120900100259,2018년 12월 9일 17시,일요일,인천광역시 남동구 장수동,경상사고,0,0,5,0,차대차 - 측면충돌,안전거리미확보,건조,맑음,단일로 - 기타,승용,여,30세,상해없음,승용,남,53세,경상
2018120900100355,2018년 12월 9일 20시,일요일,인천광역시 부평구 부개동,경상사고,0,0,1,0,차대차 - 추돌,안전운전불이행,건조,맑음,교차로 - 교차로부근,승용,남,65세,상해없음,승용,여,50세,경상
2018120900100392,2018년 12월 9일 22시,일요일,인천광역시 부평구 부평동,중상사고,0,1,0,1,차대차 - 측면충돌,중앙선침범,건조,맑음,단일로 - 기타,승용,남,40세,상해없음,승용,남,36세,중상
2018120900100393,2018년 12월 9일 22시,일요일,인천광역시 서구 불로동,경상사고,0,0,2,0,차대차 - 정면충돌,기타,건조,맑음,단일로 - 기타,승용,남,40세,상해없음,승용,남,46세,경상
2018121000100041,2018년 12월 10일 06시,월요일,인천광역시 남동구 만수동,경상사고,0,0,2,0,차대차 - 측면충돌,신호위반,건조,맑음,교차로 - 교차로부근,승용,남,68세,상해없음,승용,남,40세,경상
2018121000100059,2018년 12월 10일 07시,월요일,인천광역시 계양구 작전동,경상사고,0,0,1,0,차대차 - 추돌,안전운전불이행,건조,맑음,교차로 - 교차로부근,화물,남,55세,상해없음,승용,남,38세,경상
2018121000100099,2018년 12월 10일 08시,월요일,인천광역시 연수구 송도동,중상사고,0,1,0,0,차대차 - 추돌,안전운전불이행,건조,맑음,교차로 - 교차로안,승용,여,52세,상해없음,승용,여,35세,중상
2018121000100130,2018년 12월 10일 09시,월요일,인천광역시 미추홀구 주안동,경상사고,0,0,1,0,차대사람 - 길가장자리구역통행중,안전운전불이행,건조,맑음,단일로 - 기타,승용,여,53세,상해없음,보행자,여,77세,경상
2018121000100131,2018년 12월 10일 09시,월요일,인천광역시 남동구 구월동,경상사고,0,0,1,0,차대차 - 측면충돌,신호위반,건조,맑음,단일로 - 기타,승용,남,34세,상해없음,승용,남,55세,경상
2018121000100173,2018년 12월 10일 10시,월요일,인천광역시 미추홀구 용현동,경상사고,0,0,1,0,차대차 - 기타,신호위반,건조,맑음,교차로 - 교차로부근,승용,남,74세,상해없음,승용,남,52세,경상
2018121000100174,2018년 12월 10일 10시,월요일,인천광역시 서구 왕길동,경상사고,0,0,1,0,차대차 - 측면충돌,안전운전불이행,건조,맑음,교차로 - 교차로안,승용,남,56세,상해없음,승합,남,35세,경상
2018121000100175,2018년 12월 10일 10시,월요일,인천광역시 연수구 옥련동,중상사고,0,1,0,0,차대차 - 측면충돌,교차로운행방법위반,건조,맑음,교차로 - 교차로안,승용,여,56세,상해없음,승용,여,56세,중상
2018121000100176,2018년 12월 10일 10시,월요일,인천광역시 남동구 논현동,경상사고,0,0,1,0,차대차 - 기타,교차로운행방법위반,건조,맑음,교차로 - 교차로안,승용,여,55세,상해없음,자전거,여,41세,경상
2018121000100177,2018년 12월 10일 10시,월요일,인천광역시 남동구 만수동,경상사고,0,0,2,0,차대차 - 추돌,안전운전불이행,건조,맑음,단일로 - 기타,승용,남,50세,상해없음,승용,여,61세,경상
2018121000100238,2018년 12월 10일 12시,월요일,인천광역시 부평구 산곡동,경상사고,0,0,2,0,차대차 - 측면충돌,안전운전불이행,건조,맑음,단일로 - 기타,화물,남,39세,상해없음,승용,남,38세,경상
2018121000100239,2018년 12월 10일 12시,월요일,인천광역시 서구 석남동,중상사고,0,1,0,0,차대사람 - 횡단중,신호위반,건조,맑음,교차로 - 교차로안,화물,남,41세,상해없음,보행자,여,74세,중상
2018121000100270,2018년 12월 10일 13시,월요일,인천광역시 부평구 부평동,경상사고,0,0,1,0,차대사람 - 횡단중,신호위반,건조,맑음,교차로 - 교차로안,승용,남,49세,상해없음,보행자,남,7세,경상
2018121000100305,2018년 12월 10일 14시,월요일,인천광역시 강화군 교동면,중상사고,0,1,0,0,차대차 - 기타,교차로운행방법위반,건조,맑음,교차로 - 교차로안,건설기계,남,59세,상해없음,원동기,남,78세,중상
2018121000100306,2018년 12월 10일 14시,월요일,인천광역시 연수구 연수동,경상사고,0,0,1,0,차대차 - 측면충돌,안전운전불이행,건조,맑음,단일로 - 기타,승용,남,61세,상해없음,승용,여,55세,경상
2018121000100376,2018년 12월 10일 16시,월요일,인천광역시 부평구 십정동,경상사고,0,0,1,0,차대차 - 기타,안전운전불이행,건조,맑음,단일로 - 기타,승용,여,53세,상해없음,자전거,여,63세,경상
2018121000100416,2018년 12월 10일 17시,월요일,인천광역시 남동구 고잔동,경상사고,0,0,3,0,차대차 - 추돌,안전운전불이행,건조,맑음,단일로 - 기타,화물,남,60세,경상,승용,남,54세,경상
2018121000100417,2018년 12월 10일 17시,월요일,인천광역시 계양구 병방동,경상사고,0,0,1,0,차대차 - 측면충돌,안전거리미확보,건조,맑음,단일로 - 기타,화물,남,54세,상해없음,승용,남,56세,경상
2018121000100477,2018년 12월 10일 18시,월요일,인천광역시 중구 운서동,경상사고,0,0,1,0,차대차 - 측면충돌,안전운전불이행,건조,맑음,교차로 - 교차로부근,승용,남,69세,상해없음,승용,남,25세,경상
2018121000100478,2018년 12월 10일 18시,월요일,인천광역시 중구 중산동,경상사고,0,0,2,0,차대차 - 측면충돌,안전운전불이행,건조,맑음,교차로 - 교차로부근,승용,여,60세,상해없음,승용,남,41세,경상
2018121000100479,2018년 12월 10일 18시,월요일,인천광역시 남동구 간석동,경상사고,0,0,1,0,차대차 - 측면충돌,안전운전불이행,건조,맑음,기타 - 기타,승합,남,61세,상해없음,승용,남,56세,상해없음
2018121000100480,2018년 12월 10일 18시,월요일,인천광역시 계양구 계산동,중상사고,0,1,0,0,차대사람 - 기타,안전운전불이행,건조,맑음,교차로 - 교차로안,승용,여,45세,상해없음,보행자,여,62세,중상
2018121000100521,2018년 12월 10일 19시,월요일,인천광역시 서구 왕길동,경상사고,0,0,1,0,차량단독 - 공작물충돌,안전운전불이행,건조,맑음,단일로 - 기타,원동기,남,47세,경상,,,,
2018121100100008,2018년 12월 11일 00시,화요일,인천광역시 계양구 계산동,경상사고,0,0,1,0,차대사람 - 기타,안전운전불이행,건조,맑음,단일로 - 기타,기타불명,기타불명,미분류,기타불명,보행자,남,51세,경상
2018121100100024,2018년 12월 11일 02시,화요일,인천광역시 부평구 부평동,경상사고,0,0,1,0,차대사람 - 횡단중,보행자보호의무위반,건조,맑음,교차로 - 교차로횡단보도내,이륜,남,18세,상해없음,보행자,남,48세,경상
2018121100100042,2018년 12월 11일 05시,화요일,인천광역시 남동구 도림동,경상사고,0,0,1,0,차량단독 - 공작물충돌,안전운전불이행,건조,맑음,교차로 - 교차로부근,승용,남,33세,경상,,,,
2018121100100088,2018년 12월 11일 07시,화요일,인천광역시 서구 왕길동,중상사고,0,1,0,0,차대차 - 측면충돌,교차로운행방법위반,건조,맑음,기타 - 기타,승합,남,61세,상해없음,승용,남,50세,중상
2018121100100126,2018년 12월 11일 08시,화요일,인천광역시 미추홀구 주안동,경상사고,0,0,1,0,차대차 - 추돌,안전운전불이행,건조,맑음,교차로 - 교차로부근,승용,남,23세,상해없음,승용,남,54세,경상
2018121100100127,2018년 12월 11일 08시,화요일,인천광역시 남동구 논현동,경상사고,0,0,2,0,차대차 - 기타,안전운전불이행,건조,맑음,기타 - 기타,화물,여,53세,상해없음,승용,여,38세,경상
2018121100100183,2018년 12월 11일 10시,화요일,인천광역시 중구 항동7가,중상사고,0,1,0,0,차대사람 - 횡단중,보행자보호의무위반,건조,맑음,교차로 - 교차로횡단보도내,승합,남,37세,상해없음,보행자,남,75세,중상
2018121100100184,2018년 12월 11일 10시,화요일,인천광역시 중구 신흥동3가,경상사고,0,0,1,0,차대차 - 측면충돌,안전운전불이행,건조,맑음,단일로 - 기타,화물,남,43세,상해없음,승용,여,35세,경상
2018121100100185,2018년 12월 11일 10시,화요일,인천광역시 남동구 간석동,경상사고,0,0,1,0,차대차 - 측면충돌,안전운전불이행,건조,맑음,단일로 - 기타,승용,여,66세,상해없음,승용,남,39세,경상
2018121100100186,2018년 12월 11일 10시,화요일,인천광역시 서구 백석동,경상사고,0,0,3,0,차대차 - 측면충돌,안전운전불이행,건조,맑음,단일로 - 기타,건설기계,남,30세,경상,승용,남,35세,경상
2018121100100211,2018년 12월 11일 11시,화요일,인천광역시 서구 경서동,경상사고,0,0,1,0,차대차 - 측면충돌,신호위반,건조,맑음,교차로 - 교차로안,승용,남,56세,상해없음,승용,여,58세,경상
2018121100100249,2018년 12월 11일 12시,화요일,인천광역시 중구 신흥동1가,경상사고,0,0,2,0,차대차 - 측면충돌,안전거리미확보,건조,맑음,교차로 - 교차로부근,승용,여,56세,경상,승용,여,48세,경상
2018121100100250,2018년 12월 11일 12시,화요일,인천광역시 서구 심곡동,중상사고,0,1,0,0,차대사람 - 횡단중,보행자보호의무위반,건조,맑음,교차로 - 교차로안,화물,남,55세,상해없음,보행자,남,13세,중상
2018121100100251,2018년 12월 11일 12시,화요일,인천광역시 강화군 길상면,중상사고,0,1,0,0,차대사람 - 기타,안전운전불이행,건조,맑음,기타 - 기타,승용,여,52세,상해없음,보행자,남,50세,중상
2018121100100305,2018년 12월 11일 14시,화요일,인천광역시 서구 원창동,경상사고,0,0,1,0,차대차 - 기타,차로위반,건조,맑음,교차로 - 교차로부근,기타불명,기타불명,미분류,기타불명,승용,남,32세,경상
2018121100100375,2018년 12월 11일 16시,화요일,인천광역시 부평구 청천동,중상사고,0,1,0,0,차대사람 - 기타,보행자보호의무위반,건조,맑음,교차로 - 교차로안,화물,남,31세,상해없음,보행자,남,69세,중상
2018121100100418,2018년 12월 11일 17시,화요일,인천광역시 부평구 삼산동,경상사고,0,0,2,0,차대차 - 추돌,안전거리미확보,건조,맑음,단일로 - 기타,승용,남,34세,상해없음,승용,남,51세,경상
2018121100100528,2018년 12월 11일 19시,화요일,인천광역시 서구 불로동,경상사고,0,0,2,0,차대차 - 추돌,안전운전불이행,건조,맑음,단일로 - 기타,승용,남,24세,상해없음,승용,여,30세,경상
2018121100100591,2018년 12월 11일 21시,화요일,인천광역시 남동구 구월동,경상사고,0,0,1,0,차대차 - 측면충돌,안전거리미확보,건조,흐림,교차로 - 교차로안,이륜,남,31세,상해없음,이륜,남,21세,경상
2018121100100621,2018년 12월 11일 22시,화요일,인천광역시 미추홀구 용현동,경상사고,0,0,1,0,차대차 - 기타,안전운전불이행,건조,맑음,단일로 - 기타,승용,여,56세,상해없음,이륜,남,16세,경상
2018121100100641,2018년 12월 11일 23시,화요일,인천광역시 남동구 논현동,경상사고,0,0,1,0,차대차 - 추돌,안전운전불이행,건조,맑음,단일로 - 기타,승용,남,35세,상해없음,승용,남,51세,경상
2018121200100033,2018년 12월 12일 02시,수요일,인천광역시 남동구 만수동,부상신고사고,0,0,0,1,차대사람 - 기타,안전운전불이행,건조,맑음,단일로 - 기타,기타불명,기타불명,미분류,기타불명,보행자,남,22세,부상신고
2018121200100058,2018년 12월 12일 05시,수요일,인천광역시 연수구 옥련동,경상사고,0,0,1,0,차대사람 - 길가장자리구역통행중,안전운전불이행,건조,맑음,단일로 - 기타,화물,남,55세,상해없음,보행자,남,40세,경상
2018121200100135,2018년 12월 12일 08시,수요일,인천광역시 중구 항동7가,경상사고,0,0,1,0,차대차 - 정면충돌,중앙선침범,건조,맑음,단일로 - 기타,화물,남,60세,상해없음,화물,남,41세,경상
2018121200100136,2018년 12월 12일 08시,수요일,인천광역시 미추홀구 주안동,부상신고사고,0,0,0,1,차대차 - 기타,안전운전불이행,건조,기타,교차로 - 교차로안,승용,남,28세,상해없음,승용,남,20세,부상신고
2018121200100263,2018년 12월 12일 12시,수요일,인천광역시 미추홀구 주안동,중상사고,0,1,0,0,차대사람 - 횡단중,안전운전불이행,건조,맑음,단일로 - 기타,승용,여,23세,상해없음,보행자,남,88세,중상
2018121200100291,2018년 12월 12일 13시,수요일,인천광역시 미추홀구 주안동,경상사고,0,0,1,0,차대차 - 측면충돌,안전운전불이행,건조,맑음,교차로 - 교차로부근,화물,남,39세,상해없음,승용,남,27세,경상
2018121200100292,2018년 12월 12일 13시,수요일,인천광역시 남동구 만수동,경상사고,0,0,1,0,차대사람 - 횡단중,보행자보호의무위반,건조,맑음,단일로 - 기타,승합,남,69세,상해없음,보행자,여,50세,경상
2018121200100366,2018년 12월 12일 15시,수요일,인천광역시 남동구 구월동,경상사고,0,0,1,0,차대차 - 기타,안전운전불이행,건조,맑음,기타 - 기타,화물,남,68세,상해없음,이륜,남,34세,경상
2018121200100367,2018년 12월 12일 15시,수요일,인천광역시 서구 연희동,경상사고,0,0,2,0,차대차 - 추돌,안전운전불이행,건조,맑음,교차로 - 교차로부근,승용,남,25세,상해없음,승용,남,46세,경상
2018121200100407,2018년 12월 12일 16시,수요일,인천광역시 부평구 십정동,경상사고,0,0,1,0,차대사람 - 기타,안전운전불이행,건조,맑음,단일로 - 기타,승용,남,57세,상해없음,보행자,여,22세,경상
2018121200100408,2018년 12월 12일 16시,수요일,인천광역시 서구 불로동,경상사고,0,0,1,0,차대차 - 추돌,안전운전불이행,건조,맑음,단일로 - 기타,승용,남,31세,상해없음,화물,남,51세,경상
2018121200100489,2018년 12월 12일 18시,수요일,인천광역시 중구 운남동,중상사고,0,1,0,0,차대차 - 측면충돌,안전거리미확보,건조,맑음,단일로 - 기타,승용,여,46세,상해없음,승용,남,38세,중상
2018121200100533,2018년 12월 12일 19시,수요일,인천광역시 연수구 송도동,경상사고,0,0,1,0,차대차 - 측면충돌,신호위반,건조,맑음,교차로 - 교차로안,승용,남,32세,상해없음,승용,남,38세,경상
2018121200100534,2018년 12월 12일 19시,수요일,인천광역시 계양구 서운동,경상사고,0,0,2,0,차대차 - 측면충돌,안전거리미확보,건조,맑음,단일로 - 기타,특수,남,46세,상해없음,승용,여,44세,경상
2018121200100570,2018년 12월 12일 20시,수요일,인천광역시 남동구 간석동,경상사고,0,0,2,0,차대차 - 측면충돌,차로위반,건조,맑음,교차로 - 교차로안,승용,여,57세,상해없음,승용,남,27세,경상
2018121200100596,2018년 12월 12일 21시,수요일,인천광역시 계양구 작전동,부상신고사고,0,0,0,1,차대차 - 측면충돌,안전운전불이행,건조,맑음,단일로 - 기타,승용,남,56세,상해없음,이륜,남,51세,부상신고
2018121200100597,2018년 12월 12일 21시,수요일,인천광역시 연수구 청학동,경상사고,0,0,3,0,차대차 - 추돌,안전운전불이행,건조,맑음,교차로 - 교차로부근,승용,남,53세,상해없음,승용,남,55세,경상
2018121200100641,2018년 12월 12일 23시,수요일,인천광역시 미추홀구 주안동,중상사고,0,1,0,0,차대차 - 측면충돌,안전거리미확보,건조,맑음,단일로 - 기타,승용,남,18세,상해없음,승용,남,44세,상해없음
2018121300100012,2018년 12월 13일 00시,목요일,인천광역시 남동구 만수동,경상사고,0,0,1,0,차대차 - 기타,안전운전불이행,건조,맑음,교차로 - 교차로안,승용,여,43세,상해없음,승용,남,54세,경상
2018121300100026,2018년 12월 13일 02시,목요일,인천광역시 서구 경서동,중상사고,0,1,0,0,차대차 - 추돌,안전운전불이행,건조,맑음,단일로 - 기타,승용,남,69세,상해없음,승용,남,43세,중상
2018121300100034,2018년 12월 13일 03시,목요일,인천광역시 부평구 일신동,중상사고,0,1,0,0,차대차 - 측면충돌,안전운전불이행,서리/결빙,흐림,단일로 - 기타,승용,남,19세,상해없음,화물,남,35세,중상
2018121300100068,2018년 12월 13일 06시,목요일,인천광역시 계양구 계산동,부상신고사고,0,0,0,1,차대차 - 측면충돌,안전운전불이행,건조,맑음,기타 - 기타,기타불명,기타불명,미분류,기타불명,자전거,여,75세,부상신고
2018121300100069,2018년 12월 13일 06시,목요일,인천광역시 계양구 계산동,경상사고,0,0,1,0,차대차 - 측면충돌,안전운전불이행,건조,맑음,교차로 - 교차로안,승합,남,55세,상해없음,승용,남,46세,경상
2018121300100070,2018년 12월 13일 06시,목요일,인천광역시 남동구 도림동,경상사고,0,0,1,0,차대차 - 추돌,안전운전불이행,건조,맑음,단일로 - 기타,승용,남,29세,상해없음,승용,남,58세,경상
2018121300100089,2018년 12월 13일 07시,목요일,인천광역시 중구 운남동,중상사고,0,1,1,0,차대차 - 측면충돌,신호위반,적설,흐림,교차로 - 교차로안,승용,남,29세,상해없음,승용,남,57세,경상
2018121300100090,2018년 12월 13일 07시,목요일,인천광역시 미추홀구 도화동,경상사고,0,0,1,0,차대차 - 추돌,안전운전불이행,적설,흐림,단일로 - 기타,승용,남,41세,상해없음,승용,남,26세,경상
2018121300100129,2018년 12월 13일 08시,목요일,인천광역시 중구 운남동,경상사고,0,0,1,0,차량단독 - 공작물충돌,안전운전불이행,적설,맑음,교차로 - 교차로안,승용,남,69세,상해없음,,,,
2018121300100130,2018년 12월 13일 08시,목요일,인천광역시 남동구 구월동,경상사고,0,0,3,0,차대차 - 기타,교차로운행방법위반,적설,눈,교차로 - 교차로안,승용,남,41세,경상,승용,여,30세,경상
2018121300100131,2018년 12월 13일 08시,목요일,인천광역시 서구 백석동,경상사고,0,0,1,0,차대차 - 측면충돌,안전운전불이행,건조,맑음,교차로 - 교차로안,특수,남,48세,상해없음,화물,남,45세,경상
2018121300100132,2018년 12월 13일 08시,목요일,인천광역시 계양구 효성동,경상사고,0,0,2,0,차대차 - 추돌,안전운전불이행,서리/결빙,눈,단일로 - 기타,승용,여,45세,상해없음,승용,남,35세,경상
2018121300100133,2018년 12월 13일 08시,목요일,인천광역시 연수구 송도동,부상신고사고,0,0,0,2,차대차 - 추돌,안전운전불이행,서리/결빙,눈,교차로 - 교차로부근,화물,남,30세,상해없음,승용,남,21세,부상신고
2018121300100134,2018년 12월 13일 08시,목요일,인천광역시 연수구 청학동,경상사고,0,0,1,0,차대차 - 기타,안전운전불이행,서리/결빙,눈,단일로 - 기타,승용,남,41세,상해없음,승용,남,55세,경상
2018121300100135,2018년 12월 13일 08시,목요일,인천광역시 연수구 연수동,경상사고,0,0,1,0,차대차 - 추돌,안전운전불이행,젖음/습기,눈,교차로 - 교차로부근,승용,여,31세,기타불명,승용,여,39세,경상
2018121300100136,2018년 12월 13일 08시,목요일,인천광역시 남동구 고잔동,경상사고,0,0,1,0,차대차 - 추돌,안전운전불이행,건조,맑음,교차로 - 교차로부근,화물,남,25세,상해없음,승용,여,48세,경상
2018121300100137,2018년 12월 13일 08시,목요일,인천광역시 남동구 고잔동,경상사고,0,0,1,0,차대사람 - 횡단중,신호위반,서리/결빙,눈,교차로 - 교차로횡단보도내,승용,남,65세,상해없음,보행자,여,47세,경상
2018121300100138,2018년 12월 13일 08시,목요일,인천광역시 남동구 고잔동,경상사고,0,0,1,0,차대차 - 측면충돌,안전거리미확보,적설,눈,단일로 - 기타,승용,남,49세,상해없음,승용,남,51세,경상
2018121300100187,2018년 12월 13일 09시,목요일,인천광역시 중구 신흥동1가,중상사고,0,1,1,0,차대차 - 측면충돌,안전운전불이행,적설,눈,교차로 - 교차로부근,승합,남,37세,상해없음,승용,남,27세,중상
2018121300100188,2018년 12월 13일 09시,목요일,인천광역시 미추홀구 주안동,경상사고,0,0,1,0,차대차 - 추돌,안전운전불이행,서리/결빙,기타,교차로 - 교차로부근,승용,남,39세,상해없음,화물,남,53세,경상
2018121300100189,2018년 12월 13일 09시,목요일,인천광역시 미추홀구 도화동,경상사고,0,0,1,0,차대차 - 측면충돌,안전운전불이행,적설,눈,교차로 - 교차로안,승용,남,56세,기타불명,화물,남,59세,경상
2018121300100190,2018년 12월 13일 09시,목요일,인천광역시 서구 가정동,경상사고,0,0,1,0,차대사람 - 횡단중,안전운전불이행,젖음/습기,눈,교차로 - 교차로부근,화물,남,58세,상해없음,보행자,남,68세,경상
2018121300100191,2018년 12월 13일 09시,목요일,인천광역시 서구 가좌동,중상사고,0,1,0,0,차대차 - 기타,안전운전불이행,적설,눈,기타 - 기타,화물,남,61세,상해없음,승용,남,62세,중상
2018121300100235,2018년 12월 13일 10시,목요일,인천광역시 연수구 동춘동,경상사고,0,0,1,0,차대차 - 추돌,안전거리미확보,서리/결빙,눈,단일로 - 기타,승용,남,39세,상해없음,승용,여,33세,경상
2018121300100236,2018년 12월 13일 10시,목요일,인천광역시 연수구 선학동,경상사고,0,0,2,0,차대차 - 추돌,안전운전불이행,적설,눈,교차로 - 교차로부근,승용,여,59세,상해없음,승용,남,60세,경상