사고번호,사고일시,요일,시군구,사고내용,사망자수,중상자수,경상자수,부상신고자수,사고유형,법규위반,노면상태,기상상태,도로형태,가해운전자 차종,가해운전자 성별,가해운전자 연령,가해운전자 상해정도,피해운전자 차종,피해운전자 성별,피해운전자 연령,피해운전자 상해정도
2018122500100192,2018년 12월 25일 14시,화요일,인천광역시 서구 청라동,중상사고,0,1,1,0,차대차 - 측면충돌,신호위반,건조,맑음,기타 - 기타,승용,여,46세,상해없음,승용,남,36세,중상
2018122500100219,2018년 12월 25일 15시,화요일,인천광역시 남동구 논현동,경상사고,0,0,1,0,차량단독 - 기타,안전운전불이행,건조,맑음,단일로 - 기타,승합,남,67세,상해없음,,,,
2018122500100268,2018년 12월 25일 17시,화요일,인천광역시 서구 가좌동,경상사고,0,0,1,0,차량단독 - 공작물충돌,안전운전불이행,건조,맑음,단일로 - 기타,이륜,남,21세,경상,,,,
2018122500100306,2018년 12월 25일 18시,화요일,인천광역시 미추홀구 주안동,부상신고사고,0,0,0,1,차량단독 - 기타,안전운전불이행,서리/결빙,맑음,단일로 - 기타,이륜,남,18세,부상신고,,,,
2018122500100307,2018년 12월 25일 18시,화요일,인천광역시 남동구 장수동,경상사고,0,0,2,0,차대차 - 추돌,안전운전불이행,건조,맑음,단일로 - 기타,화물,남,52세,상해없음,승용,남,46세,경상
2018122500100359,2018년 12월 25일 20시,화요일,인천광역시 서구 심곡동,부상신고사고,0,0,0,1,차대차 - 기타,안전운전불이행,건조,맑음,교차로 - 교차로안,기타불명,기타불명,미분류,기타불명,이륜,남,45세,부상신고
2018122500100386,2018년 12월 25일 21시,화요일,인천광역시 미추홀구 주안동,부상신고사고,0,0,0,1,차량단독 - 전도전복 - 전도,안전운전불이행,건조,맑음,단일로 - 기타,이륜,남,25세,부상신고,미분류,미분류,미분류,미분류
2018122500100407,2018년 12월 25일 22시,화요일,인천광역시 계양구 효성동,경상사고,0,0,2,0,차대차 - 추돌,안전운전불이행,건조,맑음,교차로 - 교차로부근,승용,남,62세,상해없음,승용,남,28세,경상
2018122500100420,2018년 12월 25일 23시,화요일,인천광역시 계양구 작전동,중상사고,0,1,0,0,차대차 - 추돌,안전운전불이행,젖음/습기,맑음,단일로 - 기타,승용,남,31세,상해없음,승용,남,25세,중상
2018122600100053,2018년 12월 26일 05시,수요일,인천광역시 중구 운서동,경상사고,0,0,3,0,차대차 - 측면충돌,안전운전불이행,건조,맑음,단일로 - 기타,승용,남,20세,상해없음,승용,여,55세,경상
2018122600100054,2018년 12월 26일 05시,수요일,인천광역시 미추홀구 학익동,사망사고,1,0,0,1,차대차 - 추돌,안전운전불이행,건조,맑음,단일로 - 교량,화물,남,54세,사망,특수,남,68세,부상신고
2018122600100082,2018년 12월 26일 07시,수요일,인천광역시 부평구 부평동,경상사고,0,0,1,0,차대차 - 기타,안전운전불이행,건조,맑음,교차로 - 교차로안,승용,남,22세,상해없음,승용,남,42세,경상
2018122600100114,2018년 12월 26일 08시,수요일,인천광역시 남동구 간석동,경상사고,0,0,2,0,차대차 - 기타,안전운전불이행,건조,맑음,기타 - 기타,승용,남,43세,상해없음,승합,남,41세,경상
2018122600100115,2018년 12월 26일 08시,수요일,인천광역시 서구 신현동,경상사고,0,0,1,0,차대차 - 추돌,안전운전불이행,건조,맑음,단일로 - 기타,승용,남,43세,상해없음,승용,남,31세,경상
2018122600100116,2018년 12월 26일 08시,수요일,인천광역시 계양구 갈현동,경상사고,0,0,2,0,차대차 - 추돌,안전운전불이행,건조,맑음,기타 - 기타,승합,남,41세,상해없음,승용,남,57세,경상
2018122600100190,2018년 12월 26일 11시,수요일,인천광역시 서구 가좌동,경상사고,0,0,1,0,차대차 - 추돌,안전운전불이행,건조,맑음,교차로 - 교차로안,승용,남,25세,상해없음,승용,여,51세,경상
2018122600100191,2018년 12월 26일 11시,수요일,인천광역시 서구 당하동,중상사고,0,1,0,0,차대사람 - 횡단중,신호위반,건조,맑음,단일로 - 기타,승합,남,75세,상해없음,보행자,여,38세,중상
2018122600100192,2018년 12월 26일 11시,수요일,인천광역시 계양구 용종동,경상사고,0,0,2,0,차대차 - 추돌,안전거리미확보,건조,맑음,교차로 - 교차로부근,화물,남,30세,상해없음,승합,남,30세,경상
2018122600100193,2018년 12월 26일 11시,수요일,인천광역시 남동구 고잔동,경상사고,0,0,1,0,차대차 - 측면충돌,안전거리미확보,건조,맑음,단일로 - 기타,특수,남,44세,상해없음,승용,여,51세,경상
2018122600100234,2018년 12월 26일 12시,수요일,인천광역시 남동구 구월동,부상신고사고,0,0,0,1,차대차 - 추돌,안전운전불이행,건조,맑음,단일로 - 기타,화물,남,42세,상해없음,승용,남,31세,부상신고
2018122600100259,2018년 12월 26일 13시,수요일,인천광역시 부평구 부평동,경상사고,0,0,1,0,차대차 - 기타,차로위반,건조,맑음,단일로 - 기타,승용,남,47세,상해없음,승용,남,39세,경상
2018122600100260,2018년 12월 26일 13시,수요일,인천광역시 남동구 구월동,경상사고,0,0,1,0,차대차 - 추돌,안전운전불이행,건조,맑음,교차로 - 교차로안,승합,남,48세,상해없음,승용,남,43세,경상
2018122600100307,2018년 12월 26일 14시,수요일,인천광역시 남동구 만수동,경상사고,0,0,3,0,차대차 - 측면충돌,교차로운행방법위반,건조,맑음,교차로 - 교차로안,화물,여,53세,상해없음,승용,여,48세,경상
2018122600100340,2018년 12월 26일 15시,수요일,인천광역시 부평구 갈산동,경상사고,0,0,1,0,차대차 - 추돌,안전운전불이행,건조,맑음,단일로 - 기타,승용,남,64세,상해없음,승용,남,56세,경상
2018122600100453,2018년 12월 26일 18시,수요일,인천광역시 남동구 고잔동,경상사고,0,0,1,0,차대차 - 추돌,안전운전불이행,건조,맑음,교차로 - 교차로부근,승용,남,42세,상해없음,승용,남,37세,경상
2018122600100493,2018년 12월 26일 19시,수요일,인천광역시 남동구 구월동,경상사고,0,0,2,0,차대차 - 기타,신호위반,건조,맑음,교차로 - 교차로안,이륜,남,39세,상해없음,승합,남,63세,상해없음
2018122600100522,2018년 12월 26일 20시,수요일,인천광역시 남동구 남촌동,경상사고,0,0,1,0,차대차 - 측면충돌,안전운전불이행,건조,맑음,단일로 - 기타,승용,남,44세,상해없음,자전거,남,54세,경상
2018122700100036,2018년 12월 27일 01시,목요일,인천광역시 미추홀구 주안동,중상사고,0,1,0,0,차대사람 - 횡단중,안전운전불이행,건조,맑음,교차로 - 교차로횡단보도내,승용,남,72세,상해없음,보행자,남,44세,중상
2018122700100037,2018년 12월 27일 01시,목요일,인천광역시 서구 마전동,중상사고,0,1,0,0,차대사람 - 횡단중,안전운전불이행,건조,맑음,교차로 - 교차로횡단보도내,이륜,남,16세,기타불명,보행자,여,51세,중상
2018122700100038,2018년 12월 27일 01시,목요일,인천광역시 서구 가정동,중상사고,0,1,2,0,차대차 - 측면충돌,신호위반,건조,맑음,교차로 - 교차로안,화물,남,46세,상해없음,승용,남,64세,경상
2018122700100039,2018년 12월 27일 01시,목요일,인천광역시 계양구 임학동,경상사고,0,0,1,0,차대사람 - 기타,안전운전불이행,건조,맑음,교차로 - 교차로부근,승용,남,47세,상해없음,보행자,남,26세,경상
2018122700100040,2018년 12월 27일 01시,목요일,인천광역시 남동구 남촌동,경상사고,0,0,2,0,차대차 - 추돌,안전운전불이행,건조,맑음,단일로 - 기타,승용,남,42세,상해없음,승용,남,25세,경상
2018122700100057,2018년 12월 27일 03시,목요일,인천광역시 부평구 부개동,경상사고,0,0,1,0,차대차 - 기타,안전운전불이행,건조,맑음,교차로 - 교차로안,승용,남,26세,경상,승용,남,63세,상해없음
2018122700100074,2018년 12월 27일 05시,목요일,인천광역시 서구 가정동,경상사고,0,0,1,0,차대사람 - 횡단중,보행자보호의무위반,건조,맑음,교차로 - 교차로횡단보도내,화물,남,63세,상해없음,보행자,남,18세,경상
2018122700100133,2018년 12월 27일 08시,목요일,인천광역시 부평구 부평동,중상사고,0,1,0,0,차대사람 - 횡단중,보행자보호의무위반,건조,맑음,교차로 - 교차로부근,승용,남,59세,상해없음,보행자,여,60세,중상
2018122700100134,2018년 12월 27일 08시,목요일,인천광역시 서구 불로동,경상사고,0,0,1,0,차대사람 - 횡단중,안전운전불이행,건조,맑음,교차로 - 교차로부근,승용,여,33세,상해없음,보행자,여,17세,경상
2018122700100168,2018년 12월 27일 09시,목요일,인천광역시 서구 원창동,경상사고,0,0,2,0,차대차 - 측면충돌,안전운전불이행,건조,맑음,교차로 - 교차로안,승합,남,52세,상해없음,승용,여,52세,경상
2018122700100189,2018년 12월 27일 10시,목요일,인천광역시 중구 신흥동3가,부상신고사고,0,0,0,1,차대차 - 기타,안전운전불이행,건조,맑음,교차로 - 교차로안,승용,남,69세,상해없음,승용,남,32세,부상신고
2018122700100216,2018년 12월 27일 11시,목요일,인천광역시 계양구 서운동,경상사고,0,0,1,0,차대차 - 측면충돌,신호위반,건조,맑음,교차로 - 교차로안,승용,여,50세,상해없음,승용,남,38세,경상
2018122700100303,2018년 12월 27일 14시,목요일,인천광역시 미추홀구 용현동,경상사고,0,0,1,0,차대차 - 측면충돌,안전운전불이행,건조,맑음,교차로 - 교차로안,승용,남,29세,상해없음,승합,남,54세,경상
2018122700100331,2018년 12월 27일 15시,목요일,인천광역시 연수구 연수동,경상사고,0,0,1,0,차대차 - 측면충돌,안전운전불이행,건조,맑음,단일로 - 기타,건설기계,남,54세,상해없음,승용,남,51세,경상
2018122700100467,2018년 12월 27일 18시,목요일,인천광역시 남동구 남촌동,경상사고,0,0,2,0,차대차 - 측면충돌,안전운전불이행,건조,맑음,교차로 - 교차로부근,화물,남,57세,상해없음,승용,남,47세,경상
2018122700100514,2018년 12월 27일 19시,목요일,인천광역시 남동구 만수동,경상사고,0,0,1,0,차대사람 - 횡단중,안전운전불이행,건조,맑음,교차로 - 교차로안,승용,남,43세,상해없음,보행자,여,13세,경상
2018122700100515,2018년 12월 27일 19시,목요일,인천광역시 서구 가정동,경상사고,0,0,2,0,차대차 - 측면충돌,안전운전불이행,건조,맑음,교차로 - 교차로부근,승용,남,28세,상해없음,승용,여,60세,경상
2018122700100516,2018년 12월 27일 19시,목요일,인천광역시 부평구 부개동,경상사고,0,0,1,0,차량단독 - 기타,안전운전불이행,건조,맑음,단일로 - 기타,승합,남,55세,상해없음,,,,
2018122800100013,2018년 12월 28일 00시,금요일,인천광역시 부평구 갈산동,중상사고,0,1,0,0,차대차 - 정면충돌,중앙선침범,건조,맑음,단일로 - 기타,승용,남,29세,상해없음,승용,남,58세,중상
2018122800100014,2018년 12월 28일 00시,금요일,인천광역시 남동구 고잔동,경상사고,0,0,1,0,차대차 - 측면충돌,안전운전불이행,건조,맑음,단일로 - 기타,승용,남,45세,상해없음,승용,남,53세,경상
2018122800100026,2018년 12월 28일 01시,금요일,인천광역시 미추홀구 용현동,중상사고,0,1,0,0,차대사람 - 기타,보행자보호의무위반,건조,맑음,교차로 - 교차로안,화물,남,54세,상해없음,보행자,남,58세,중상
2018122800100027,2018년 12월 28일 01시,금요일,인천광역시 서구 백석동,중상사고,0,1,0,0,차대차 - 추돌,안전거리미확보,건조,맑음,교차로 - 교차로안,승용,남,33세,상해없음,농기계,남,68세,중상
2018122800100034,2018년 12월 28일 02시,금요일,인천광역시 서구 왕길동,중상사고,0,1,0,0,차대사람 - 횡단중,안전운전불이행,건조,맑음,교차로 - 교차로횡단보도내,승용,남,36세,상해없음,보행자,여,64세,중상
2018122800100120,2018년 12월 28일 08시,금요일,인천광역시 미추홀구 주안동,부상신고사고,0,0,0,1,차대사람 - 기타,안전운전불이행,건조,맑음,단일로 - 기타,승용,남,45세,상해없음,보행자,여,61세,부상신고
2018122800100145,2018년 12월 28일 09시,금요일,인천광역시 중구 운남동,중상사고,0,1,0,0,차대사람 - 횡단중,신호위반,건조,맑음,교차로 - 교차로횡단보도내,승용,여,65세,상해없음,보행자,여,71세,중상
2018122800100204,2018년 12월 28일 11시,금요일,인천광역시 서구 청라동,중상사고,0,1,0,0,차대차 - 측면충돌,신호위반,건조,맑음,교차로 - 교차로안,승용,남,36세,상해없음,승용,남,54세,중상
2018122800100234,2018년 12월 28일 12시,금요일,인천광역시 계양구 효성동,중상사고,0,1,1,0,차대차 - 측면충돌,신호위반,건조,맑음,교차로 - 교차로안,승용,여,67세,경상,승용,남,53세,중상
2018122800100269,2018년 12월 28일 13시,금요일,인천광역시 연수구 동춘동,중상사고,0,1,0,0,차대차 - 기타,교차로운행방법위반,건조,맑음,교차로 - 교차로안,이륜,남,39세,상해없음,이륜,남,37세,중상
2018122800100270,2018년 12월 28일 13시,금요일,인천광역시 남동구 도림동,경상사고,0,0,3,0,차대차 - 측면충돌,차로위반,건조,맑음,단일로 - 기타,승용,여,39세,경상,건설기계,남,39세,경상
2018122800100310,2018년 12월 28일 14시,금요일,인천광역시 계양구 작전동,중상사고,0,1,0,0,차대차 - 측면충돌,안전운전불이행,건조,맑음,교차로 - 교차로안,화물,남,52세,상해없음,이륜,남,37세,중상
2018122800100311,2018년 12월 28일 14시,금요일,인천광역시 계양구 병방동,부상신고사고,0,0,0,1,차대차 - 기타,안전운전불이행,건조,맑음,단일로 - 기타,승용,남,63세,상해없음,승용,남,57세,부상신고
2018122800100312,2018년 12월 28일 14시,금요일,인천광역시 연수구 옥련동,경상사고,0,0,1,0,차대차 - 측면충돌,교차로운행방법위반,건조,맑음,기타 - 기타,화물,남,59세,상해없음,승용,남,37세,경상
2018122800100356,2018년 12월 28일 15시,금요일,인천광역시 미추홀구 주안동,부상신고사고,0,0,0,1,차대차 - 기타,안전운전불이행,건조,맑음,교차로 - 교차로안,승용,남,59세,상해없음,승용,남,49세,상해없음
2018122800100357,2018년 12월 28일 15시,금요일,인천광역시 계양구 병방동,중상사고,0,1,0,0,차대사람 - 횡단중,신호위반,건조,맑음,단일로 - 기타,승용,남,65세,상해없음,보행자,여,49세,중상
2018122800100400,2018년 12월 28일 16시,금요일,인천광역시 남동구 논현동,경상사고,0,0,1,0,차대차 - 측면충돌,신호위반,건조,맑음,교차로 - 교차로부근,승용,남,53세,상해없음,승합,여,62세,경상
2018122800100433,2018년 12월 28일 17시,금요일,인천광역시 서구 가좌동,경상사고,0,0,2,0,차대차 - 추돌,안전운전불이행,건조,맑음,교차로 - 교차로부근,승용,남,54세,상해없음,화물,남,49세,경상
2018122800100486,2018년 12월 28일 18시,금요일,인천광역시 미추홀구 용현동,경상사고,0,0,1,0,차대차 - 측면충돌,안전운전불이행,건조,맑음,단일로 - 기타,승용,여,70세,상해없음,승용,남,38세,경상
2018122800100487,2018년 12월 28일 18시,금요일,인천광역시 남동구 간석동,경상사고,0,0,1,0,차대차 - 측면충돌,안전운전불이행,건조,맑음,교차로 - 교차로부근,이륜,남,17세,경상,승용,남,53세,상해없음
2018122800100488,2018년 12월 28일 18시,금요일,인천광역시 남동구 서창동,경상사고,0,0,1,0,차대사람 - 보도통행중,보행자보호의무위반,건조,맑음,교차로 - 교차로안,화물,남,57세,상해없음,보행자,여,29세,경상
2018122800100527,2018년 12월 28일 19시,금요일,인천광역시 중구 덕교동,경상사고,0,0,4,0,차량단독 - 공작물충돌,안전운전불이행,건조,맑음,단일로 - 기타,승용,여,63세,상해없음,,,,
2018122800100528,2018년 12월 28일 19시,금요일,인천광역시 연수구 동춘동,중상사고,0,1,0,0,차대차 - 측면충돌,안전운전불이행,건조,맑음,단일로 - 기타,이륜,남,51세,상해없음,자전거,여,47세,중상
2018122800100565,2018년 12월 28일 20시,금요일,인천광역시 서구 신현동,중상사고,0,1,0,0,차대차 - 측면충돌,안전운전불이행,건조,맑음,교차로 - 교차로부근,승용,남,54세,상해없음,이륜,남,28세,중상
2018122800100666,2018년 12월 28일 23시,금요일,인천광역시 동구 송림동,경상사고,0,0,1,0,차대차 - 측면충돌,안전운전불이행,건조,맑음,교차로 - 교차로안,승합,남,56세,상해없음,승용,남,59세,경상
2018122800100667,2018년 12월 28일 23시,금요일,인천광역시 계양구 귤현동,중상사고,0,1,0,0,차대차 - 측면충돌,안전운전불이행,건조,맑음,단일로 - 기타,승합,남,46세,상해없음,개인형이동수단(PM),남,30세,중상
2018122900100024,2018년 12월 29일 00시,토요일,인천광역시 남동구 구월동,중상사고,0,2,0,0,차대차 - 추돌,안전운전불이행,건조,맑음,교차로 - 교차로안,승용,남,53세,상해없음,승용,남,60세,중상
2018122900100056,2018년 12월 29일 03시,토요일,인천광역시 계양구 병방동,경상사고,0,0,1,0,차대차 - 추돌,안전운전불이행,건조,맑음,단일로 - 기타,승용,남,24세,상해없음,승용,여,29세,경상
2018122900100086,2018년 12월 29일 07시,토요일,인천광역시 부평구 일신동,경상사고,0,0,1,0,차대차 - 기타,안전거리미확보,건조,맑음,단일로 - 기타,승용,남,37세,상해없음,승용,남,42세,경상
2018122900100110,2018년 12월 29일 09시,토요일,인천광역시 서구 석남동,중상사고,0,1,0,0,차대사람 - 횡단중,안전운전불이행,건조,맑음,단일로 - 기타,이륜,남,39세,상해없음,보행자,남,29세,중상
2018122900100132,2018년 12월 29일 10시,토요일,인천광역시 미추홀구 도화동,경상사고,0,0,1,0,차대차 - 측면충돌,안전운전불이행,건조,맑음,기타 - 기타,승용,여,57세,상해없음,승용,남,63세,경상
2018122900100133,2018년 12월 29일 10시,토요일,인천광역시 서구 마전동,중상사고,0,1,0,0,차대사람 - 횡단중,보행자보호의무위반,건조,맑음,교차로 - 교차로안,승용,남,74세,상해없음,보행자,여,71세,중상
2018122900100134,2018년 12월 29일 10시,토요일,인천광역시 연수구 선학동,경상사고,0,0,2,0,차대차 - 측면충돌,안전운전불이행,건조,맑음,교차로 - 교차로안,건설기계,남,57세,상해없음,승합,남,55세,상해없음
2018122900100163,2018년 12월 29일 11시,토요일,인천광역시 연수구 옥련동,경상사고,0,0,1,0,차대차 - 추돌,안전운전불이행,건조,맑음,교차로 - 교차로안,승용,남,35세,상해없음,승용,남,44세,경상
2018122900100275,2018년 12월 29일 15시,토요일,인천광역시 미추홀구 학익동,부상신고사고,0,0,0,1,차대사람 - 기타,안전운전불이행,건조,맑음,기타 - 기타,승용,여,64세,상해없음,보행자,여,39세,부상신고
2018122900100276,2018년 12월 29일 15시,토요일,인천광역시 남동구 만수동,경상사고,0,0,2,0,차대차 - 추돌,안전운전불이행,건조,맑음,단일로 - 기타,승용,여,42세,상해없음,승용,남,49세,경상
2018122900100277,2018년 12월 29일 15시,토요일,인천광역시 서구 가좌동,경상사고,0,0,1,0,차대차 - 기타,안전운전불이행,건조,맑음,단일로 - 기타,승용,여,52세,상해없음,승용,남,49세,경상
2018122900100338,2018년 12월 29일 17시,토요일,인천광역시 미추홀구 주안동,경상사고,0,0,1,0,차대차 - 추돌,안전운전불이행,건조,맑음,교차로 - 교차로부근,승용,남,58세,상해없음,승용,남,66세,경상
2018122900100402,2018년 12월 29일 19시,토요일,인천광역시 부평구 청천동,중상사고,0,2,0,0,차대차 - 추돌,안전거리미확보,건조,맑음,단일로 - 교량,승용,남,46세,상해없음,승용,남,57세,중상
2018122900100427,2018년 12월 29일 20시,토요일,인천광역시 강화군 강화읍,중상사고,0,1,1,0,차대차 - 측면충돌,교차로운행방법위반,건조,맑음,교차로 - 교차로안,승용,남,47세,상해없음,승용,남,35세,중상
2018122900100450,2018년 12월 29일 21시,토요일,인천광역시 남동구 만수동,경상사고,0,0,1,0,차대차 - 기타,안전운전불이행,건조,맑음,단일로 - 기타,승용,남,27세,상해없음,승합,남,54세,상해없음
2018122900100476,2018년 12월 29일 22시,토요일,인천광역시 중구 운서동,중상사고,0,2,2,0,차대차 - 측면충돌,신호위반,건조,맑음,교차로 - 교차로안,승용,남,54세,상해없음,승용,남,54세,중상
2018122900100477,2018년 12월 29일 22시,토요일,인천광역시 연수구 동춘동,경상사고,0,0,1,0,차대차 - 측면충돌,안전운전불이행,건조,맑음,교차로 - 교차로안,승용,여,21세,상해없음,승합,남,56세,경상
2018123000100012,2018년 12월 30일 00시,일요일,인천광역시 서구 청라동,경상사고,0,0,1,0,차대차 - 측면충돌,중앙선침범,건조,맑음,단일로 - 기타,승용,남,24세,상해없음,승용,여,28세,경상
2018123000100029,2018년 12월 30일 01시,일요일,인천광역시 남동구 구월동,경상사고,0,0,2,0,차대차 - 정면충돌,중앙선침범,건조,맑음,교차로 - 교차로부근,승용,남,32세,상해없음,화물,남,37세,경상
2018123000100052,2018년 12월 30일 02시,일요일,인천광역시 부평구 부평동,경상사고,0,0,1,0,차대차 - 기타,안전운전불이행,건조,맑음,교차로 - 교차로부근,승용,남,32세,상해없음,승용,남,64세,경상
2018123000100053,2018년 12월 30일 02시,일요일,인천광역시 남동구 논현동,경상사고,0,0,1,0,차대사람 - 기타,안전운전불이행,건조,맑음,단일로 - 기타,승용,남,23세,상해없음,보행자,남,32세,경상
2018123000100065,2018년 12월 30일 04시,일요일,인천광역시 부평구 십정동,경상사고,0,0,1,0,차대차 - 추돌,안전운전불이행,건조,맑음,교차로 - 교차로부근,승용,남,30세,상해없음,승용,남,27세,경상
2018123000100101,2018년 12월 30일 08시,일요일,인천광역시 남동구 논현동,경상사고,0,0,1,0,차대사람 - 길가장자리구역통행중,안전운전불이행,건조,맑음,단일로 - 기타,승용,남,47세,상해없음,보행자,남,54세,경상
2018123000100159,2018년 12월 30일 12시,일요일,인천광역시 부평구 일신동,중상사고,0,1,3,0,차대차 - 추돌,안전운전불이행,건조,맑음,단일로 - 기타,승용,남,30세,상해없음,승용,남,49세,중상
2018123000100198,2018년 12월 30일 14시,일요일,인천광역시 남동구 간석동,경상사고,0,0,1,0,차대차 - 후진중충돌,안전운전불이행,건조,맑음,교차로 - 교차로부근,승용,남,54세,상해없음,승용,남,41세,경상
2018123000100199,2018년 12월 30일 14시,일요일,인천광역시 서구 청라동,경상사고,0,0,3,0,차대차 - 측면충돌,신호위반,건조,맑음,교차로 - 교차로안,승용,남,53세,상해없음,승용,남,38세,경상
2018123000100200,2018년 12월 30일 14시,일요일,인천광역시 남동구 남촌동,경상사고,0,0,1,0,차대차 - 기타,안전운전불이행,건조,맑음,기타 - 기타,승용,남,63세,상해없음,승용,남,23세,경상
2018123000100219,2018년 12월 30일 15시,일요일,인천광역시 부평구 갈산동,중상사고,0,1,2,0,차대차 - 정면충돌,중앙선침범,건조,맑음,단일로 - 기타,승용,남,64세,경상,승용,남,43세,상해없음
2018123000100245,2018년 12월 30일 16시,일요일,인천광역시 연수구 동춘동,경상사고,0,0,1,0,차대사람 - 기타,안전운전불이행,건조,맑음,단일로 - 기타,승용,남,57세,상해없음,보행자,여,7세,경상
2018123000100350,2018년 12월 30일 20시,일요일,인천광역시 중구 운서동,중상사고,0,1,0,0,차대차 - 측면충돌,안전거리미확보,건조,맑음,교차로 - 교차로안,승용,남,24세,상해없음,이륜,남,31세,중상
2018123000100351,2018년 12월 30일 20시,일요일,인천광역시 계양구 계산동,부상신고사고,0,0,0,1,차대차 - 측면충돌,기타,건조,맑음,단일로 - 기타,이륜,남,32세,부상신고,승용,남,27세,상해없음
2018123100100010,2018년 12월 31일 00시,월요일,인천광역시 남동구 논현동,중상사고,0,1,0,0,차대차 - 측면충돌,신호위반,건조,맑음,교차로 - 교차로안,이륜,남,17세,상해없음,승용,여,31세,중상
2018123100100016,2018년 12월 31일 01시,월요일,인천광역시 부평구 십정동,중상사고,0,2,0,0,차대차 - 정면충돌,신호위반,건조,맑음,교차로 - 교차로안,승용,남,67세,상해없음,승용,남,31세,중상
2018123100100044,2018년 12월 31일 05시,월요일,인천광역시 계양구 작전동,경상사고,0,0,1,0,차대사람 - 기타,안전운전불이행,건조,맑음,교차로 - 교차로안,승용,남,21세,상해없음,보행자,남,77세,경상
2018123100100075,2018년 12월 31일 07시,월요일,인천광역시 동구 송현동,경상사고,0,0,1,0,차대사람 - 횡단중,안전운전불이행,건조,맑음,단일로 - 기타,승용,여,37세,상해없음,보행자,남,37세,경상
2018123100100100,2018년 12월 31일 08시,월요일,인천광역시 미추홀구 주안동,경상사고,0,0,1,0,차대차 - 기타,기타,건조,맑음,단일로 - 기타,승용,남,66세,상해없음,이륜,남,27세,경상
2018123100100101,2018년 12월 31일 08시,월요일,인천광역시 연수구 송도동,경상사고,0,0,1,0,차대차 - 측면충돌,안전거리미확보,건조,맑음,단일로 - 기타,승용,남,50세,기타불명,승용,남,24세,경상
2018123100100122,2018년 12월 31일 09시,월요일,인천광역시 서구 원창동,경상사고,0,0,1,0,차대차 - 기타,안전운전불이행,건조,맑음,단일로 - 기타,건설기계,남,36세,상해없음,건설기계,남,49세,경상
2018123100100141,2018년 12월 31일 10시,월요일,인천광역시 서구 당하동,경상사고,0,0,1,0,차대차 - 기타,안전운전불이행,건조,맑음,교차로 - 교차로안,특수,남,34세,상해없음,승용,남,60세,경상
2018123100100181,2018년 12월 31일 11시,월요일,인천광역시 미추홀구 문학동,중상사고,0,1,0,0,차량단독 - 기타,기타,건조,맑음,단일로 - 기타,승합,남,42세,상해없음,,,,
2018123100100217,2018년 12월 31일 12시,월요일,인천광역시 서구 가정동,중상사고,0,1,0,0,차대차 - 정면충돌,안전운전불이행,건조,맑음,교차로 - 교차로부근,승용,남,46세,상해없음,승용,여,32세,중상
2018123100100248,2018년 12월 31일 13시,월요일,인천광역시 서구 오류동,경상사고,0,0,3,0,차대차 - 정면충돌,안전운전불이행,건조,맑음,교차로 - 교차로부근,승합,남,49세,상해없음,승용,여,61세,경상
2018123100100285,2018년 12월 31일 14시,월요일,인천광역시 부평구 부평동,경상사고,0,0,2,0,차대차 - 기타,안전운전불이행,건조,맑음,교차로 - 교차로안,승용,남,69세,상해없음,승용,남,46세,상해없음
2018123100100286,2018년 12월 31일 14시,월요일,인천광역시 계양구 계산동,중상사고,0,1,0,0,차대사람 - 기타,보행자보호의무위반,건조,맑음,단일로 - 기타,승용,남,41세,상해없음,보행자,남,84세,중상
2018123100100410,2018년 12월 31일 17시,월요일,인천광역시 부평구 부평동,경상사고,0,0,1,0,차대차 - 기타,차로위반,건조,맑음,교차로 - 교차로부근,승용,여,42세,상해없음,승용,여,59세,경상
2018123100100465,2018년 12월 31일 18시,월요일,인천광역시 서구 청라동,중상사고,0,1,0,0,차대차 - 측면충돌,안전운전불이행,건조,맑음,교차로 - 교차로부근,승용,남,54세,상해없음,이륜,남,24세,중상
2018123100100466,2018년 12월 31일 18시,월요일,인천광역시 서구 신현동,중상사고,0,1,0,0,차대사람 - 횡단중,보행자보호의무위반,건조,맑음,교차로 - 교차로횡단보도내,승용,남,44세,상해없음,보행자,여,27세,중상
2018123100100467,2018년 12월 31일 18시,월요일,인천광역시 계양구 용종동,경상사고,0,0,2,0,차대차 - 측면충돌,차로위반,건조,맑음,단일로 - 기타,화물,남,37세,상해없음,승용,남,49세,경상
2018123100100550,2018년 12월 31일 20시,월요일,인천광역시 남동구 간석동,경상사고,0,0,2,0,차대차 - 측면충돌,안전거리미확보,건조,흐림,교차로 - 교차로안,승용,남,23세,상해없음,승용,남,27세,경상
2018123100100551,2018년 12월 31일 20시,월요일,인천광역시 부평구 부평동,경상사고,0,0,1,0,차대차 - 추돌,안전운전불이행,건조,맑음,단일로 - 기타,승용,남,40세,상해없음,승용,남,58세,경상
2018123100100635,2018년 12월 31일 23시,월요일,인천광역시 서구 가정동,경상사고,0,0,2,0,차대차 - 추돌,안전운전불이행,건조,맑음,교차로 - 교차로부근,승용,남,37세,상해없음,승용,남,55세,경상